|Portal| 2026-03-01 11:39:11 [..] Loaded.
|Portal| 2026-03-01 11:39:08 [..] Loading /opt/nightcity/venv/lib/python3.12/site-packages/evennia/server/portal/portal.py...
|Portal| 2026-03-01 11:39:11 [..] Loaded.
|Portal| 2026-03-01 11:39:11 [..] twistd 24.11.0 (/opt/nightcity/venv/bin/python3 3.12.3) starting up.
|Portal| 2026-03-01 11:39:11 [..] reactor class: twisted.internet.epollreactor.EPollReactor.
|Portal| 2026-03-01 11:39:11 [..] AMP starting on 4006
|Portal| 2026-03-01 11:39:11 [..] Telnet starting on 4000
|Portal| 2026-03-01 11:39:11 [..] Websocket starting on 4005
|Portal| 2026-03-01 11:39:11 [..] Webserver-proxy starting on 4001
|Portal| 2026-03-01 11:39:12 [..] Portal starting server ... 
|Portal| 2026-03-01 11:39:17 [..] Portal starting server ... 
|Portal| 2026-03-01 11:39:31 [..] (TCP Port 4001 Closed)
|Portal| 2026-03-01 11:39:31 [..] (TCP Port 4005 Closed)
|Portal| 2026-03-01 11:39:31 [..] (TCP Port 4000 Closed)
|Portal| 2026-03-01 11:39:31 [..] (TCP Port 4006 Closed)
|Portal| 2026-03-01 11:39:31 [..] Main loop terminated.
|Portal| 2026-03-01 11:39:31 [..] Server Shut Down.
|Portal| 2026-03-01 11:39:58 [..] Loaded.
|Portal| 2026-03-01 11:39:55 [..] Loading /opt/nightcity/venv/lib/python3.12/site-packages/evennia/server/portal/portal.py...
|Portal| 2026-03-01 11:39:58 [..] Loaded.
|Portal| 2026-03-01 11:39:58 [..] twistd 24.11.0 (/opt/nightcity/venv/bin/python3 3.12.3) starting up.
|Portal| 2026-03-01 11:39:58 [..] reactor class: twisted.internet.epollreactor.EPollReactor.
|Portal| 2026-03-01 11:39:58 [..] AMP starting on 4006
|Portal| 2026-03-01 11:39:58 [..] Telnet starting on 4000
|Portal| 2026-03-01 11:39:58 [..] Websocket starting on 4005
|Portal| 2026-03-01 11:39:58 [..] Webserver-proxy starting on 4001
|Portal| 2026-03-01 11:39:58 [..] Portal starting server ... 
|Portal| 2026-03-01 11:44:24 [..] Received SIGTERM, shutting down.
|Portal| 2026-03-01 11:44:24 [..] (TCP Port 4001 Closed)
|Portal| 2026-03-01 11:44:24 [..] (TCP Port 4005 Closed)
|Portal| 2026-03-01 11:44:24 [..] (TCP Port 4000 Closed)
|Portal| 2026-03-01 11:44:24 [..] (TCP Port 4006 Closed)
|Portal| 2026-03-01 11:44:24 [..] Main loop terminated.
|Portal| 2026-03-01 11:44:24 [..] Server Shut Down.
|Portal| 2026-03-01 11:44:34 [..] Loaded.
|Portal| 2026-03-01 11:44:31 [..] Loading /opt/nightcity/venv/lib/python3.12/site-packages/evennia/server/portal/portal.py...
|Portal| 2026-03-01 11:44:34 [..] Loaded.
|Portal| 2026-03-01 11:44:34 [..] twistd 24.11.0 (/opt/nightcity/venv/bin/python3 3.12.3) starting up.
|Portal| 2026-03-01 11:44:34 [..] reactor class: twisted.internet.epollreactor.EPollReactor.
|Portal| 2026-03-01 11:44:34 [..] AMP starting on 4006
|Portal| 2026-03-01 11:44:34 [..] Telnet starting on 4000
|Portal| 2026-03-01 11:44:34 [..] Websocket starting on 4005
|Portal| 2026-03-01 11:44:34 [..] Webserver-proxy starting on 4001
|Portal| 2026-03-01 11:44:34 [..] Portal starting server ... 
|Portal| 2026-03-01 13:52:08 [!!] Unhandled Error
	Traceback (most recent call last):
	  File "/opt/nightcity/venv/lib/python3.12/site-packages/twisted/internet/posixbase.py", line 491, in _doReadOrWrite
	    why = selectable.doRead()
	  File "/opt/nightcity/venv/lib/python3.12/site-packages/twisted/internet/tcp.py", line 250, in doRead
	    return self._dataReceived(data)
	  File "/opt/nightcity/venv/lib/python3.12/site-packages/twisted/internet/tcp.py", line 255, in _dataReceived
	    rval = self.protocol.dataReceived(data)
	  File "/opt/nightcity/venv/lib/python3.12/site-packages/evennia/server/portal/telnet.py", line 105, in dataReceived
	    super().dataReceived(data)
	  File "/opt/nightcity/venv/lib/python3.12/site-packages/twisted/conch/telnet.py", line 599, in dataReceived
	    self.applicationDataReceived(b"".join(appDataBuffer))
	  File "/opt/nightcity/venv/lib/python3.12/site-packages/evennia/server/portal/telnet.py", line 334, in applicationDataReceived
	    if len(data) > 2 and _HTTP_REGEX.match(data[0]):
	builtins.TypeError: cannot use a string pattern on a bytes-like object
	
|Portal| 2026-03-01 14:35:47 [EE] Malformed telnet input: ('Stumped', b'\x01')
|Portal| 2026-03-01 17:31:42 [..] Received SIGTERM, shutting down.
|Portal| 2026-03-01 17:31:42 [..] (TCP Port 4001 Closed)
|Portal| 2026-03-01 17:31:42 [..] (TCP Port 4005 Closed)
|Portal| 2026-03-01 17:31:42 [..] (TCP Port 4000 Closed)
|Portal| 2026-03-01 17:31:42 [..] (TCP Port 4006 Closed)
|Portal| 2026-03-01 17:31:42 [..] Main loop terminated.
|Portal| 2026-03-01 17:31:42 [..] Server Shut Down.
|Portal| 2026-03-01 17:31:51 [..] Loaded.
|Portal| 2026-03-01 17:31:48 [..] Loading /opt/nightcity/venv/lib/python3.12/site-packages/evennia/server/portal/portal.py...
|Portal| 2026-03-01 17:31:51 [..] Loaded.
|Portal| 2026-03-01 17:31:51 [..] twistd 24.11.0 (/opt/nightcity/venv/bin/python3 3.12.3) starting up.
|Portal| 2026-03-01 17:31:51 [..] reactor class: twisted.internet.epollreactor.EPollReactor.
|Portal| 2026-03-01 17:31:51 [..] AMP starting on 4006
|Portal| 2026-03-01 17:31:51 [..] Telnet starting on 4000
|Portal| 2026-03-01 17:31:51 [..] Websocket starting on 4005
|Portal| 2026-03-01 17:31:51 [..] Webserver-proxy starting on 4001
|Portal| 2026-03-01 17:31:51 [..] Portal starting server ... 
|Portal| 2026-03-01 17:36:47 [..] (TCP Port 4001 Closed)
|Portal| 2026-03-01 17:36:47 [..] (TCP Port 4005 Closed)
|Portal| 2026-03-01 17:36:47 [..] (TCP Port 4000 Closed)
|Portal| 2026-03-01 17:36:47 [..] (TCP Port 4006 Closed)
|Portal| 2026-03-01 17:36:47 [..] Main loop terminated.
|Portal| 2026-03-01 17:36:47 [..] Server Shut Down.
|Portal| 2026-03-01 17:36:57 [..] Loaded.
|Portal| 2026-03-01 17:36:55 [..] Loading /opt/nightcity/venv/lib/python3.12/site-packages/evennia/server/portal/portal.py...
|Portal| 2026-03-01 17:36:57 [..] Loaded.
|Portal| 2026-03-01 17:36:57 [..] twistd 24.11.0 (/opt/nightcity/venv/bin/python3 3.12.3) starting up.
|Portal| 2026-03-01 17:36:57 [..] reactor class: twisted.internet.epollreactor.EPollReactor.
|Portal| 2026-03-01 17:36:57 [..] AMP starting on 4006
|Portal| 2026-03-01 17:36:57 [..] Telnet starting on 4000
|Portal| 2026-03-01 17:36:57 [..] Websocket starting on 4005
|Portal| 2026-03-01 17:36:57 [..] Webserver-proxy starting on 4001
|Portal| 2026-03-01 17:36:58 [..] Portal starting server ... 
|Portal| 2026-03-01 17:40:24 [..] (TCP Port 4001 Closed)
|Portal| 2026-03-01 17:40:24 [..] (TCP Port 4005 Closed)
|Portal| 2026-03-01 17:40:24 [..] (TCP Port 4000 Closed)
|Portal| 2026-03-01 17:40:24 [..] (TCP Port 4006 Closed)
|Portal| 2026-03-01 17:40:24 [..] Main loop terminated.
|Portal| 2026-03-01 17:40:24 [..] Server Shut Down.
|Portal| 2026-03-01 17:40:34 [..] Loaded.
|Portal| 2026-03-01 17:40:32 [..] Loading /opt/nightcity/venv/lib/python3.12/site-packages/evennia/server/portal/portal.py...
|Portal| 2026-03-01 17:40:34 [..] Loaded.
|Portal| 2026-03-01 17:40:34 [..] twistd 24.11.0 (/opt/nightcity/venv/bin/python3 3.12.3) starting up.
|Portal| 2026-03-01 17:40:34 [..] reactor class: twisted.internet.epollreactor.EPollReactor.
|Portal| 2026-03-01 17:40:35 [..] AMP starting on 4006
|Portal| 2026-03-01 17:40:35 [..] Telnet starting on 4000
|Portal| 2026-03-01 17:40:35 [..] Websocket starting on 4005
|Portal| 2026-03-01 17:40:35 [..] Webserver-proxy starting on 4001
|Portal| 2026-03-01 17:40:35 [..] Portal starting server ... 
|Portal| 2026-03-01 17:46:09 [..] (TCP Port 4001 Closed)
|Portal| 2026-03-01 17:46:09 [..] (TCP Port 4005 Closed)
|Portal| 2026-03-01 17:46:09 [..] (TCP Port 4000 Closed)
|Portal| 2026-03-01 17:46:09 [..] (TCP Port 4006 Closed)
|Portal| 2026-03-01 17:46:09 [..] Main loop terminated.
|Portal| 2026-03-01 17:46:09 [..] Server Shut Down.
|Portal| 2026-03-01 17:46:19 [..] Loaded.
|Portal| 2026-03-01 17:46:17 [..] Loading /opt/nightcity/venv/lib/python3.12/site-packages/evennia/server/portal/portal.py...
|Portal| 2026-03-01 17:46:19 [..] Loaded.
|Portal| 2026-03-01 17:46:19 [..] twistd 24.11.0 (/opt/nightcity/venv/bin/python3 3.12.3) starting up.
|Portal| 2026-03-01 17:46:19 [..] reactor class: twisted.internet.epollreactor.EPollReactor.
|Portal| 2026-03-01 17:46:19 [..] AMP starting on 4006
|Portal| 2026-03-01 17:46:19 [..] Telnet starting on 4000
|Portal| 2026-03-01 17:46:19 [..] Websocket starting on 4005
|Portal| 2026-03-01 17:46:19 [..] Webserver-proxy starting on 4001
|Portal| 2026-03-01 17:46:20 [..] Portal starting server ... 
|Portal| 2026-03-01 17:49:26 [..] (TCP Port 4001 Closed)
|Portal| 2026-03-01 17:49:26 [..] (TCP Port 4005 Closed)
|Portal| 2026-03-01 17:49:26 [..] (TCP Port 4000 Closed)
|Portal| 2026-03-01 17:49:26 [..] (TCP Port 4006 Closed)
|Portal| 2026-03-01 17:49:26 [..] Main loop terminated.
|Portal| 2026-03-01 17:49:26 [..] Server Shut Down.
|Portal| 2026-03-01 17:49:35 [..] Loaded.
|Portal| 2026-03-01 17:49:32 [..] Loading /opt/nightcity/venv/lib/python3.12/site-packages/evennia/server/portal/portal.py...
|Portal| 2026-03-01 17:49:35 [..] Loaded.
|Portal| 2026-03-01 17:49:35 [..] twistd 24.11.0 (/opt/nightcity/venv/bin/python3 3.12.3) starting up.
|Portal| 2026-03-01 17:49:35 [..] reactor class: twisted.internet.epollreactor.EPollReactor.
|Portal| 2026-03-01 17:49:35 [..] AMP starting on 4006
|Portal| 2026-03-01 17:49:35 [..] Telnet starting on 4000
|Portal| 2026-03-01 17:49:35 [..] Websocket starting on 4005
|Portal| 2026-03-01 17:49:35 [..] Webserver-proxy starting on 4001
|Portal| 2026-03-01 17:49:36 [..] Portal starting server ... 
|Portal| 2026-03-01 17:53:21 [..] (TCP Port 4001 Closed)
|Portal| 2026-03-01 17:53:21 [..] (TCP Port 4005 Closed)
|Portal| 2026-03-01 17:53:21 [..] (TCP Port 4000 Closed)
|Portal| 2026-03-01 17:53:21 [..] (TCP Port 4006 Closed)
|Portal| 2026-03-01 17:53:21 [..] Main loop terminated.
|Portal| 2026-03-01 17:53:21 [..] Server Shut Down.
|Portal| 2026-03-01 17:53:31 [..] Loaded.
|Portal| 2026-03-01 17:53:28 [..] Loading /opt/nightcity/venv/lib/python3.12/site-packages/evennia/server/portal/portal.py...
|Portal| 2026-03-01 17:53:31 [..] Loaded.
|Portal| 2026-03-01 17:53:31 [..] twistd 24.11.0 (/opt/nightcity/venv/bin/python3 3.12.3) starting up.
|Portal| 2026-03-01 17:53:31 [..] reactor class: twisted.internet.epollreactor.EPollReactor.
|Portal| 2026-03-01 17:53:31 [..] AMP starting on 4006
|Portal| 2026-03-01 17:53:31 [..] Telnet starting on 4000
|Portal| 2026-03-01 17:53:31 [..] Websocket starting on 4005
|Portal| 2026-03-01 17:53:31 [..] Webserver-proxy starting on 4001
|Portal| 2026-03-01 17:53:32 [..] Portal starting server ... 
|Portal| 2026-03-01 17:56:53 [..] (TCP Port 4001 Closed)
|Portal| 2026-03-01 17:56:53 [..] (TCP Port 4005 Closed)
|Portal| 2026-03-01 17:56:53 [..] (TCP Port 4000 Closed)
|Portal| 2026-03-01 17:56:53 [..] (TCP Port 4006 Closed)
|Portal| 2026-03-01 17:56:53 [..] Main loop terminated.
|Portal| 2026-03-01 17:56:53 [..] Server Shut Down.
|Portal| 2026-03-01 17:57:03 [..] Loaded.
|Portal| 2026-03-01 17:57:00 [..] Loading /opt/nightcity/venv/lib/python3.12/site-packages/evennia/server/portal/portal.py...
|Portal| 2026-03-01 17:57:03 [..] Loaded.
|Portal| 2026-03-01 17:57:03 [..] twistd 24.11.0 (/opt/nightcity/venv/bin/python3 3.12.3) starting up.
|Portal| 2026-03-01 17:57:03 [..] reactor class: twisted.internet.epollreactor.EPollReactor.
|Portal| 2026-03-01 17:57:03 [..] AMP starting on 4006
|Portal| 2026-03-01 17:57:03 [..] Telnet starting on 4000
|Portal| 2026-03-01 17:57:03 [..] Websocket starting on 4005
|Portal| 2026-03-01 17:57:03 [..] Webserver-proxy starting on 4001
|Portal| 2026-03-01 17:57:03 [..] Portal starting server ... 
|Portal| 2026-03-01 18:04:21 [..] (TCP Port 4001 Closed)
|Portal| 2026-03-01 18:04:21 [..] (TCP Port 4005 Closed)
|Portal| 2026-03-01 18:04:21 [..] (TCP Port 4000 Closed)
|Portal| 2026-03-01 18:04:21 [..] (TCP Port 4006 Closed)
|Portal| 2026-03-01 18:04:21 [..] Main loop terminated.
|Portal| 2026-03-01 18:04:21 [..] Server Shut Down.
|Portal| 2026-03-01 18:04:31 [..] Loaded.
|Portal| 2026-03-01 18:04:28 [..] Loading /opt/nightcity/venv/lib/python3.12/site-packages/evennia/server/portal/portal.py...
|Portal| 2026-03-01 18:04:31 [..] Loaded.
|Portal| 2026-03-01 18:04:31 [..] twistd 24.11.0 (/opt/nightcity/venv/bin/python3 3.12.3) starting up.
|Portal| 2026-03-01 18:04:31 [..] reactor class: twisted.internet.epollreactor.EPollReactor.
|Portal| 2026-03-01 18:04:31 [..] AMP starting on 4006
|Portal| 2026-03-01 18:04:31 [..] Telnet starting on 4000
|Portal| 2026-03-01 18:04:31 [..] Websocket starting on 4005
|Portal| 2026-03-01 18:04:31 [..] Webserver-proxy starting on 4001
|Portal| 2026-03-01 18:04:32 [..] Portal starting server ... 
|Portal| 2026-03-01 23:37:14 [!!] Unhandled Error
	Traceback (most recent call last):
	  File "/opt/nightcity/venv/lib/python3.12/site-packages/twisted/internet/posixbase.py", line 491, in _doReadOrWrite
	    why = selectable.doRead()
	  File "/opt/nightcity/venv/lib/python3.12/site-packages/twisted/internet/tcp.py", line 250, in doRead
	    return self._dataReceived(data)
	  File "/opt/nightcity/venv/lib/python3.12/site-packages/twisted/internet/tcp.py", line 255, in _dataReceived
	    rval = self.protocol.dataReceived(data)
	  File "/opt/nightcity/venv/lib/python3.12/site-packages/evennia/server/portal/telnet.py", line 105, in dataReceived
	    super().dataReceived(data)
	  File "/opt/nightcity/venv/lib/python3.12/site-packages/twisted/conch/telnet.py", line 599, in dataReceived
	    self.applicationDataReceived(b"".join(appDataBuffer))
	  File "/opt/nightcity/venv/lib/python3.12/site-packages/evennia/server/portal/telnet.py", line 334, in applicationDataReceived
	    if len(data) > 2 and _HTTP_REGEX.match(data[0]):
	builtins.TypeError: cannot use a string pattern on a bytes-like object
	
|Portal| 2026-03-01 23:39:33 [!!] Unhandled Error
	Traceback (most recent call last):
	  File "/opt/nightcity/venv/lib/python3.12/site-packages/twisted/internet/posixbase.py", line 491, in _doReadOrWrite
	    why = selectable.doRead()
	  File "/opt/nightcity/venv/lib/python3.12/site-packages/twisted/internet/tcp.py", line 250, in doRead
	    return self._dataReceived(data)
	  File "/opt/nightcity/venv/lib/python3.12/site-packages/twisted/internet/tcp.py", line 255, in _dataReceived
	    rval = self.protocol.dataReceived(data)
	  File "/opt/nightcity/venv/lib/python3.12/site-packages/evennia/server/portal/telnet.py", line 105, in dataReceived
	    super().dataReceived(data)
	  File "/opt/nightcity/venv/lib/python3.12/site-packages/twisted/conch/telnet.py", line 599, in dataReceived
	    self.applicationDataReceived(b"".join(appDataBuffer))
	  File "/opt/nightcity/venv/lib/python3.12/site-packages/evennia/server/portal/telnet.py", line 334, in applicationDataReceived
	    if len(data) > 2 and _HTTP_REGEX.match(data[0]):
	builtins.TypeError: cannot use a string pattern on a bytes-like object
	
|Portal| 2026-03-01 23:48:12 [!!] Unhandled Error
	Traceback (most recent call last):
	  File "/opt/nightcity/venv/lib/python3.12/site-packages/twisted/internet/posixbase.py", line 491, in _doReadOrWrite
	    why = selectable.doRead()
	  File "/opt/nightcity/venv/lib/python3.12/site-packages/twisted/internet/tcp.py", line 250, in doRead
	    return self._dataReceived(data)
	  File "/opt/nightcity/venv/lib/python3.12/site-packages/twisted/internet/tcp.py", line 255, in _dataReceived
	    rval = self.protocol.dataReceived(data)
	  File "/opt/nightcity/venv/lib/python3.12/site-packages/evennia/server/portal/telnet.py", line 105, in dataReceived
	    super().dataReceived(data)
	  File "/opt/nightcity/venv/lib/python3.12/site-packages/twisted/conch/telnet.py", line 599, in dataReceived
	    self.applicationDataReceived(b"".join(appDataBuffer))
	  File "/opt/nightcity/venv/lib/python3.12/site-packages/evennia/server/portal/telnet.py", line 334, in applicationDataReceived
	    if len(data) > 2 and _HTTP_REGEX.match(data[0]):
	builtins.TypeError: cannot use a string pattern on a bytes-like object
	
|Portal| 2026-03-01 23:52:16 [!!] Unhandled Error
	Traceback (most recent call last):
	  File "/opt/nightcity/venv/lib/python3.12/site-packages/twisted/internet/posixbase.py", line 491, in _doReadOrWrite
	    why = selectable.doRead()
	  File "/opt/nightcity/venv/lib/python3.12/site-packages/twisted/internet/tcp.py", line 250, in doRead
	    return self._dataReceived(data)
	  File "/opt/nightcity/venv/lib/python3.12/site-packages/twisted/internet/tcp.py", line 255, in _dataReceived
	    rval = self.protocol.dataReceived(data)
	  File "/opt/nightcity/venv/lib/python3.12/site-packages/evennia/server/portal/telnet.py", line 105, in dataReceived
	    super().dataReceived(data)
	  File "/opt/nightcity/venv/lib/python3.12/site-packages/twisted/conch/telnet.py", line 599, in dataReceived
	    self.applicationDataReceived(b"".join(appDataBuffer))
	  File "/opt/nightcity/venv/lib/python3.12/site-packages/evennia/server/portal/telnet.py", line 334, in applicationDataReceived
	    if len(data) > 2 and _HTTP_REGEX.match(data[0]):
	builtins.TypeError: cannot use a string pattern on a bytes-like object
	
|Portal| 2026-03-02 00:08:13 [!!] Unhandled Error
	Traceback (most recent call last):
	  File "/opt/nightcity/venv/lib/python3.12/site-packages/twisted/internet/posixbase.py", line 491, in _doReadOrWrite
	    why = selectable.doRead()
	  File "/opt/nightcity/venv/lib/python3.12/site-packages/twisted/internet/tcp.py", line 250, in doRead
	    return self._dataReceived(data)
	  File "/opt/nightcity/venv/lib/python3.12/site-packages/twisted/internet/tcp.py", line 255, in _dataReceived
	    rval = self.protocol.dataReceived(data)
	  File "/opt/nightcity/venv/lib/python3.12/site-packages/evennia/server/portal/telnet.py", line 105, in dataReceived
	    super().dataReceived(data)
	  File "/opt/nightcity/venv/lib/python3.12/site-packages/twisted/conch/telnet.py", line 599, in dataReceived
	    self.applicationDataReceived(b"".join(appDataBuffer))
	  File "/opt/nightcity/venv/lib/python3.12/site-packages/evennia/server/portal/telnet.py", line 334, in applicationDataReceived
	    if len(data) > 2 and _HTTP_REGEX.match(data[0]):
	builtins.TypeError: cannot use a string pattern on a bytes-like object
	
|Portal| 2026-03-02 00:11:28 [!!] Unhandled Error
	Traceback (most recent call last):
	  File "/opt/nightcity/venv/lib/python3.12/site-packages/twisted/internet/posixbase.py", line 491, in _doReadOrWrite
	    why = selectable.doRead()
	  File "/opt/nightcity/venv/lib/python3.12/site-packages/twisted/internet/tcp.py", line 250, in doRead
	    return self._dataReceived(data)
	  File "/opt/nightcity/venv/lib/python3.12/site-packages/twisted/internet/tcp.py", line 255, in _dataReceived
	    rval = self.protocol.dataReceived(data)
	  File "/opt/nightcity/venv/lib/python3.12/site-packages/evennia/server/portal/telnet.py", line 105, in dataReceived
	    super().dataReceived(data)
	  File "/opt/nightcity/venv/lib/python3.12/site-packages/twisted/conch/telnet.py", line 599, in dataReceived
	    self.applicationDataReceived(b"".join(appDataBuffer))
	  File "/opt/nightcity/venv/lib/python3.12/site-packages/evennia/server/portal/telnet.py", line 334, in applicationDataReceived
	    if len(data) > 2 and _HTTP_REGEX.match(data[0]):
	builtins.TypeError: cannot use a string pattern on a bytes-like object
	
|Portal| 2026-03-02 00:12:59 [EE] Malformed telnet input: ('Stumped', b'\x01')
|Portal| 2026-03-02 00:12:59 [EE] Malformed telnet input: ('Stumped', b'\x15')
|Portal| 2026-03-02 00:16:31 [EE] Malformed telnet input: ('Stumped', b'\x01')
|Portal| 2026-03-02 00:16:31 [EE] Malformed telnet input: ('Stumped', b'\x15')
|Portal| 2026-03-02 05:38:10 [EE] Malformed telnet input: ('Stumped', b'\xd6')
|Portal| 2026-03-02 05:38:10 [EE] Malformed telnet input: ('Stumped', b'\x01')
|Portal| 2026-03-02 05:38:10 [!!] Unhandled Error
	Traceback (most recent call last):
	  File "/opt/nightcity/venv/lib/python3.12/site-packages/twisted/internet/posixbase.py", line 491, in _doReadOrWrite
	    why = selectable.doRead()
	  File "/opt/nightcity/venv/lib/python3.12/site-packages/twisted/internet/tcp.py", line 250, in doRead
	    return self._dataReceived(data)
	  File "/opt/nightcity/venv/lib/python3.12/site-packages/twisted/internet/tcp.py", line 255, in _dataReceived
	    rval = self.protocol.dataReceived(data)
	  File "/opt/nightcity/venv/lib/python3.12/site-packages/evennia/server/portal/telnet.py", line 105, in dataReceived
	    super().dataReceived(data)
	  File "/opt/nightcity/venv/lib/python3.12/site-packages/twisted/conch/telnet.py", line 599, in dataReceived
	    self.applicationDataReceived(b"".join(appDataBuffer))
	  File "/opt/nightcity/venv/lib/python3.12/site-packages/evennia/server/portal/telnet.py", line 334, in applicationDataReceived
	    if len(data) > 2 and _HTTP_REGEX.match(data[0]):
	builtins.TypeError: cannot use a string pattern on a bytes-like object
	
|Portal| 2026-03-02 05:38:10 [EE] Malformed telnet input: ('Stumped', b'\xeb')
|Portal| 2026-03-02 05:38:10 [!!] Unhandled Error
	Traceback (most recent call last):
	  File "/opt/nightcity/venv/lib/python3.12/site-packages/twisted/internet/posixbase.py", line 491, in _doReadOrWrite
	    why = selectable.doRead()
	  File "/opt/nightcity/venv/lib/python3.12/site-packages/twisted/internet/tcp.py", line 250, in doRead
	    return self._dataReceived(data)
	  File "/opt/nightcity/venv/lib/python3.12/site-packages/twisted/internet/tcp.py", line 255, in _dataReceived
	    rval = self.protocol.dataReceived(data)
	  File "/opt/nightcity/venv/lib/python3.12/site-packages/evennia/server/portal/telnet.py", line 105, in dataReceived
	    super().dataReceived(data)
	  File "/opt/nightcity/venv/lib/python3.12/site-packages/twisted/conch/telnet.py", line 599, in dataReceived
	    self.applicationDataReceived(b"".join(appDataBuffer))
	  File "/opt/nightcity/venv/lib/python3.12/site-packages/evennia/server/portal/telnet.py", line 334, in applicationDataReceived
	    if len(data) > 2 and _HTTP_REGEX.match(data[0]):
	builtins.TypeError: cannot use a string pattern on a bytes-like object
	
|Portal| 2026-03-02 05:38:10 [EE] Malformed telnet input: ('Stumped', b'U')
|Portal| 2026-03-02 05:38:10 [!!] Unhandled Error
	Traceback (most recent call last):
	  File "/opt/nightcity/venv/lib/python3.12/site-packages/twisted/internet/posixbase.py", line 491, in _doReadOrWrite
	    why = selectable.doRead()
	  File "/opt/nightcity/venv/lib/python3.12/site-packages/twisted/internet/tcp.py", line 250, in doRead
	    return self._dataReceived(data)
	  File "/opt/nightcity/venv/lib/python3.12/site-packages/twisted/internet/tcp.py", line 255, in _dataReceived
	    rval = self.protocol.dataReceived(data)
	  File "/opt/nightcity/venv/lib/python3.12/site-packages/evennia/server/portal/telnet.py", line 105, in dataReceived
	    super().dataReceived(data)
	  File "/opt/nightcity/venv/lib/python3.12/site-packages/twisted/conch/telnet.py", line 599, in dataReceived
	    self.applicationDataReceived(b"".join(appDataBuffer))
	  File "/opt/nightcity/venv/lib/python3.12/site-packages/evennia/server/portal/telnet.py", line 334, in applicationDataReceived
	    if len(data) > 2 and _HTTP_REGEX.match(data[0]):
	builtins.TypeError: cannot use a string pattern on a bytes-like object
	
|Portal| 2026-03-02 05:38:10 [EE] Malformed telnet input: ('Stumped', b'\x01')
|Portal| 2026-03-02 05:38:10 [!!] Unhandled Error
	Traceback (most recent call last):
	  File "/opt/nightcity/venv/lib/python3.12/site-packages/twisted/internet/posixbase.py", line 491, in _doReadOrWrite
	    why = selectable.doRead()
	  File "/opt/nightcity/venv/lib/python3.12/site-packages/twisted/internet/tcp.py", line 250, in doRead
	    return self._dataReceived(data)
	  File "/opt/nightcity/venv/lib/python3.12/site-packages/twisted/internet/tcp.py", line 255, in _dataReceived
	    rval = self.protocol.dataReceived(data)
	  File "/opt/nightcity/venv/lib/python3.12/site-packages/evennia/server/portal/telnet.py", line 105, in dataReceived
	    super().dataReceived(data)
	  File "/opt/nightcity/venv/lib/python3.12/site-packages/twisted/conch/telnet.py", line 599, in dataReceived
	    self.applicationDataReceived(b"".join(appDataBuffer))
	  File "/opt/nightcity/venv/lib/python3.12/site-packages/evennia/server/portal/telnet.py", line 334, in applicationDataReceived
	    if len(data) > 2 and _HTTP_REGEX.match(data[0]):
	builtins.TypeError: cannot use a string pattern on a bytes-like object
	
|Portal| 2026-03-02 05:38:10 [!!] Unhandled Error
	Traceback (most recent call last):
	  File "/opt/nightcity/venv/lib/python3.12/site-packages/twisted/internet/posixbase.py", line 491, in _doReadOrWrite
	    why = selectable.doRead()
	  File "/opt/nightcity/venv/lib/python3.12/site-packages/twisted/internet/tcp.py", line 250, in doRead
	    return self._dataReceived(data)
	  File "/opt/nightcity/venv/lib/python3.12/site-packages/twisted/internet/tcp.py", line 255, in _dataReceived
	    rval = self.protocol.dataReceived(data)
	  File "/opt/nightcity/venv/lib/python3.12/site-packages/evennia/server/portal/telnet.py", line 105, in dataReceived
	    super().dataReceived(data)
	  File "/opt/nightcity/venv/lib/python3.12/site-packages/twisted/conch/telnet.py", line 599, in dataReceived
	    self.applicationDataReceived(b"".join(appDataBuffer))
	  File "/opt/nightcity/venv/lib/python3.12/site-packages/evennia/server/portal/telnet.py", line 334, in applicationDataReceived
	    if len(data) > 2 and _HTTP_REGEX.match(data[0]):
	builtins.TypeError: cannot use a string pattern on a bytes-like object
	
|Portal| 2026-03-02 06:18:41 [!!] Unhandled Error
	Traceback (most recent call last):
	  File "/opt/nightcity/venv/lib/python3.12/site-packages/twisted/internet/posixbase.py", line 491, in _doReadOrWrite
	    why = selectable.doRead()
	  File "/opt/nightcity/venv/lib/python3.12/site-packages/twisted/internet/tcp.py", line 250, in doRead
	    return self._dataReceived(data)
	  File "/opt/nightcity/venv/lib/python3.12/site-packages/twisted/internet/tcp.py", line 255, in _dataReceived
	    rval = self.protocol.dataReceived(data)
	  File "/opt/nightcity/venv/lib/python3.12/site-packages/evennia/server/portal/telnet.py", line 105, in dataReceived
	    super().dataReceived(data)
	  File "/opt/nightcity/venv/lib/python3.12/site-packages/twisted/conch/telnet.py", line 599, in dataReceived
	    self.applicationDataReceived(b"".join(appDataBuffer))
	  File "/opt/nightcity/venv/lib/python3.12/site-packages/evennia/server/portal/telnet.py", line 334, in applicationDataReceived
	    if len(data) > 2 and _HTTP_REGEX.match(data[0]):
	builtins.TypeError: cannot use a string pattern on a bytes-like object
	
|Portal| 2026-03-02 06:18:41 [EE] Malformed telnet input: ('Stumped', b'\x01')
|Portal| 2026-03-02 06:18:41 [EE] Malformed telnet input: ('Stumped', b'\x15')
|Portal| 2026-03-02 08:59:23 [..] (TCP Port 4001 Closed)
|Portal| 2026-03-02 08:59:23 [..] (TCP Port 4005 Closed)
|Portal| 2026-03-02 08:59:23 [..] (TCP Port 4000 Closed)
|Portal| 2026-03-02 08:59:23 [..] (TCP Port 4006 Closed)
|Portal| 2026-03-02 08:59:23 [..] Main loop terminated.
|Portal| 2026-03-02 08:59:23 [..] Server Shut Down.
|Portal| 2026-03-02 08:59:34 [..] Loaded.
|Portal| 2026-03-02 08:59:31 [..] Loading /opt/nightcity/venv/lib/python3.12/site-packages/evennia/server/portal/portal.py...
|Portal| 2026-03-02 08:59:34 [..] Loaded.
|Portal| 2026-03-02 08:59:34 [..] twistd 24.11.0 (/opt/nightcity/venv/bin/python3 3.12.3) starting up.
|Portal| 2026-03-02 08:59:34 [..] reactor class: twisted.internet.epollreactor.EPollReactor.
|Portal| 2026-03-02 08:59:34 [..] AMP starting on 4006
|Portal| 2026-03-02 08:59:34 [..] Telnet starting on 4000
|Portal| 2026-03-02 08:59:34 [..] Websocket starting on 4005
|Portal| 2026-03-02 08:59:34 [..] Webserver-proxy starting on 4001
|Portal| 2026-03-02 08:59:34 [..] Portal starting server ... 
|Portal| 2026-03-02 09:03:30 [..] (TCP Port 4001 Closed)
|Portal| 2026-03-02 09:03:30 [..] (TCP Port 4005 Closed)
|Portal| 2026-03-02 09:03:30 [..] (TCP Port 4000 Closed)
|Portal| 2026-03-02 09:03:30 [..] (TCP Port 4006 Closed)
|Portal| 2026-03-02 09:03:30 [..] Main loop terminated.
|Portal| 2026-03-02 09:03:30 [..] Server Shut Down.
|Portal| 2026-03-02 09:03:40 [..] Loaded.
|Portal| 2026-03-02 09:03:37 [..] Loading /opt/nightcity/venv/lib/python3.12/site-packages/evennia/server/portal/portal.py...
|Portal| 2026-03-02 09:03:40 [..] Loaded.
|Portal| 2026-03-02 09:03:40 [..] twistd 24.11.0 (/opt/nightcity/venv/bin/python3 3.12.3) starting up.
|Portal| 2026-03-02 09:03:40 [..] reactor class: twisted.internet.epollreactor.EPollReactor.
|Portal| 2026-03-02 09:03:40 [..] AMP starting on 4006
|Portal| 2026-03-02 09:03:40 [..] Telnet starting on 4000
|Portal| 2026-03-02 09:03:40 [..] Websocket starting on 4005
|Portal| 2026-03-02 09:03:40 [..] Webserver-proxy starting on 4001
|Portal| 2026-03-02 09:03:40 [..] Portal starting server ... 
|Portal| 2026-03-02 09:09:20 [..] (TCP Port 4001 Closed)
|Portal| 2026-03-02 09:09:20 [..] (TCP Port 4005 Closed)
|Portal| 2026-03-02 09:09:20 [..] (TCP Port 4000 Closed)
|Portal| 2026-03-02 09:09:20 [..] (TCP Port 4006 Closed)
|Portal| 2026-03-02 09:09:20 [..] Main loop terminated.
|Portal| 2026-03-02 09:09:20 [..] Server Shut Down.
|Portal| 2026-03-02 09:09:30 [..] Loaded.
|Portal| 2026-03-02 09:09:27 [..] Loading /opt/nightcity/venv/lib/python3.12/site-packages/evennia/server/portal/portal.py...
|Portal| 2026-03-02 09:09:30 [..] Loaded.
|Portal| 2026-03-02 09:09:30 [..] twistd 24.11.0 (/opt/nightcity/venv/bin/python3 3.12.3) starting up.
|Portal| 2026-03-02 09:09:30 [..] reactor class: twisted.internet.epollreactor.EPollReactor.
|Portal| 2026-03-02 09:09:30 [..] AMP starting on 4006
|Portal| 2026-03-02 09:09:30 [..] Telnet starting on 4000
|Portal| 2026-03-02 09:09:30 [..] Websocket starting on 4005
|Portal| 2026-03-02 09:09:30 [..] Webserver-proxy starting on 4001
|Portal| 2026-03-02 09:09:30 [..] Portal starting server ... 
|Portal| 2026-03-02 09:13:19 [..] (TCP Port 4001 Closed)
|Portal| 2026-03-02 09:13:19 [..] (TCP Port 4005 Closed)
|Portal| 2026-03-02 09:13:19 [..] (TCP Port 4000 Closed)
|Portal| 2026-03-02 09:13:19 [..] (TCP Port 4006 Closed)
|Portal| 2026-03-02 09:13:19 [..] Main loop terminated.
|Portal| 2026-03-02 09:13:19 [..] Server Shut Down.
|Portal| 2026-03-02 09:13:29 [..] Loaded.
|Portal| 2026-03-02 09:13:26 [..] Loading /opt/nightcity/venv/lib/python3.12/site-packages/evennia/server/portal/portal.py...
|Portal| 2026-03-02 09:13:29 [..] Loaded.
|Portal| 2026-03-02 09:13:29 [..] twistd 24.11.0 (/opt/nightcity/venv/bin/python3 3.12.3) starting up.
|Portal| 2026-03-02 09:13:29 [..] reactor class: twisted.internet.epollreactor.EPollReactor.
|Portal| 2026-03-02 09:13:29 [..] AMP starting on 4006
|Portal| 2026-03-02 09:13:29 [..] Telnet starting on 4000
|Portal| 2026-03-02 09:13:29 [..] Websocket starting on 4005
|Portal| 2026-03-02 09:13:29 [..] Webserver-proxy starting on 4001
|Portal| 2026-03-02 09:13:30 [..] Portal starting server ... 
|Portal| 2026-03-02 15:10:56 [WW] dropping connection to peer tcp4:193.32.162.28:48334 with abort=False: None
|Portal| 2026-03-02 15:10:57 [..] failing WebSocket opening handshake ('HTTP method 'POST' not allowed')
|Portal| 2026-03-02 15:10:57 [WW] dropping connection to peer tcp4:193.32.162.28:48340 with abort=False: HTTP method 'POST' not allowed
|Portal| 2026-03-02 15:10:57 [..] failing WebSocket opening handshake ('HTTP method 'POST' not allowed')
|Portal| 2026-03-02 15:10:57 [WW] dropping connection to peer tcp4:193.32.162.28:48342 with abort=False: HTTP method 'POST' not allowed
|Portal| 2026-03-02 15:10:57 [..] failing WebSocket opening handshake ('HTTP method 'POST' not allowed')
|Portal| 2026-03-02 15:10:57 [WW] dropping connection to peer tcp4:193.32.162.28:48344 with abort=False: HTTP method 'POST' not allowed
|Portal| 2026-03-02 15:10:58 [..] failing WebSocket opening handshake ('HTTP method 'POST' not allowed')
|Portal| 2026-03-02 15:10:58 [WW] dropping connection to peer tcp4:193.32.162.28:48346 with abort=False: HTTP method 'POST' not allowed
|Portal| 2026-03-02 15:10:58 [..] failing WebSocket opening handshake ('HTTP method 'POST' not allowed')
|Portal| 2026-03-02 15:10:58 [WW] dropping connection to peer tcp4:193.32.162.28:48348 with abort=False: HTTP method 'POST' not allowed
|Portal| 2026-03-02 15:10:58 [..] failing WebSocket opening handshake ('HTTP method 'POST' not allowed')
|Portal| 2026-03-02 15:10:58 [WW] dropping connection to peer tcp4:193.32.162.28:48362 with abort=False: HTTP method 'POST' not allowed
|Portal| 2026-03-02 18:10:27 [..] Portal starting server ... 
|Portal| 2026-03-02 18:10:37 [..] (TCP Port 4001 Closed)
|Portal| 2026-03-02 18:10:37 [..] (TCP Port 4005 Closed)
|Portal| 2026-03-02 18:10:37 [..] (TCP Port 4000 Closed)
|Portal| 2026-03-02 18:10:37 [..] (TCP Port 4006 Closed)
|Portal| 2026-03-02 18:10:37 [..] Main loop terminated.
|Portal| 2026-03-02 18:10:37 [..] Server Shut Down.
|Portal| 2026-03-02 18:11:52 [..] Loaded.
|Portal| 2026-03-02 18:11:50 [..] Loading /opt/nightcity/venv/lib/python3.12/site-packages/evennia/server/portal/portal.py...
|Portal| 2026-03-02 18:11:52 [..] Loaded.
|Portal| 2026-03-02 18:11:52 [..] twistd 24.11.0 (/opt/nightcity/venv/bin/python3 3.12.3) starting up.
|Portal| 2026-03-02 18:11:52 [..] reactor class: twisted.internet.epollreactor.EPollReactor.
|Portal| 2026-03-02 18:11:53 [..] AMP starting on 4006
|Portal| 2026-03-02 18:11:53 [..] Telnet starting on 4000
|Portal| 2026-03-02 18:11:53 [..] Websocket starting on 4005
|Portal| 2026-03-02 18:11:53 [..] Webserver-proxy starting on 4001
|Portal| 2026-03-02 18:11:53 [..] Portal starting server ... 
|Portal| 2026-03-02 18:18:28 [..] Portal starting server ... 
|Portal| 2026-03-02 18:21:02 [..] Portal starting server ... 
|Portal| 2026-03-02 19:15:03 [..] Portal starting server ... 
|Portal| 2026-03-02 19:16:52 [..] Portal starting server ... 
|Portal| 2026-03-02 19:18:48 [..] Portal starting server ... 
|Portal| 2026-03-02 19:18:58 [EE] Malformed telnet input: ('Stumped', b'\x01')
|Portal| 2026-03-02 19:20:45 [..] Portal starting server ... 
|Portal| 2026-03-02 19:23:35 [..] Portal starting server ... 
|Portal| 2026-03-02 19:27:50 [..] Portal starting server ... 
|Portal| 2026-03-02 19:29:17 [..] Portal starting server ... 
|Portal| 2026-03-02 19:30:26 [..] Portal starting server ... 
|Portal| 2026-03-02 22:34:08 [EE] Malformed telnet input: ('Stumped', b'\x03')
|Portal| 2026-03-02 22:34:08 [EE] Malformed telnet input: ('Stumped', b'\x01')
|Portal| 2026-03-02 22:34:09 [!!] Unhandled Error
	Traceback (most recent call last):
	  File "/opt/nightcity/venv/lib/python3.12/site-packages/twisted/internet/posixbase.py", line 491, in _doReadOrWrite
	    why = selectable.doRead()
	  File "/opt/nightcity/venv/lib/python3.12/site-packages/twisted/internet/tcp.py", line 250, in doRead
	    return self._dataReceived(data)
	  File "/opt/nightcity/venv/lib/python3.12/site-packages/twisted/internet/tcp.py", line 255, in _dataReceived
	    rval = self.protocol.dataReceived(data)
	  File "/opt/nightcity/venv/lib/python3.12/site-packages/evennia/server/portal/telnet.py", line 105, in dataReceived
	    super().dataReceived(data)
	  File "/opt/nightcity/venv/lib/python3.12/site-packages/twisted/conch/telnet.py", line 599, in dataReceived
	    self.applicationDataReceived(b"".join(appDataBuffer))
	  File "/opt/nightcity/venv/lib/python3.12/site-packages/evennia/server/portal/telnet.py", line 334, in applicationDataReceived
	    if len(data) > 2 and _HTTP_REGEX.match(data[0]):
	builtins.TypeError: cannot use a string pattern on a bytes-like object
	
|Portal| 2026-03-02 22:34:09 [!!] Unhandled Error
	Traceback (most recent call last):
	  File "/opt/nightcity/venv/lib/python3.12/site-packages/twisted/internet/posixbase.py", line 491, in _doReadOrWrite
	    why = selectable.doRead()
	  File "/opt/nightcity/venv/lib/python3.12/site-packages/twisted/internet/tcp.py", line 250, in doRead
	    return self._dataReceived(data)
	  File "/opt/nightcity/venv/lib/python3.12/site-packages/twisted/internet/tcp.py", line 255, in _dataReceived
	    rval = self.protocol.dataReceived(data)
	  File "/opt/nightcity/venv/lib/python3.12/site-packages/evennia/server/portal/telnet.py", line 105, in dataReceived
	    super().dataReceived(data)
	  File "/opt/nightcity/venv/lib/python3.12/site-packages/twisted/conch/telnet.py", line 599, in dataReceived
	    self.applicationDataReceived(b"".join(appDataBuffer))
	  File "/opt/nightcity/venv/lib/python3.12/site-packages/evennia/server/portal/telnet.py", line 334, in applicationDataReceived
	    if len(data) > 2 and _HTTP_REGEX.match(data[0]):
	builtins.TypeError: cannot use a string pattern on a bytes-like object
	
|Portal| 2026-03-02 22:47:47 [EE] Malformed telnet input: ('Stumped', b'\x01')
|Portal| 2026-03-03 00:27:38 [!!] Unhandled Error
	Traceback (most recent call last):
	  File "/opt/nightcity/venv/lib/python3.12/site-packages/twisted/internet/posixbase.py", line 491, in _doReadOrWrite
	    why = selectable.doRead()
	  File "/opt/nightcity/venv/lib/python3.12/site-packages/twisted/internet/tcp.py", line 250, in doRead
	    return self._dataReceived(data)
	  File "/opt/nightcity/venv/lib/python3.12/site-packages/twisted/internet/tcp.py", line 255, in _dataReceived
	    rval = self.protocol.dataReceived(data)
	  File "/opt/nightcity/venv/lib/python3.12/site-packages/evennia/server/portal/telnet.py", line 105, in dataReceived
	    super().dataReceived(data)
	  File "/opt/nightcity/venv/lib/python3.12/site-packages/twisted/conch/telnet.py", line 599, in dataReceived
	    self.applicationDataReceived(b"".join(appDataBuffer))
	  File "/opt/nightcity/venv/lib/python3.12/site-packages/evennia/server/portal/telnet.py", line 334, in applicationDataReceived
	    if len(data) > 2 and _HTTP_REGEX.match(data[0]):
	builtins.TypeError: cannot use a string pattern on a bytes-like object
	
|Portal| 2026-03-03 02:23:06 [!!] Unhandled Error
	Traceback (most recent call last):
	  File "/opt/nightcity/venv/lib/python3.12/site-packages/twisted/internet/posixbase.py", line 491, in _doReadOrWrite
	    why = selectable.doRead()
	  File "/opt/nightcity/venv/lib/python3.12/site-packages/twisted/internet/tcp.py", line 250, in doRead
	    return self._dataReceived(data)
	  File "/opt/nightcity/venv/lib/python3.12/site-packages/twisted/internet/tcp.py", line 255, in _dataReceived
	    rval = self.protocol.dataReceived(data)
	  File "/opt/nightcity/venv/lib/python3.12/site-packages/evennia/server/portal/telnet.py", line 105, in dataReceived
	    super().dataReceived(data)
	  File "/opt/nightcity/venv/lib/python3.12/site-packages/twisted/conch/telnet.py", line 599, in dataReceived
	    self.applicationDataReceived(b"".join(appDataBuffer))
	  File "/opt/nightcity/venv/lib/python3.12/site-packages/evennia/server/portal/telnet.py", line 334, in applicationDataReceived
	    if len(data) > 2 and _HTTP_REGEX.match(data[0]):
	builtins.TypeError: cannot use a string pattern on a bytes-like object
	
|Portal| 2026-03-03 02:23:08 [!!] Unhandled Error
	Traceback (most recent call last):
	  File "/opt/nightcity/venv/lib/python3.12/site-packages/twisted/internet/posixbase.py", line 491, in _doReadOrWrite
	    why = selectable.doRead()
	  File "/opt/nightcity/venv/lib/python3.12/site-packages/twisted/internet/tcp.py", line 250, in doRead
	    return self._dataReceived(data)
	  File "/opt/nightcity/venv/lib/python3.12/site-packages/twisted/internet/tcp.py", line 255, in _dataReceived
	    rval = self.protocol.dataReceived(data)
	  File "/opt/nightcity/venv/lib/python3.12/site-packages/evennia/server/portal/telnet.py", line 105, in dataReceived
	    super().dataReceived(data)
	  File "/opt/nightcity/venv/lib/python3.12/site-packages/twisted/conch/telnet.py", line 599, in dataReceived
	    self.applicationDataReceived(b"".join(appDataBuffer))
	  File "/opt/nightcity/venv/lib/python3.12/site-packages/evennia/server/portal/telnet.py", line 334, in applicationDataReceived
	    if len(data) > 2 and _HTTP_REGEX.match(data[0]):
	builtins.TypeError: cannot use a string pattern on a bytes-like object
	
|Portal| 2026-03-03 02:23:08 [!!] Unhandled Error
	Traceback (most recent call last):
	  File "/opt/nightcity/venv/lib/python3.12/site-packages/twisted/internet/posixbase.py", line 491, in _doReadOrWrite
	    why = selectable.doRead()
	  File "/opt/nightcity/venv/lib/python3.12/site-packages/twisted/internet/tcp.py", line 250, in doRead
	    return self._dataReceived(data)
	  File "/opt/nightcity/venv/lib/python3.12/site-packages/twisted/internet/tcp.py", line 255, in _dataReceived
	    rval = self.protocol.dataReceived(data)
	  File "/opt/nightcity/venv/lib/python3.12/site-packages/evennia/server/portal/telnet.py", line 105, in dataReceived
	    super().dataReceived(data)
	  File "/opt/nightcity/venv/lib/python3.12/site-packages/twisted/conch/telnet.py", line 599, in dataReceived
	    self.applicationDataReceived(b"".join(appDataBuffer))
	  File "/opt/nightcity/venv/lib/python3.12/site-packages/evennia/server/portal/telnet.py", line 334, in applicationDataReceived
	    if len(data) > 2 and _HTTP_REGEX.match(data[0]):
	builtins.TypeError: cannot use a string pattern on a bytes-like object
	
|Portal| 2026-03-03 02:23:08 [!!] Unhandled Error
	Traceback (most recent call last):
	  File "/opt/nightcity/venv/lib/python3.12/site-packages/twisted/internet/posixbase.py", line 491, in _doReadOrWrite
	    why = selectable.doRead()
	  File "/opt/nightcity/venv/lib/python3.12/site-packages/twisted/internet/tcp.py", line 250, in doRead
	    return self._dataReceived(data)
	  File "/opt/nightcity/venv/lib/python3.12/site-packages/twisted/internet/tcp.py", line 255, in _dataReceived
	    rval = self.protocol.dataReceived(data)
	  File "/opt/nightcity/venv/lib/python3.12/site-packages/evennia/server/portal/telnet.py", line 105, in dataReceived
	    super().dataReceived(data)
	  File "/opt/nightcity/venv/lib/python3.12/site-packages/twisted/conch/telnet.py", line 599, in dataReceived
	    self.applicationDataReceived(b"".join(appDataBuffer))
	  File "/opt/nightcity/venv/lib/python3.12/site-packages/evennia/server/portal/telnet.py", line 334, in applicationDataReceived
	    if len(data) > 2 and _HTTP_REGEX.match(data[0]):
	builtins.TypeError: cannot use a string pattern on a bytes-like object
	
|Portal| 2026-03-03 02:23:08 [!!] Unhandled Error
	Traceback (most recent call last):
	  File "/opt/nightcity/venv/lib/python3.12/site-packages/twisted/internet/posixbase.py", line 491, in _doReadOrWrite
	    why = selectable.doRead()
	  File "/opt/nightcity/venv/lib/python3.12/site-packages/twisted/internet/tcp.py", line 250, in doRead
	    return self._dataReceived(data)
	  File "/opt/nightcity/venv/lib/python3.12/site-packages/twisted/internet/tcp.py", line 255, in _dataReceived
	    rval = self.protocol.dataReceived(data)
	  File "/opt/nightcity/venv/lib/python3.12/site-packages/evennia/server/portal/telnet.py", line 105, in dataReceived
	    super().dataReceived(data)
	  File "/opt/nightcity/venv/lib/python3.12/site-packages/twisted/conch/telnet.py", line 599, in dataReceived
	    self.applicationDataReceived(b"".join(appDataBuffer))
	  File "/opt/nightcity/venv/lib/python3.12/site-packages/evennia/server/portal/telnet.py", line 334, in applicationDataReceived
	    if len(data) > 2 and _HTTP_REGEX.match(data[0]):
	builtins.TypeError: cannot use a string pattern on a bytes-like object
	
|Portal| 2026-03-03 02:23:09 [!!] Unhandled Error
	Traceback (most recent call last):
	  File "/opt/nightcity/venv/lib/python3.12/site-packages/twisted/internet/posixbase.py", line 491, in _doReadOrWrite
	    why = selectable.doRead()
	  File "/opt/nightcity/venv/lib/python3.12/site-packages/twisted/internet/tcp.py", line 250, in doRead
	    return self._dataReceived(data)
	  File "/opt/nightcity/venv/lib/python3.12/site-packages/twisted/internet/tcp.py", line 255, in _dataReceived
	    rval = self.protocol.dataReceived(data)
	  File "/opt/nightcity/venv/lib/python3.12/site-packages/evennia/server/portal/telnet.py", line 105, in dataReceived
	    super().dataReceived(data)
	  File "/opt/nightcity/venv/lib/python3.12/site-packages/twisted/conch/telnet.py", line 599, in dataReceived
	    self.applicationDataReceived(b"".join(appDataBuffer))
	  File "/opt/nightcity/venv/lib/python3.12/site-packages/evennia/server/portal/telnet.py", line 334, in applicationDataReceived
	    if len(data) > 2 and _HTTP_REGEX.match(data[0]):
	builtins.TypeError: cannot use a string pattern on a bytes-like object
	
|Portal| 2026-03-03 02:23:09 [!!] Unhandled Error
	Traceback (most recent call last):
	  File "/opt/nightcity/venv/lib/python3.12/site-packages/twisted/internet/posixbase.py", line 491, in _doReadOrWrite
	    why = selectable.doRead()
	  File "/opt/nightcity/venv/lib/python3.12/site-packages/twisted/internet/tcp.py", line 250, in doRead
	    return self._dataReceived(data)
	  File "/opt/nightcity/venv/lib/python3.12/site-packages/twisted/internet/tcp.py", line 255, in _dataReceived
	    rval = self.protocol.dataReceived(data)
	  File "/opt/nightcity/venv/lib/python3.12/site-packages/evennia/server/portal/telnet.py", line 105, in dataReceived
	    super().dataReceived(data)
	  File "/opt/nightcity/venv/lib/python3.12/site-packages/twisted/conch/telnet.py", line 599, in dataReceived
	    self.applicationDataReceived(b"".join(appDataBuffer))
	  File "/opt/nightcity/venv/lib/python3.12/site-packages/evennia/server/portal/telnet.py", line 334, in applicationDataReceived
	    if len(data) > 2 and _HTTP_REGEX.match(data[0]):
	builtins.TypeError: cannot use a string pattern on a bytes-like object
	
|Portal| 2026-03-03 02:23:09 [!!] Unhandled Error
	Traceback (most recent call last):
	  File "/opt/nightcity/venv/lib/python3.12/site-packages/twisted/internet/posixbase.py", line 491, in _doReadOrWrite
	    why = selectable.doRead()
	  File "/opt/nightcity/venv/lib/python3.12/site-packages/twisted/internet/tcp.py", line 250, in doRead
	    return self._dataReceived(data)
	  File "/opt/nightcity/venv/lib/python3.12/site-packages/twisted/internet/tcp.py", line 255, in _dataReceived
	    rval = self.protocol.dataReceived(data)
	  File "/opt/nightcity/venv/lib/python3.12/site-packages/evennia/server/portal/telnet.py", line 105, in dataReceived
	    super().dataReceived(data)
	  File "/opt/nightcity/venv/lib/python3.12/site-packages/twisted/conch/telnet.py", line 599, in dataReceived
	    self.applicationDataReceived(b"".join(appDataBuffer))
	  File "/opt/nightcity/venv/lib/python3.12/site-packages/evennia/server/portal/telnet.py", line 334, in applicationDataReceived
	    if len(data) > 2 and _HTTP_REGEX.match(data[0]):
	builtins.TypeError: cannot use a string pattern on a bytes-like object
	
|Portal| 2026-03-03 02:23:10 [!!] Unhandled Error
	Traceback (most recent call last):
	  File "/opt/nightcity/venv/lib/python3.12/site-packages/twisted/internet/posixbase.py", line 491, in _doReadOrWrite
	    why = selectable.doRead()
	  File "/opt/nightcity/venv/lib/python3.12/site-packages/twisted/internet/tcp.py", line 250, in doRead
	    return self._dataReceived(data)
	  File "/opt/nightcity/venv/lib/python3.12/site-packages/twisted/internet/tcp.py", line 255, in _dataReceived
	    rval = self.protocol.dataReceived(data)
	  File "/opt/nightcity/venv/lib/python3.12/site-packages/evennia/server/portal/telnet.py", line 105, in dataReceived
	    super().dataReceived(data)
	  File "/opt/nightcity/venv/lib/python3.12/site-packages/twisted/conch/telnet.py", line 599, in dataReceived
	    self.applicationDataReceived(b"".join(appDataBuffer))
	  File "/opt/nightcity/venv/lib/python3.12/site-packages/evennia/server/portal/telnet.py", line 334, in applicationDataReceived
	    if len(data) > 2 and _HTTP_REGEX.match(data[0]):
	builtins.TypeError: cannot use a string pattern on a bytes-like object
	
|Portal| 2026-03-03 02:23:10 [!!] Unhandled Error
	Traceback (most recent call last):
	  File "/opt/nightcity/venv/lib/python3.12/site-packages/twisted/internet/posixbase.py", line 491, in _doReadOrWrite
	    why = selectable.doRead()
	  File "/opt/nightcity/venv/lib/python3.12/site-packages/twisted/internet/tcp.py", line 250, in doRead
	    return self._dataReceived(data)
	  File "/opt/nightcity/venv/lib/python3.12/site-packages/twisted/internet/tcp.py", line 255, in _dataReceived
	    rval = self.protocol.dataReceived(data)
	  File "/opt/nightcity/venv/lib/python3.12/site-packages/evennia/server/portal/telnet.py", line 105, in dataReceived
	    super().dataReceived(data)
	  File "/opt/nightcity/venv/lib/python3.12/site-packages/twisted/conch/telnet.py", line 599, in dataReceived
	    self.applicationDataReceived(b"".join(appDataBuffer))
	  File "/opt/nightcity/venv/lib/python3.12/site-packages/evennia/server/portal/telnet.py", line 334, in applicationDataReceived
	    if len(data) > 2 and _HTTP_REGEX.match(data[0]):
	builtins.TypeError: cannot use a string pattern on a bytes-like object
	
|Portal| 2026-03-03 02:23:10 [!!] Unhandled Error
	Traceback (most recent call last):
	  File "/opt/nightcity/venv/lib/python3.12/site-packages/twisted/internet/posixbase.py", line 491, in _doReadOrWrite
	    why = selectable.doRead()
	  File "/opt/nightcity/venv/lib/python3.12/site-packages/twisted/internet/tcp.py", line 250, in doRead
	    return self._dataReceived(data)
	  File "/opt/nightcity/venv/lib/python3.12/site-packages/twisted/internet/tcp.py", line 255, in _dataReceived
	    rval = self.protocol.dataReceived(data)
	  File "/opt/nightcity/venv/lib/python3.12/site-packages/evennia/server/portal/telnet.py", line 105, in dataReceived
	    super().dataReceived(data)
	  File "/opt/nightcity/venv/lib/python3.12/site-packages/twisted/conch/telnet.py", line 599, in dataReceived
	    self.applicationDataReceived(b"".join(appDataBuffer))
	  File "/opt/nightcity/venv/lib/python3.12/site-packages/evennia/server/portal/telnet.py", line 334, in applicationDataReceived
	    if len(data) > 2 and _HTTP_REGEX.match(data[0]):
	builtins.TypeError: cannot use a string pattern on a bytes-like object
	
|Portal| 2026-03-03 02:23:10 [!!] Unhandled Error
	Traceback (most recent call last):
	  File "/opt/nightcity/venv/lib/python3.12/site-packages/twisted/internet/posixbase.py", line 491, in _doReadOrWrite
	    why = selectable.doRead()
	  File "/opt/nightcity/venv/lib/python3.12/site-packages/twisted/internet/tcp.py", line 250, in doRead
	    return self._dataReceived(data)
	  File "/opt/nightcity/venv/lib/python3.12/site-packages/twisted/internet/tcp.py", line 255, in _dataReceived
	    rval = self.protocol.dataReceived(data)
	  File "/opt/nightcity/venv/lib/python3.12/site-packages/evennia/server/portal/telnet.py", line 105, in dataReceived
	    super().dataReceived(data)
	  File "/opt/nightcity/venv/lib/python3.12/site-packages/twisted/conch/telnet.py", line 599, in dataReceived
	    self.applicationDataReceived(b"".join(appDataBuffer))
	  File "/opt/nightcity/venv/lib/python3.12/site-packages/evennia/server/portal/telnet.py", line 334, in applicationDataReceived
	    if len(data) > 2 and _HTTP_REGEX.match(data[0]):
	builtins.TypeError: cannot use a string pattern on a bytes-like object
	
|Portal| 2026-03-03 02:23:11 [!!] Unhandled Error
	Traceback (most recent call last):
	  File "/opt/nightcity/venv/lib/python3.12/site-packages/twisted/internet/posixbase.py", line 491, in _doReadOrWrite
	    why = selectable.doRead()
	  File "/opt/nightcity/venv/lib/python3.12/site-packages/twisted/internet/tcp.py", line 250, in doRead
	    return self._dataReceived(data)
	  File "/opt/nightcity/venv/lib/python3.12/site-packages/twisted/internet/tcp.py", line 255, in _dataReceived
	    rval = self.protocol.dataReceived(data)
	  File "/opt/nightcity/venv/lib/python3.12/site-packages/evennia/server/portal/telnet.py", line 105, in dataReceived
	    super().dataReceived(data)
	  File "/opt/nightcity/venv/lib/python3.12/site-packages/twisted/conch/telnet.py", line 599, in dataReceived
	    self.applicationDataReceived(b"".join(appDataBuffer))
	  File "/opt/nightcity/venv/lib/python3.12/site-packages/evennia/server/portal/telnet.py", line 334, in applicationDataReceived
	    if len(data) > 2 and _HTTP_REGEX.match(data[0]):
	builtins.TypeError: cannot use a string pattern on a bytes-like object
	
|Portal| 2026-03-03 02:23:12 [!!] Unhandled Error
	Traceback (most recent call last):
	  File "/opt/nightcity/venv/lib/python3.12/site-packages/twisted/internet/posixbase.py", line 491, in _doReadOrWrite
	    why = selectable.doRead()
	  File "/opt/nightcity/venv/lib/python3.12/site-packages/twisted/internet/tcp.py", line 250, in doRead
	    return self._dataReceived(data)
	  File "/opt/nightcity/venv/lib/python3.12/site-packages/twisted/internet/tcp.py", line 255, in _dataReceived
	    rval = self.protocol.dataReceived(data)
	  File "/opt/nightcity/venv/lib/python3.12/site-packages/evennia/server/portal/telnet.py", line 105, in dataReceived
	    super().dataReceived(data)
	  File "/opt/nightcity/venv/lib/python3.12/site-packages/twisted/conch/telnet.py", line 599, in dataReceived
	    self.applicationDataReceived(b"".join(appDataBuffer))
	  File "/opt/nightcity/venv/lib/python3.12/site-packages/evennia/server/portal/telnet.py", line 334, in applicationDataReceived
	    if len(data) > 2 and _HTTP_REGEX.match(data[0]):
	builtins.TypeError: cannot use a string pattern on a bytes-like object
	
|Portal| 2026-03-03 02:23:15 [!!] Unhandled Error
	Traceback (most recent call last):
	  File "/opt/nightcity/venv/lib/python3.12/site-packages/twisted/internet/posixbase.py", line 491, in _doReadOrWrite
	    why = selectable.doRead()
	  File "/opt/nightcity/venv/lib/python3.12/site-packages/twisted/internet/tcp.py", line 250, in doRead
	    return self._dataReceived(data)
	  File "/opt/nightcity/venv/lib/python3.12/site-packages/twisted/internet/tcp.py", line 255, in _dataReceived
	    rval = self.protocol.dataReceived(data)
	  File "/opt/nightcity/venv/lib/python3.12/site-packages/evennia/server/portal/telnet.py", line 105, in dataReceived
	    super().dataReceived(data)
	  File "/opt/nightcity/venv/lib/python3.12/site-packages/twisted/conch/telnet.py", line 599, in dataReceived
	    self.applicationDataReceived(b"".join(appDataBuffer))
	  File "/opt/nightcity/venv/lib/python3.12/site-packages/evennia/server/portal/telnet.py", line 334, in applicationDataReceived
	    if len(data) > 2 and _HTTP_REGEX.match(data[0]):
	builtins.TypeError: cannot use a string pattern on a bytes-like object
	
|Portal| 2026-03-03 02:23:15 [!!] Unhandled Error
	Traceback (most recent call last):
	  File "/opt/nightcity/venv/lib/python3.12/site-packages/twisted/internet/posixbase.py", line 491, in _doReadOrWrite
	    why = selectable.doRead()
	  File "/opt/nightcity/venv/lib/python3.12/site-packages/twisted/internet/tcp.py", line 250, in doRead
	    return self._dataReceived(data)
	  File "/opt/nightcity/venv/lib/python3.12/site-packages/twisted/internet/tcp.py", line 255, in _dataReceived
	    rval = self.protocol.dataReceived(data)
	  File "/opt/nightcity/venv/lib/python3.12/site-packages/evennia/server/portal/telnet.py", line 105, in dataReceived
	    super().dataReceived(data)
	  File "/opt/nightcity/venv/lib/python3.12/site-packages/twisted/conch/telnet.py", line 599, in dataReceived
	    self.applicationDataReceived(b"".join(appDataBuffer))
	  File "/opt/nightcity/venv/lib/python3.12/site-packages/evennia/server/portal/telnet.py", line 334, in applicationDataReceived
	    if len(data) > 2 and _HTTP_REGEX.match(data[0]):
	builtins.TypeError: cannot use a string pattern on a bytes-like object
	
|Portal| 2026-03-03 02:23:15 [!!] Unhandled Error
	Traceback (most recent call last):
	  File "/opt/nightcity/venv/lib/python3.12/site-packages/twisted/internet/posixbase.py", line 491, in _doReadOrWrite
	    why = selectable.doRead()
	  File "/opt/nightcity/venv/lib/python3.12/site-packages/twisted/internet/tcp.py", line 250, in doRead
	    return self._dataReceived(data)
	  File "/opt/nightcity/venv/lib/python3.12/site-packages/twisted/internet/tcp.py", line 255, in _dataReceived
	    rval = self.protocol.dataReceived(data)
	  File "/opt/nightcity/venv/lib/python3.12/site-packages/evennia/server/portal/telnet.py", line 105, in dataReceived
	    super().dataReceived(data)
	  File "/opt/nightcity/venv/lib/python3.12/site-packages/twisted/conch/telnet.py", line 599, in dataReceived
	    self.applicationDataReceived(b"".join(appDataBuffer))
	  File "/opt/nightcity/venv/lib/python3.12/site-packages/evennia/server/portal/telnet.py", line 334, in applicationDataReceived
	    if len(data) > 2 and _HTTP_REGEX.match(data[0]):
	builtins.TypeError: cannot use a string pattern on a bytes-like object
	
|Portal| 2026-03-03 02:23:16 [!!] Unhandled Error
	Traceback (most recent call last):
	  File "/opt/nightcity/venv/lib/python3.12/site-packages/twisted/internet/posixbase.py", line 491, in _doReadOrWrite
	    why = selectable.doRead()
	  File "/opt/nightcity/venv/lib/python3.12/site-packages/twisted/internet/tcp.py", line 250, in doRead
	    return self._dataReceived(data)
	  File "/opt/nightcity/venv/lib/python3.12/site-packages/twisted/internet/tcp.py", line 255, in _dataReceived
	    rval = self.protocol.dataReceived(data)
	  File "/opt/nightcity/venv/lib/python3.12/site-packages/evennia/server/portal/telnet.py", line 105, in dataReceived
	    super().dataReceived(data)
	  File "/opt/nightcity/venv/lib/python3.12/site-packages/twisted/conch/telnet.py", line 599, in dataReceived
	    self.applicationDataReceived(b"".join(appDataBuffer))
	  File "/opt/nightcity/venv/lib/python3.12/site-packages/evennia/server/portal/telnet.py", line 334, in applicationDataReceived
	    if len(data) > 2 and _HTTP_REGEX.match(data[0]):
	builtins.TypeError: cannot use a string pattern on a bytes-like object
	
|Portal| 2026-03-03 02:23:17 [!!] Unhandled Error
	Traceback (most recent call last):
	  File "/opt/nightcity/venv/lib/python3.12/site-packages/twisted/internet/posixbase.py", line 491, in _doReadOrWrite
	    why = selectable.doRead()
	  File "/opt/nightcity/venv/lib/python3.12/site-packages/twisted/internet/tcp.py", line 250, in doRead
	    return self._dataReceived(data)
	  File "/opt/nightcity/venv/lib/python3.12/site-packages/twisted/internet/tcp.py", line 255, in _dataReceived
	    rval = self.protocol.dataReceived(data)
	  File "/opt/nightcity/venv/lib/python3.12/site-packages/evennia/server/portal/telnet.py", line 105, in dataReceived
	    super().dataReceived(data)
	  File "/opt/nightcity/venv/lib/python3.12/site-packages/twisted/conch/telnet.py", line 599, in dataReceived
	    self.applicationDataReceived(b"".join(appDataBuffer))
	  File "/opt/nightcity/venv/lib/python3.12/site-packages/evennia/server/portal/telnet.py", line 334, in applicationDataReceived
	    if len(data) > 2 and _HTTP_REGEX.match(data[0]):
	builtins.TypeError: cannot use a string pattern on a bytes-like object
	
|Portal| 2026-03-03 02:23:17 [!!] Unhandled Error
	Traceback (most recent call last):
	  File "/opt/nightcity/venv/lib/python3.12/site-packages/twisted/internet/posixbase.py", line 491, in _doReadOrWrite
	    why = selectable.doRead()
	  File "/opt/nightcity/venv/lib/python3.12/site-packages/twisted/internet/tcp.py", line 250, in doRead
	    return self._dataReceived(data)
	  File "/opt/nightcity/venv/lib/python3.12/site-packages/twisted/internet/tcp.py", line 255, in _dataReceived
	    rval = self.protocol.dataReceived(data)
	  File "/opt/nightcity/venv/lib/python3.12/site-packages/evennia/server/portal/telnet.py", line 105, in dataReceived
	    super().dataReceived(data)
	  File "/opt/nightcity/venv/lib/python3.12/site-packages/twisted/conch/telnet.py", line 599, in dataReceived
	    self.applicationDataReceived(b"".join(appDataBuffer))
	  File "/opt/nightcity/venv/lib/python3.12/site-packages/evennia/server/portal/telnet.py", line 334, in applicationDataReceived
	    if len(data) > 2 and _HTTP_REGEX.match(data[0]):
	builtins.TypeError: cannot use a string pattern on a bytes-like object
	
|Portal| 2026-03-03 02:23:17 [!!] Unhandled Error
	Traceback (most recent call last):
	  File "/opt/nightcity/venv/lib/python3.12/site-packages/twisted/internet/posixbase.py", line 491, in _doReadOrWrite
	    why = selectable.doRead()
	  File "/opt/nightcity/venv/lib/python3.12/site-packages/twisted/internet/tcp.py", line 250, in doRead
	    return self._dataReceived(data)
	  File "/opt/nightcity/venv/lib/python3.12/site-packages/twisted/internet/tcp.py", line 255, in _dataReceived
	    rval = self.protocol.dataReceived(data)
	  File "/opt/nightcity/venv/lib/python3.12/site-packages/evennia/server/portal/telnet.py", line 105, in dataReceived
	    super().dataReceived(data)
	  File "/opt/nightcity/venv/lib/python3.12/site-packages/twisted/conch/telnet.py", line 599, in dataReceived
	    self.applicationDataReceived(b"".join(appDataBuffer))
	  File "/opt/nightcity/venv/lib/python3.12/site-packages/evennia/server/portal/telnet.py", line 334, in applicationDataReceived
	    if len(data) > 2 and _HTTP_REGEX.match(data[0]):
	builtins.TypeError: cannot use a string pattern on a bytes-like object
	
|Portal| 2026-03-03 02:23:18 [!!] Unhandled Error
	Traceback (most recent call last):
	  File "/opt/nightcity/venv/lib/python3.12/site-packages/twisted/internet/posixbase.py", line 491, in _doReadOrWrite
	    why = selectable.doRead()
	  File "/opt/nightcity/venv/lib/python3.12/site-packages/twisted/internet/tcp.py", line 250, in doRead
	    return self._dataReceived(data)
	  File "/opt/nightcity/venv/lib/python3.12/site-packages/twisted/internet/tcp.py", line 255, in _dataReceived
	    rval = self.protocol.dataReceived(data)
	  File "/opt/nightcity/venv/lib/python3.12/site-packages/evennia/server/portal/telnet.py", line 105, in dataReceived
	    super().dataReceived(data)
	  File "/opt/nightcity/venv/lib/python3.12/site-packages/twisted/conch/telnet.py", line 599, in dataReceived
	    self.applicationDataReceived(b"".join(appDataBuffer))
	  File "/opt/nightcity/venv/lib/python3.12/site-packages/evennia/server/portal/telnet.py", line 334, in applicationDataReceived
	    if len(data) > 2 and _HTTP_REGEX.match(data[0]):
	builtins.TypeError: cannot use a string pattern on a bytes-like object
	
|Portal| 2026-03-03 02:23:18 [!!] Unhandled Error
	Traceback (most recent call last):
	  File "/opt/nightcity/venv/lib/python3.12/site-packages/twisted/internet/posixbase.py", line 491, in _doReadOrWrite
	    why = selectable.doRead()
	  File "/opt/nightcity/venv/lib/python3.12/site-packages/twisted/internet/tcp.py", line 250, in doRead
	    return self._dataReceived(data)
	  File "/opt/nightcity/venv/lib/python3.12/site-packages/twisted/internet/tcp.py", line 255, in _dataReceived
	    rval = self.protocol.dataReceived(data)
	  File "/opt/nightcity/venv/lib/python3.12/site-packages/evennia/server/portal/telnet.py", line 105, in dataReceived
	    super().dataReceived(data)
	  File "/opt/nightcity/venv/lib/python3.12/site-packages/twisted/conch/telnet.py", line 599, in dataReceived
	    self.applicationDataReceived(b"".join(appDataBuffer))
	  File "/opt/nightcity/venv/lib/python3.12/site-packages/evennia/server/portal/telnet.py", line 334, in applicationDataReceived
	    if len(data) > 2 and _HTTP_REGEX.match(data[0]):
	builtins.TypeError: cannot use a string pattern on a bytes-like object
	
|Portal| 2026-03-03 02:23:18 [!!] Unhandled Error
	Traceback (most recent call last):
	  File "/opt/nightcity/venv/lib/python3.12/site-packages/twisted/internet/posixbase.py", line 491, in _doReadOrWrite
	    why = selectable.doRead()
	  File "/opt/nightcity/venv/lib/python3.12/site-packages/twisted/internet/tcp.py", line 250, in doRead
	    return self._dataReceived(data)
	  File "/opt/nightcity/venv/lib/python3.12/site-packages/twisted/internet/tcp.py", line 255, in _dataReceived
	    rval = self.protocol.dataReceived(data)
	  File "/opt/nightcity/venv/lib/python3.12/site-packages/evennia/server/portal/telnet.py", line 105, in dataReceived
	    super().dataReceived(data)
	  File "/opt/nightcity/venv/lib/python3.12/site-packages/twisted/conch/telnet.py", line 599, in dataReceived
	    self.applicationDataReceived(b"".join(appDataBuffer))
	  File "/opt/nightcity/venv/lib/python3.12/site-packages/evennia/server/portal/telnet.py", line 334, in applicationDataReceived
	    if len(data) > 2 and _HTTP_REGEX.match(data[0]):
	builtins.TypeError: cannot use a string pattern on a bytes-like object
	
|Portal| 2026-03-03 02:23:18 [!!] Unhandled Error
	Traceback (most recent call last):
	  File "/opt/nightcity/venv/lib/python3.12/site-packages/twisted/internet/posixbase.py", line 491, in _doReadOrWrite
	    why = selectable.doRead()
	  File "/opt/nightcity/venv/lib/python3.12/site-packages/twisted/internet/tcp.py", line 250, in doRead
	    return self._dataReceived(data)
	  File "/opt/nightcity/venv/lib/python3.12/site-packages/twisted/internet/tcp.py", line 255, in _dataReceived
	    rval = self.protocol.dataReceived(data)
	  File "/opt/nightcity/venv/lib/python3.12/site-packages/evennia/server/portal/telnet.py", line 105, in dataReceived
	    super().dataReceived(data)
	  File "/opt/nightcity/venv/lib/python3.12/site-packages/twisted/conch/telnet.py", line 599, in dataReceived
	    self.applicationDataReceived(b"".join(appDataBuffer))
	  File "/opt/nightcity/venv/lib/python3.12/site-packages/evennia/server/portal/telnet.py", line 334, in applicationDataReceived
	    if len(data) > 2 and _HTTP_REGEX.match(data[0]):
	builtins.TypeError: cannot use a string pattern on a bytes-like object
	
|Portal| 2026-03-03 02:23:19 [!!] Unhandled Error
	Traceback (most recent call last):
	  File "/opt/nightcity/venv/lib/python3.12/site-packages/twisted/internet/posixbase.py", line 491, in _doReadOrWrite
	    why = selectable.doRead()
	  File "/opt/nightcity/venv/lib/python3.12/site-packages/twisted/internet/tcp.py", line 250, in doRead
	    return self._dataReceived(data)
	  File "/opt/nightcity/venv/lib/python3.12/site-packages/twisted/internet/tcp.py", line 255, in _dataReceived
	    rval = self.protocol.dataReceived(data)
	  File "/opt/nightcity/venv/lib/python3.12/site-packages/evennia/server/portal/telnet.py", line 105, in dataReceived
	    super().dataReceived(data)
	  File "/opt/nightcity/venv/lib/python3.12/site-packages/twisted/conch/telnet.py", line 599, in dataReceived
	    self.applicationDataReceived(b"".join(appDataBuffer))
	  File "/opt/nightcity/venv/lib/python3.12/site-packages/evennia/server/portal/telnet.py", line 334, in applicationDataReceived
	    if len(data) > 2 and _HTTP_REGEX.match(data[0]):
	builtins.TypeError: cannot use a string pattern on a bytes-like object
	
|Portal| 2026-03-03 02:23:21 [!!] Unhandled Error
	Traceback (most recent call last):
	  File "/opt/nightcity/venv/lib/python3.12/site-packages/twisted/internet/posixbase.py", line 491, in _doReadOrWrite
	    why = selectable.doRead()
	  File "/opt/nightcity/venv/lib/python3.12/site-packages/twisted/internet/tcp.py", line 250, in doRead
	    return self._dataReceived(data)
	  File "/opt/nightcity/venv/lib/python3.12/site-packages/twisted/internet/tcp.py", line 255, in _dataReceived
	    rval = self.protocol.dataReceived(data)
	  File "/opt/nightcity/venv/lib/python3.12/site-packages/evennia/server/portal/telnet.py", line 105, in dataReceived
	    super().dataReceived(data)
	  File "/opt/nightcity/venv/lib/python3.12/site-packages/twisted/conch/telnet.py", line 599, in dataReceived
	    self.applicationDataReceived(b"".join(appDataBuffer))
	  File "/opt/nightcity/venv/lib/python3.12/site-packages/evennia/server/portal/telnet.py", line 334, in applicationDataReceived
	    if len(data) > 2 and _HTTP_REGEX.match(data[0]):
	builtins.TypeError: cannot use a string pattern on a bytes-like object
	
|Portal| 2026-03-03 02:23:21 [!!] Unhandled Error
	Traceback (most recent call last):
	  File "/opt/nightcity/venv/lib/python3.12/site-packages/twisted/internet/posixbase.py", line 491, in _doReadOrWrite
	    why = selectable.doRead()
	  File "/opt/nightcity/venv/lib/python3.12/site-packages/twisted/internet/tcp.py", line 250, in doRead
	    return self._dataReceived(data)
	  File "/opt/nightcity/venv/lib/python3.12/site-packages/twisted/internet/tcp.py", line 255, in _dataReceived
	    rval = self.protocol.dataReceived(data)
	  File "/opt/nightcity/venv/lib/python3.12/site-packages/evennia/server/portal/telnet.py", line 105, in dataReceived
	    super().dataReceived(data)
	  File "/opt/nightcity/venv/lib/python3.12/site-packages/twisted/conch/telnet.py", line 599, in dataReceived
	    self.applicationDataReceived(b"".join(appDataBuffer))
	  File "/opt/nightcity/venv/lib/python3.12/site-packages/evennia/server/portal/telnet.py", line 334, in applicationDataReceived
	    if len(data) > 2 and _HTTP_REGEX.match(data[0]):
	builtins.TypeError: cannot use a string pattern on a bytes-like object
	
|Portal| 2026-03-03 02:23:22 [!!] Unhandled Error
	Traceback (most recent call last):
	  File "/opt/nightcity/venv/lib/python3.12/site-packages/twisted/internet/posixbase.py", line 491, in _doReadOrWrite
	    why = selectable.doRead()
	  File "/opt/nightcity/venv/lib/python3.12/site-packages/twisted/internet/tcp.py", line 250, in doRead
	    return self._dataReceived(data)
	  File "/opt/nightcity/venv/lib/python3.12/site-packages/twisted/internet/tcp.py", line 255, in _dataReceived
	    rval = self.protocol.dataReceived(data)
	  File "/opt/nightcity/venv/lib/python3.12/site-packages/evennia/server/portal/telnet.py", line 105, in dataReceived
	    super().dataReceived(data)
	  File "/opt/nightcity/venv/lib/python3.12/site-packages/twisted/conch/telnet.py", line 599, in dataReceived
	    self.applicationDataReceived(b"".join(appDataBuffer))
	  File "/opt/nightcity/venv/lib/python3.12/site-packages/evennia/server/portal/telnet.py", line 334, in applicationDataReceived
	    if len(data) > 2 and _HTTP_REGEX.match(data[0]):
	builtins.TypeError: cannot use a string pattern on a bytes-like object
	
|Portal| 2026-03-03 02:23:22 [!!] Unhandled Error
	Traceback (most recent call last):
	  File "/opt/nightcity/venv/lib/python3.12/site-packages/twisted/internet/posixbase.py", line 491, in _doReadOrWrite
	    why = selectable.doRead()
	  File "/opt/nightcity/venv/lib/python3.12/site-packages/twisted/internet/tcp.py", line 250, in doRead
	    return self._dataReceived(data)
	  File "/opt/nightcity/venv/lib/python3.12/site-packages/twisted/internet/tcp.py", line 255, in _dataReceived
	    rval = self.protocol.dataReceived(data)
	  File "/opt/nightcity/venv/lib/python3.12/site-packages/evennia/server/portal/telnet.py", line 105, in dataReceived
	    super().dataReceived(data)
	  File "/opt/nightcity/venv/lib/python3.12/site-packages/twisted/conch/telnet.py", line 599, in dataReceived
	    self.applicationDataReceived(b"".join(appDataBuffer))
	  File "/opt/nightcity/venv/lib/python3.12/site-packages/evennia/server/portal/telnet.py", line 334, in applicationDataReceived
	    if len(data) > 2 and _HTTP_REGEX.match(data[0]):
	builtins.TypeError: cannot use a string pattern on a bytes-like object
	
|Portal| 2026-03-03 02:23:22 [!!] Unhandled Error
	Traceback (most recent call last):
	  File "/opt/nightcity/venv/lib/python3.12/site-packages/twisted/internet/posixbase.py", line 491, in _doReadOrWrite
	    why = selectable.doRead()
	  File "/opt/nightcity/venv/lib/python3.12/site-packages/twisted/internet/tcp.py", line 250, in doRead
	    return self._dataReceived(data)
	  File "/opt/nightcity/venv/lib/python3.12/site-packages/twisted/internet/tcp.py", line 255, in _dataReceived
	    rval = self.protocol.dataReceived(data)
	  File "/opt/nightcity/venv/lib/python3.12/site-packages/evennia/server/portal/telnet.py", line 105, in dataReceived
	    super().dataReceived(data)
	  File "/opt/nightcity/venv/lib/python3.12/site-packages/twisted/conch/telnet.py", line 599, in dataReceived
	    self.applicationDataReceived(b"".join(appDataBuffer))
	  File "/opt/nightcity/venv/lib/python3.12/site-packages/evennia/server/portal/telnet.py", line 334, in applicationDataReceived
	    if len(data) > 2 and _HTTP_REGEX.match(data[0]):
	builtins.TypeError: cannot use a string pattern on a bytes-like object
	
|Portal| 2026-03-03 02:23:23 [!!] Unhandled Error
	Traceback (most recent call last):
	  File "/opt/nightcity/venv/lib/python3.12/site-packages/twisted/internet/posixbase.py", line 491, in _doReadOrWrite
	    why = selectable.doRead()
	  File "/opt/nightcity/venv/lib/python3.12/site-packages/twisted/internet/tcp.py", line 250, in doRead
	    return self._dataReceived(data)
	  File "/opt/nightcity/venv/lib/python3.12/site-packages/twisted/internet/tcp.py", line 255, in _dataReceived
	    rval = self.protocol.dataReceived(data)
	  File "/opt/nightcity/venv/lib/python3.12/site-packages/evennia/server/portal/telnet.py", line 105, in dataReceived
	    super().dataReceived(data)
	  File "/opt/nightcity/venv/lib/python3.12/site-packages/twisted/conch/telnet.py", line 599, in dataReceived
	    self.applicationDataReceived(b"".join(appDataBuffer))
	  File "/opt/nightcity/venv/lib/python3.12/site-packages/evennia/server/portal/telnet.py", line 334, in applicationDataReceived
	    if len(data) > 2 and _HTTP_REGEX.match(data[0]):
	builtins.TypeError: cannot use a string pattern on a bytes-like object
	
|Portal| 2026-03-03 02:23:23 [!!] Unhandled Error
	Traceback (most recent call last):
	  File "/opt/nightcity/venv/lib/python3.12/site-packages/twisted/internet/posixbase.py", line 491, in _doReadOrWrite
	    why = selectable.doRead()
	  File "/opt/nightcity/venv/lib/python3.12/site-packages/twisted/internet/tcp.py", line 250, in doRead
	    return self._dataReceived(data)
	  File "/opt/nightcity/venv/lib/python3.12/site-packages/twisted/internet/tcp.py", line 255, in _dataReceived
	    rval = self.protocol.dataReceived(data)
	  File "/opt/nightcity/venv/lib/python3.12/site-packages/evennia/server/portal/telnet.py", line 105, in dataReceived
	    super().dataReceived(data)
	  File "/opt/nightcity/venv/lib/python3.12/site-packages/twisted/conch/telnet.py", line 599, in dataReceived
	    self.applicationDataReceived(b"".join(appDataBuffer))
	  File "/opt/nightcity/venv/lib/python3.12/site-packages/evennia/server/portal/telnet.py", line 334, in applicationDataReceived
	    if len(data) > 2 and _HTTP_REGEX.match(data[0]):
	builtins.TypeError: cannot use a string pattern on a bytes-like object
	
|Portal| 2026-03-03 02:23:23 [!!] Unhandled Error
	Traceback (most recent call last):
	  File "/opt/nightcity/venv/lib/python3.12/site-packages/twisted/internet/posixbase.py", line 491, in _doReadOrWrite
	    why = selectable.doRead()
	  File "/opt/nightcity/venv/lib/python3.12/site-packages/twisted/internet/tcp.py", line 250, in doRead
	    return self._dataReceived(data)
	  File "/opt/nightcity/venv/lib/python3.12/site-packages/twisted/internet/tcp.py", line 255, in _dataReceived
	    rval = self.protocol.dataReceived(data)
	  File "/opt/nightcity/venv/lib/python3.12/site-packages/evennia/server/portal/telnet.py", line 105, in dataReceived
	    super().dataReceived(data)
	  File "/opt/nightcity/venv/lib/python3.12/site-packages/twisted/conch/telnet.py", line 599, in dataReceived
	    self.applicationDataReceived(b"".join(appDataBuffer))
	  File "/opt/nightcity/venv/lib/python3.12/site-packages/evennia/server/portal/telnet.py", line 334, in applicationDataReceived
	    if len(data) > 2 and _HTTP_REGEX.match(data[0]):
	builtins.TypeError: cannot use a string pattern on a bytes-like object
	
|Portal| 2026-03-03 02:23:23 [!!] Unhandled Error
	Traceback (most recent call last):
	  File "/opt/nightcity/venv/lib/python3.12/site-packages/twisted/internet/posixbase.py", line 491, in _doReadOrWrite
	    why = selectable.doRead()
	  File "/opt/nightcity/venv/lib/python3.12/site-packages/twisted/internet/tcp.py", line 250, in doRead
	    return self._dataReceived(data)
	  File "/opt/nightcity/venv/lib/python3.12/site-packages/twisted/internet/tcp.py", line 255, in _dataReceived
	    rval = self.protocol.dataReceived(data)
	  File "/opt/nightcity/venv/lib/python3.12/site-packages/evennia/server/portal/telnet.py", line 105, in dataReceived
	    super().dataReceived(data)
	  File "/opt/nightcity/venv/lib/python3.12/site-packages/twisted/conch/telnet.py", line 599, in dataReceived
	    self.applicationDataReceived(b"".join(appDataBuffer))
	  File "/opt/nightcity/venv/lib/python3.12/site-packages/evennia/server/portal/telnet.py", line 334, in applicationDataReceived
	    if len(data) > 2 and _HTTP_REGEX.match(data[0]):
	builtins.TypeError: cannot use a string pattern on a bytes-like object
	
|Portal| 2026-03-03 02:23:24 [!!] Unhandled Error
	Traceback (most recent call last):
	  File "/opt/nightcity/venv/lib/python3.12/site-packages/twisted/internet/posixbase.py", line 491, in _doReadOrWrite
	    why = selectable.doRead()
	  File "/opt/nightcity/venv/lib/python3.12/site-packages/twisted/internet/tcp.py", line 250, in doRead
	    return self._dataReceived(data)
	  File "/opt/nightcity/venv/lib/python3.12/site-packages/twisted/internet/tcp.py", line 255, in _dataReceived
	    rval = self.protocol.dataReceived(data)
	  File "/opt/nightcity/venv/lib/python3.12/site-packages/evennia/server/portal/telnet.py", line 105, in dataReceived
	    super().dataReceived(data)
	  File "/opt/nightcity/venv/lib/python3.12/site-packages/twisted/conch/telnet.py", line 599, in dataReceived
	    self.applicationDataReceived(b"".join(appDataBuffer))
	  File "/opt/nightcity/venv/lib/python3.12/site-packages/evennia/server/portal/telnet.py", line 334, in applicationDataReceived
	    if len(data) > 2 and _HTTP_REGEX.match(data[0]):
	builtins.TypeError: cannot use a string pattern on a bytes-like object
	
|Portal| 2026-03-03 02:23:24 [!!] Unhandled Error
	Traceback (most recent call last):
	  File "/opt/nightcity/venv/lib/python3.12/site-packages/twisted/internet/posixbase.py", line 491, in _doReadOrWrite
	    why = selectable.doRead()
	  File "/opt/nightcity/venv/lib/python3.12/site-packages/twisted/internet/tcp.py", line 250, in doRead
	    return self._dataReceived(data)
	  File "/opt/nightcity/venv/lib/python3.12/site-packages/twisted/internet/tcp.py", line 255, in _dataReceived
	    rval = self.protocol.dataReceived(data)
	  File "/opt/nightcity/venv/lib/python3.12/site-packages/evennia/server/portal/telnet.py", line 105, in dataReceived
	    super().dataReceived(data)
	  File "/opt/nightcity/venv/lib/python3.12/site-packages/twisted/conch/telnet.py", line 599, in dataReceived
	    self.applicationDataReceived(b"".join(appDataBuffer))
	  File "/opt/nightcity/venv/lib/python3.12/site-packages/evennia/server/portal/telnet.py", line 334, in applicationDataReceived
	    if len(data) > 2 and _HTTP_REGEX.match(data[0]):
	builtins.TypeError: cannot use a string pattern on a bytes-like object
	
|Portal| 2026-03-03 02:23:24 [!!] Unhandled Error
	Traceback (most recent call last):
	  File "/opt/nightcity/venv/lib/python3.12/site-packages/twisted/internet/posixbase.py", line 491, in _doReadOrWrite
	    why = selectable.doRead()
	  File "/opt/nightcity/venv/lib/python3.12/site-packages/twisted/internet/tcp.py", line 250, in doRead
	    return self._dataReceived(data)
	  File "/opt/nightcity/venv/lib/python3.12/site-packages/twisted/internet/tcp.py", line 255, in _dataReceived
	    rval = self.protocol.dataReceived(data)
	  File "/opt/nightcity/venv/lib/python3.12/site-packages/evennia/server/portal/telnet.py", line 105, in dataReceived
	    super().dataReceived(data)
	  File "/opt/nightcity/venv/lib/python3.12/site-packages/twisted/conch/telnet.py", line 599, in dataReceived
	    self.applicationDataReceived(b"".join(appDataBuffer))
	  File "/opt/nightcity/venv/lib/python3.12/site-packages/evennia/server/portal/telnet.py", line 334, in applicationDataReceived
	    if len(data) > 2 and _HTTP_REGEX.match(data[0]):
	builtins.TypeError: cannot use a string pattern on a bytes-like object
	
|Portal| 2026-03-03 02:23:27 [!!] Unhandled Error
	Traceback (most recent call last):
	  File "/opt/nightcity/venv/lib/python3.12/site-packages/twisted/internet/posixbase.py", line 491, in _doReadOrWrite
	    why = selectable.doRead()
	  File "/opt/nightcity/venv/lib/python3.12/site-packages/twisted/internet/tcp.py", line 250, in doRead
	    return self._dataReceived(data)
	  File "/opt/nightcity/venv/lib/python3.12/site-packages/twisted/internet/tcp.py", line 255, in _dataReceived
	    rval = self.protocol.dataReceived(data)
	  File "/opt/nightcity/venv/lib/python3.12/site-packages/evennia/server/portal/telnet.py", line 105, in dataReceived
	    super().dataReceived(data)
	  File "/opt/nightcity/venv/lib/python3.12/site-packages/twisted/conch/telnet.py", line 599, in dataReceived
	    self.applicationDataReceived(b"".join(appDataBuffer))
	  File "/opt/nightcity/venv/lib/python3.12/site-packages/evennia/server/portal/telnet.py", line 334, in applicationDataReceived
	    if len(data) > 2 and _HTTP_REGEX.match(data[0]):
	builtins.TypeError: cannot use a string pattern on a bytes-like object
	
|Portal| 2026-03-03 02:23:27 [!!] Unhandled Error
	Traceback (most recent call last):
	  File "/opt/nightcity/venv/lib/python3.12/site-packages/twisted/internet/posixbase.py", line 491, in _doReadOrWrite
	    why = selectable.doRead()
	  File "/opt/nightcity/venv/lib/python3.12/site-packages/twisted/internet/tcp.py", line 250, in doRead
	    return self._dataReceived(data)
	  File "/opt/nightcity/venv/lib/python3.12/site-packages/twisted/internet/tcp.py", line 255, in _dataReceived
	    rval = self.protocol.dataReceived(data)
	  File "/opt/nightcity/venv/lib/python3.12/site-packages/evennia/server/portal/telnet.py", line 105, in dataReceived
	    super().dataReceived(data)
	  File "/opt/nightcity/venv/lib/python3.12/site-packages/twisted/conch/telnet.py", line 599, in dataReceived
	    self.applicationDataReceived(b"".join(appDataBuffer))
	  File "/opt/nightcity/venv/lib/python3.12/site-packages/evennia/server/portal/telnet.py", line 334, in applicationDataReceived
	    if len(data) > 2 and _HTTP_REGEX.match(data[0]):
	builtins.TypeError: cannot use a string pattern on a bytes-like object
	
|Portal| 2026-03-03 02:41:40 [!!] Unhandled Error
	Traceback (most recent call last):
	  File "/opt/nightcity/venv/lib/python3.12/site-packages/twisted/internet/posixbase.py", line 491, in _doReadOrWrite
	    why = selectable.doRead()
	  File "/opt/nightcity/venv/lib/python3.12/site-packages/twisted/internet/tcp.py", line 250, in doRead
	    return self._dataReceived(data)
	  File "/opt/nightcity/venv/lib/python3.12/site-packages/twisted/internet/tcp.py", line 255, in _dataReceived
	    rval = self.protocol.dataReceived(data)
	  File "/opt/nightcity/venv/lib/python3.12/site-packages/evennia/server/portal/telnet.py", line 105, in dataReceived
	    super().dataReceived(data)
	  File "/opt/nightcity/venv/lib/python3.12/site-packages/twisted/conch/telnet.py", line 599, in dataReceived
	    self.applicationDataReceived(b"".join(appDataBuffer))
	  File "/opt/nightcity/venv/lib/python3.12/site-packages/evennia/server/portal/telnet.py", line 334, in applicationDataReceived
	    if len(data) > 2 and _HTTP_REGEX.match(data[0]):
	builtins.TypeError: cannot use a string pattern on a bytes-like object
	
|Portal| 2026-03-03 02:44:42 [!!] Unhandled Error
	Traceback (most recent call last):
	  File "/opt/nightcity/venv/lib/python3.12/site-packages/twisted/internet/posixbase.py", line 491, in _doReadOrWrite
	    why = selectable.doRead()
	  File "/opt/nightcity/venv/lib/python3.12/site-packages/twisted/internet/tcp.py", line 250, in doRead
	    return self._dataReceived(data)
	  File "/opt/nightcity/venv/lib/python3.12/site-packages/twisted/internet/tcp.py", line 255, in _dataReceived
	    rval = self.protocol.dataReceived(data)
	  File "/opt/nightcity/venv/lib/python3.12/site-packages/evennia/server/portal/telnet.py", line 105, in dataReceived
	    super().dataReceived(data)
	  File "/opt/nightcity/venv/lib/python3.12/site-packages/twisted/conch/telnet.py", line 599, in dataReceived
	    self.applicationDataReceived(b"".join(appDataBuffer))
	  File "/opt/nightcity/venv/lib/python3.12/site-packages/evennia/server/portal/telnet.py", line 334, in applicationDataReceived
	    if len(data) > 2 and _HTTP_REGEX.match(data[0]):
	builtins.TypeError: cannot use a string pattern on a bytes-like object
	
|Portal| 2026-03-03 02:46:40 [EE] Malformed telnet input: ('Stumped', b'\x01')
|Portal| 2026-03-03 02:46:40 [EE] Malformed telnet input: ('Stumped', b'\x15')
|Portal| 2026-03-03 02:49:02 [EE] Malformed telnet input: ('Stumped', b'\xb8')
|Portal| 2026-03-03 02:49:02 [EE] Malformed telnet input: ('Stumped', b'\x15')
|Portal| 2026-03-03 05:49:10 [WW] dropping connection to peer tcp4:216.180.246.142:21258 with abort=True: WebSocket opening handshake timeout (peer did not finish the opening handshake in time)
|Portal| 2026-03-03 05:49:25 [WW] dropping connection to peer tcp4:216.180.246.142:27274 with abort=True: WebSocket opening handshake timeout (peer did not finish the opening handshake in time)
|Portal| 2026-03-03 05:49:51 [WW] dropping connection to peer tcp4:216.180.246.142:13490 with abort=False: None
|Portal| 2026-03-03 06:45:24 [WW] dropping connection to peer tcp4:195.3.221.86:45110 with abort=False: None
|Portal| 2026-03-03 06:45:26 [..] failing WebSocket opening handshake ('HTTP method 'POST' not allowed')
|Portal| 2026-03-03 06:45:26 [WW] dropping connection to peer tcp4:195.3.221.86:49438 with abort=False: HTTP method 'POST' not allowed
|Portal| 2026-03-03 06:45:28 [..] failing WebSocket opening handshake ('HTTP method 'POST' not allowed')
|Portal| 2026-03-03 06:45:28 [WW] dropping connection to peer tcp4:195.3.221.86:49454 with abort=False: HTTP method 'POST' not allowed
|Portal| 2026-03-03 06:45:28 [..] failing WebSocket opening handshake ('HTTP method 'POST' not allowed')
|Portal| 2026-03-03 06:45:28 [WW] dropping connection to peer tcp4:195.3.221.86:49476 with abort=False: HTTP method 'POST' not allowed
|Portal| 2026-03-03 06:45:29 [..] failing WebSocket opening handshake ('HTTP method 'POST' not allowed')
|Portal| 2026-03-03 06:45:29 [WW] dropping connection to peer tcp4:195.3.221.86:49484 with abort=False: HTTP method 'POST' not allowed
|Portal| 2026-03-03 06:45:29 [..] failing WebSocket opening handshake ('HTTP method 'POST' not allowed')
|Portal| 2026-03-03 06:45:29 [WW] dropping connection to peer tcp4:195.3.221.86:49492 with abort=False: HTTP method 'POST' not allowed
|Portal| 2026-03-03 06:45:29 [..] failing WebSocket opening handshake ('HTTP method 'POST' not allowed')
|Portal| 2026-03-03 06:45:29 [WW] dropping connection to peer tcp4:195.3.221.86:49504 with abort=False: HTTP method 'POST' not allowed
|Portal| 2026-03-03 12:49:58 [EE] Malformed telnet input: ('Stumped', b'\x01')
|Portal| 2026-03-03 12:49:58 [!!] Unhandled Error
	Traceback (most recent call last):
	  File "/opt/nightcity/venv/lib/python3.12/site-packages/twisted/internet/posixbase.py", line 491, in _doReadOrWrite
	    why = selectable.doRead()
	  File "/opt/nightcity/venv/lib/python3.12/site-packages/twisted/internet/tcp.py", line 250, in doRead
	    return self._dataReceived(data)
	  File "/opt/nightcity/venv/lib/python3.12/site-packages/twisted/internet/tcp.py", line 255, in _dataReceived
	    rval = self.protocol.dataReceived(data)
	  File "/opt/nightcity/venv/lib/python3.12/site-packages/evennia/server/portal/telnet.py", line 105, in dataReceived
	    super().dataReceived(data)
	  File "/opt/nightcity/venv/lib/python3.12/site-packages/twisted/conch/telnet.py", line 599, in dataReceived
	    self.applicationDataReceived(b"".join(appDataBuffer))
	  File "/opt/nightcity/venv/lib/python3.12/site-packages/evennia/server/portal/telnet.py", line 334, in applicationDataReceived
	    if len(data) > 2 and _HTTP_REGEX.match(data[0]):
	builtins.TypeError: cannot use a string pattern on a bytes-like object
	
|Portal| 2026-03-03 13:16:18 [EE] Malformed telnet input: ('Stumped', b'\x01')
|Portal| 2026-03-03 13:16:18 [!!] Unhandled Error
	Traceback (most recent call last):
	  File "/opt/nightcity/venv/lib/python3.12/site-packages/twisted/internet/posixbase.py", line 491, in _doReadOrWrite
	    why = selectable.doRead()
	  File "/opt/nightcity/venv/lib/python3.12/site-packages/twisted/internet/tcp.py", line 250, in doRead
	    return self._dataReceived(data)
	  File "/opt/nightcity/venv/lib/python3.12/site-packages/twisted/internet/tcp.py", line 255, in _dataReceived
	    rval = self.protocol.dataReceived(data)
	  File "/opt/nightcity/venv/lib/python3.12/site-packages/evennia/server/portal/telnet.py", line 105, in dataReceived
	    super().dataReceived(data)
	  File "/opt/nightcity/venv/lib/python3.12/site-packages/twisted/conch/telnet.py", line 599, in dataReceived
	    self.applicationDataReceived(b"".join(appDataBuffer))
	  File "/opt/nightcity/venv/lib/python3.12/site-packages/evennia/server/portal/telnet.py", line 334, in applicationDataReceived
	    if len(data) > 2 and _HTTP_REGEX.match(data[0]):
	builtins.TypeError: cannot use a string pattern on a bytes-like object
	
|Portal| 2026-03-03 15:52:43 [EE] Malformed telnet input: ('Stumped', b'\x01')
|Portal| 2026-03-03 15:52:43 [!!] Unhandled Error
	Traceback (most recent call last):
	  File "/opt/nightcity/venv/lib/python3.12/site-packages/twisted/internet/posixbase.py", line 491, in _doReadOrWrite
	    why = selectable.doRead()
	  File "/opt/nightcity/venv/lib/python3.12/site-packages/twisted/internet/tcp.py", line 250, in doRead
	    return self._dataReceived(data)
	  File "/opt/nightcity/venv/lib/python3.12/site-packages/twisted/internet/tcp.py", line 255, in _dataReceived
	    rval = self.protocol.dataReceived(data)
	  File "/opt/nightcity/venv/lib/python3.12/site-packages/evennia/server/portal/telnet.py", line 105, in dataReceived
	    super().dataReceived(data)
	  File "/opt/nightcity/venv/lib/python3.12/site-packages/twisted/conch/telnet.py", line 599, in dataReceived
	    self.applicationDataReceived(b"".join(appDataBuffer))
	  File "/opt/nightcity/venv/lib/python3.12/site-packages/evennia/server/portal/telnet.py", line 334, in applicationDataReceived
	    if len(data) > 2 and _HTTP_REGEX.match(data[0]):
	builtins.TypeError: cannot use a string pattern on a bytes-like object
	
|Portal| 2026-03-03 20:10:08 [..] Portal starting server ... 
|Portal| 2026-03-03 20:51:11 [!!] Unhandled Error
	Traceback (most recent call last):
	  File "/opt/nightcity/venv/lib/python3.12/site-packages/twisted/internet/posixbase.py", line 491, in _doReadOrWrite
	    why = selectable.doRead()
	  File "/opt/nightcity/venv/lib/python3.12/site-packages/twisted/internet/tcp.py", line 250, in doRead
	    return self._dataReceived(data)
	  File "/opt/nightcity/venv/lib/python3.12/site-packages/twisted/internet/tcp.py", line 255, in _dataReceived
	    rval = self.protocol.dataReceived(data)
	  File "/opt/nightcity/venv/lib/python3.12/site-packages/evennia/server/portal/telnet.py", line 105, in dataReceived
	    super().dataReceived(data)
	  File "/opt/nightcity/venv/lib/python3.12/site-packages/twisted/conch/telnet.py", line 599, in dataReceived
	    self.applicationDataReceived(b"".join(appDataBuffer))
	  File "/opt/nightcity/venv/lib/python3.12/site-packages/evennia/server/portal/telnet.py", line 334, in applicationDataReceived
	    if len(data) > 2 and _HTTP_REGEX.match(data[0]):
	builtins.TypeError: cannot use a string pattern on a bytes-like object
	
|Portal| 2026-03-03 21:23:15 [..] Portal starting server ... 
|Portal| 2026-03-03 23:19:02 [..] Portal starting server ... 
|Portal| 2026-03-03 23:20:27 [..] Portal starting server ... 
|Portal| 2026-03-03 23:22:08 [..] Portal starting server ... 
|Portal| 2026-03-03 23:24:50 [..] Portal starting server ... 
|Portal| 2026-03-03 23:26:19 [..] Portal starting server ... 
|Portal| 2026-03-03 23:28:25 [..] Portal starting server ... 
|Portal| 2026-03-03 23:32:43 [..] Portal starting server ... 
|Portal| 2026-03-03 23:38:54 [..] Portal starting server ... 
|Portal| 2026-03-03 23:39:45 [..] Portal starting server ... 
|Portal| 2026-03-03 23:40:54 [..] Portal starting server ... 
|Portal| 2026-03-03 23:45:15 [..] Portal starting server ... 
|Portal| 2026-03-03 23:51:57 [..] Portal starting server ... 
|Portal| 2026-03-04 00:34:32 [!!] Unhandled Error
	Traceback (most recent call last):
	  File "/opt/nightcity/venv/lib/python3.12/site-packages/twisted/internet/posixbase.py", line 491, in _doReadOrWrite
	    why = selectable.doRead()
	  File "/opt/nightcity/venv/lib/python3.12/site-packages/twisted/internet/tcp.py", line 250, in doRead
	    return self._dataReceived(data)
	  File "/opt/nightcity/venv/lib/python3.12/site-packages/twisted/internet/tcp.py", line 255, in _dataReceived
	    rval = self.protocol.dataReceived(data)
	  File "/opt/nightcity/venv/lib/python3.12/site-packages/evennia/server/portal/telnet.py", line 105, in dataReceived
	    super().dataReceived(data)
	  File "/opt/nightcity/venv/lib/python3.12/site-packages/twisted/conch/telnet.py", line 599, in dataReceived
	    self.applicationDataReceived(b"".join(appDataBuffer))
	  File "/opt/nightcity/venv/lib/python3.12/site-packages/evennia/server/portal/telnet.py", line 334, in applicationDataReceived
	    if len(data) > 2 and _HTTP_REGEX.match(data[0]):
	builtins.TypeError: cannot use a string pattern on a bytes-like object
	
|Portal| 2026-03-04 02:03:20 [!!] Unhandled Error
	Traceback (most recent call last):
	  File "/opt/nightcity/venv/lib/python3.12/site-packages/twisted/internet/posixbase.py", line 491, in _doReadOrWrite
	    why = selectable.doRead()
	  File "/opt/nightcity/venv/lib/python3.12/site-packages/twisted/internet/tcp.py", line 250, in doRead
	    return self._dataReceived(data)
	  File "/opt/nightcity/venv/lib/python3.12/site-packages/twisted/internet/tcp.py", line 255, in _dataReceived
	    rval = self.protocol.dataReceived(data)
	  File "/opt/nightcity/venv/lib/python3.12/site-packages/evennia/server/portal/telnet.py", line 105, in dataReceived
	    super().dataReceived(data)
	  File "/opt/nightcity/venv/lib/python3.12/site-packages/twisted/conch/telnet.py", line 599, in dataReceived
	    self.applicationDataReceived(b"".join(appDataBuffer))
	  File "/opt/nightcity/venv/lib/python3.12/site-packages/evennia/server/portal/telnet.py", line 334, in applicationDataReceived
	    if len(data) > 2 and _HTTP_REGEX.match(data[0]):
	builtins.TypeError: cannot use a string pattern on a bytes-like object
	
|Portal| 2026-03-04 02:06:05 [!!] Unhandled Error
	Traceback (most recent call last):
	  File "/opt/nightcity/venv/lib/python3.12/site-packages/twisted/internet/posixbase.py", line 491, in _doReadOrWrite
	    why = selectable.doRead()
	  File "/opt/nightcity/venv/lib/python3.12/site-packages/twisted/internet/tcp.py", line 250, in doRead
	    return self._dataReceived(data)
	  File "/opt/nightcity/venv/lib/python3.12/site-packages/twisted/internet/tcp.py", line 255, in _dataReceived
	    rval = self.protocol.dataReceived(data)
	  File "/opt/nightcity/venv/lib/python3.12/site-packages/evennia/server/portal/telnet.py", line 105, in dataReceived
	    super().dataReceived(data)
	  File "/opt/nightcity/venv/lib/python3.12/site-packages/twisted/conch/telnet.py", line 599, in dataReceived
	    self.applicationDataReceived(b"".join(appDataBuffer))
	  File "/opt/nightcity/venv/lib/python3.12/site-packages/evennia/server/portal/telnet.py", line 334, in applicationDataReceived
	    if len(data) > 2 and _HTTP_REGEX.match(data[0]):
	builtins.TypeError: cannot use a string pattern on a bytes-like object
	
|Portal| 2026-03-04 02:07:42 [EE] Malformed telnet input: ('Stumped', b'\x01')
|Portal| 2026-03-04 02:07:42 [EE] Malformed telnet input: ('Stumped', b'\x15')
|Portal| 2026-03-04 02:08:45 [EE] Malformed telnet input: ('Stumped', b'%')
|Portal| 2026-03-04 02:10:28 [EE] Malformed telnet input: ('Stumped', b'\x01')
|Portal| 2026-03-04 02:10:28 [EE] Malformed telnet input: ('Stumped', b'\x15')
|Portal| 2026-03-04 02:34:29 [!!] Unhandled Error
	Traceback (most recent call last):
	  File "/opt/nightcity/venv/lib/python3.12/site-packages/twisted/internet/posixbase.py", line 491, in _doReadOrWrite
	    why = selectable.doRead()
	  File "/opt/nightcity/venv/lib/python3.12/site-packages/twisted/internet/tcp.py", line 250, in doRead
	    return self._dataReceived(data)
	  File "/opt/nightcity/venv/lib/python3.12/site-packages/twisted/internet/tcp.py", line 255, in _dataReceived
	    rval = self.protocol.dataReceived(data)
	  File "/opt/nightcity/venv/lib/python3.12/site-packages/evennia/server/portal/telnet.py", line 105, in dataReceived
	    super().dataReceived(data)
	  File "/opt/nightcity/venv/lib/python3.12/site-packages/twisted/conch/telnet.py", line 599, in dataReceived
	    self.applicationDataReceived(b"".join(appDataBuffer))
	  File "/opt/nightcity/venv/lib/python3.12/site-packages/evennia/server/portal/telnet.py", line 334, in applicationDataReceived
	    if len(data) > 2 and _HTTP_REGEX.match(data[0]):
	builtins.TypeError: cannot use a string pattern on a bytes-like object
	
|Portal| 2026-03-04 07:29:29 [!!] Unhandled Error
	Traceback (most recent call last):
	  File "/opt/nightcity/venv/lib/python3.12/site-packages/twisted/internet/posixbase.py", line 491, in _doReadOrWrite
	    why = selectable.doRead()
	  File "/opt/nightcity/venv/lib/python3.12/site-packages/twisted/internet/tcp.py", line 250, in doRead
	    return self._dataReceived(data)
	  File "/opt/nightcity/venv/lib/python3.12/site-packages/twisted/internet/tcp.py", line 255, in _dataReceived
	    rval = self.protocol.dataReceived(data)
	  File "/opt/nightcity/venv/lib/python3.12/site-packages/evennia/server/portal/telnet.py", line 105, in dataReceived
	    super().dataReceived(data)
	  File "/opt/nightcity/venv/lib/python3.12/site-packages/twisted/conch/telnet.py", line 599, in dataReceived
	    self.applicationDataReceived(b"".join(appDataBuffer))
	  File "/opt/nightcity/venv/lib/python3.12/site-packages/evennia/server/portal/telnet.py", line 334, in applicationDataReceived
	    if len(data) > 2 and _HTTP_REGEX.match(data[0]):
	builtins.TypeError: cannot use a string pattern on a bytes-like object
	
|Portal| 2026-03-04 14:27:08 [!!] Unhandled Error
	Traceback (most recent call last):
	  File "/opt/nightcity/venv/lib/python3.12/site-packages/twisted/internet/posixbase.py", line 491, in _doReadOrWrite
	    why = selectable.doRead()
	  File "/opt/nightcity/venv/lib/python3.12/site-packages/twisted/internet/tcp.py", line 250, in doRead
	    return self._dataReceived(data)
	  File "/opt/nightcity/venv/lib/python3.12/site-packages/twisted/internet/tcp.py", line 255, in _dataReceived
	    rval = self.protocol.dataReceived(data)
	  File "/opt/nightcity/venv/lib/python3.12/site-packages/evennia/server/portal/telnet.py", line 105, in dataReceived
	    super().dataReceived(data)
	  File "/opt/nightcity/venv/lib/python3.12/site-packages/twisted/conch/telnet.py", line 599, in dataReceived
	    self.applicationDataReceived(b"".join(appDataBuffer))
	  File "/opt/nightcity/venv/lib/python3.12/site-packages/evennia/server/portal/telnet.py", line 334, in applicationDataReceived
	    if len(data) > 2 and _HTTP_REGEX.match(data[0]):
	builtins.TypeError: cannot use a string pattern on a bytes-like object
	
|Portal| 2026-03-04 19:05:24 [..] Timing out client: IPv4Address(type='TCP', host='85.217.149.8', port=48222)
|Portal| 2026-03-04 22:23:32 [EE] Malformed telnet input: ('Stumped', b'\x01')
|Portal| 2026-03-04 22:23:32 [EE] Malformed telnet input: ('Stumped', b'\x01')
|Portal| 2026-03-04 22:23:32 [EE] Malformed telnet input: ('Stumped', b'\x01')
|Portal| 2026-03-04 22:23:32 [EE] Malformed telnet input: ('Stumped', b'\x01')
|Portal| 2026-03-04 22:23:32 [!!] Unhandled Error
	Traceback (most recent call last):
	  File "/opt/nightcity/venv/lib/python3.12/site-packages/twisted/internet/posixbase.py", line 491, in _doReadOrWrite
	    why = selectable.doRead()
	  File "/opt/nightcity/venv/lib/python3.12/site-packages/twisted/internet/tcp.py", line 250, in doRead
	    return self._dataReceived(data)
	  File "/opt/nightcity/venv/lib/python3.12/site-packages/twisted/internet/tcp.py", line 255, in _dataReceived
	    rval = self.protocol.dataReceived(data)
	  File "/opt/nightcity/venv/lib/python3.12/site-packages/evennia/server/portal/telnet.py", line 105, in dataReceived
	    super().dataReceived(data)
	  File "/opt/nightcity/venv/lib/python3.12/site-packages/twisted/conch/telnet.py", line 599, in dataReceived
	    self.applicationDataReceived(b"".join(appDataBuffer))
	  File "/opt/nightcity/venv/lib/python3.12/site-packages/evennia/server/portal/telnet.py", line 334, in applicationDataReceived
	    if len(data) > 2 and _HTTP_REGEX.match(data[0]):
	builtins.TypeError: cannot use a string pattern on a bytes-like object
	
|Portal| 2026-03-04 22:23:32 [!!] Unhandled Error
	Traceback (most recent call last):
	  File "/opt/nightcity/venv/lib/python3.12/site-packages/twisted/internet/posixbase.py", line 491, in _doReadOrWrite
	    why = selectable.doRead()
	  File "/opt/nightcity/venv/lib/python3.12/site-packages/twisted/internet/tcp.py", line 250, in doRead
	    return self._dataReceived(data)
	  File "/opt/nightcity/venv/lib/python3.12/site-packages/twisted/internet/tcp.py", line 255, in _dataReceived
	    rval = self.protocol.dataReceived(data)
	  File "/opt/nightcity/venv/lib/python3.12/site-packages/evennia/server/portal/telnet.py", line 105, in dataReceived
	    super().dataReceived(data)
	  File "/opt/nightcity/venv/lib/python3.12/site-packages/twisted/conch/telnet.py", line 599, in dataReceived
	    self.applicationDataReceived(b"".join(appDataBuffer))
	  File "/opt/nightcity/venv/lib/python3.12/site-packages/evennia/server/portal/telnet.py", line 334, in applicationDataReceived
	    if len(data) > 2 and _HTTP_REGEX.match(data[0]):
	builtins.TypeError: cannot use a string pattern on a bytes-like object
	
|Portal| 2026-03-04 22:23:33 [EE] Malformed telnet input: ('Stumped', b'\x01')
|Portal| 2026-03-04 22:23:33 [!!] Unhandled Error
	Traceback (most recent call last):
	  File "/opt/nightcity/venv/lib/python3.12/site-packages/twisted/internet/posixbase.py", line 491, in _doReadOrWrite
	    why = selectable.doRead()
	  File "/opt/nightcity/venv/lib/python3.12/site-packages/twisted/internet/tcp.py", line 250, in doRead
	    return self._dataReceived(data)
	  File "/opt/nightcity/venv/lib/python3.12/site-packages/twisted/internet/tcp.py", line 255, in _dataReceived
	    rval = self.protocol.dataReceived(data)
	  File "/opt/nightcity/venv/lib/python3.12/site-packages/evennia/server/portal/telnet.py", line 105, in dataReceived
	    super().dataReceived(data)
	  File "/opt/nightcity/venv/lib/python3.12/site-packages/twisted/conch/telnet.py", line 599, in dataReceived
	    self.applicationDataReceived(b"".join(appDataBuffer))
	  File "/opt/nightcity/venv/lib/python3.12/site-packages/evennia/server/portal/telnet.py", line 334, in applicationDataReceived
	    if len(data) > 2 and _HTTP_REGEX.match(data[0]):
	builtins.TypeError: cannot use a string pattern on a bytes-like object
	
|Portal| 2026-03-04 22:23:33 [!!] Unhandled Error
	Traceback (most recent call last):
	  File "/opt/nightcity/venv/lib/python3.12/site-packages/twisted/internet/posixbase.py", line 491, in _doReadOrWrite
	    why = selectable.doRead()
	  File "/opt/nightcity/venv/lib/python3.12/site-packages/twisted/internet/tcp.py", line 250, in doRead
	    return self._dataReceived(data)
	  File "/opt/nightcity/venv/lib/python3.12/site-packages/twisted/internet/tcp.py", line 255, in _dataReceived
	    rval = self.protocol.dataReceived(data)
	  File "/opt/nightcity/venv/lib/python3.12/site-packages/evennia/server/portal/telnet.py", line 105, in dataReceived
	    super().dataReceived(data)
	  File "/opt/nightcity/venv/lib/python3.12/site-packages/twisted/conch/telnet.py", line 599, in dataReceived
	    self.applicationDataReceived(b"".join(appDataBuffer))
	  File "/opt/nightcity/venv/lib/python3.12/site-packages/evennia/server/portal/telnet.py", line 334, in applicationDataReceived
	    if len(data) > 2 and _HTTP_REGEX.match(data[0]):
	builtins.TypeError: cannot use a string pattern on a bytes-like object
	
|Portal| 2026-03-04 22:23:33 [!!] Unhandled Error
	Traceback (most recent call last):
	  File "/opt/nightcity/venv/lib/python3.12/site-packages/twisted/internet/posixbase.py", line 491, in _doReadOrWrite
	    why = selectable.doRead()
	  File "/opt/nightcity/venv/lib/python3.12/site-packages/twisted/internet/tcp.py", line 250, in doRead
	    return self._dataReceived(data)
	  File "/opt/nightcity/venv/lib/python3.12/site-packages/twisted/internet/tcp.py", line 255, in _dataReceived
	    rval = self.protocol.dataReceived(data)
	  File "/opt/nightcity/venv/lib/python3.12/site-packages/evennia/server/portal/telnet.py", line 105, in dataReceived
	    super().dataReceived(data)
	  File "/opt/nightcity/venv/lib/python3.12/site-packages/twisted/conch/telnet.py", line 599, in dataReceived
	    self.applicationDataReceived(b"".join(appDataBuffer))
	  File "/opt/nightcity/venv/lib/python3.12/site-packages/evennia/server/portal/telnet.py", line 334, in applicationDataReceived
	    if len(data) > 2 and _HTTP_REGEX.match(data[0]):
	builtins.TypeError: cannot use a string pattern on a bytes-like object
	
|Portal| 2026-03-04 23:55:11 [..] Portal starting server ... 
|Portal| 2026-03-04 23:56:16 [..] Portal starting server ... 
|Portal| 2026-03-04 23:58:09 [..] Portal starting server ... 
|Portal| 2026-03-05 00:03:39 [..] Portal starting server ... 
|Portal| 2026-03-05 00:06:29 [..] Portal starting server ... 
|Portal| 2026-03-05 00:07:48 [..] Portal starting server ... 
|Portal| 2026-03-05 00:10:50 [..] Portal starting server ... 
|Portal| 2026-03-05 00:14:09 [..] Portal starting server ... 
|Portal| 2026-03-05 00:23:09 [..] Portal starting server ... 
|Portal| 2026-03-05 00:24:33 [..] Portal starting server ... 
|Portal| 2026-03-05 00:27:49 [..] Portal starting server ... 
|Portal| 2026-03-05 00:32:07 [..] Portal starting server ... 
|Portal| 2026-03-05 00:40:35 [..] Portal starting server ... 
|Portal| 2026-03-05 00:57:36 [!!] Unhandled Error
	Traceback (most recent call last):
	  File "/opt/nightcity/venv/lib/python3.12/site-packages/twisted/internet/posixbase.py", line 491, in _doReadOrWrite
	    why = selectable.doRead()
	  File "/opt/nightcity/venv/lib/python3.12/site-packages/twisted/internet/tcp.py", line 250, in doRead
	    return self._dataReceived(data)
	  File "/opt/nightcity/venv/lib/python3.12/site-packages/twisted/internet/tcp.py", line 255, in _dataReceived
	    rval = self.protocol.dataReceived(data)
	  File "/opt/nightcity/venv/lib/python3.12/site-packages/evennia/server/portal/telnet.py", line 105, in dataReceived
	    super().dataReceived(data)
	  File "/opt/nightcity/venv/lib/python3.12/site-packages/twisted/conch/telnet.py", line 599, in dataReceived
	    self.applicationDataReceived(b"".join(appDataBuffer))
	  File "/opt/nightcity/venv/lib/python3.12/site-packages/evennia/server/portal/telnet.py", line 334, in applicationDataReceived
	    if len(data) > 2 and _HTTP_REGEX.match(data[0]):
	builtins.TypeError: cannot use a string pattern on a bytes-like object
	
|Portal| 2026-03-05 00:59:28 [!!] Unhandled Error
	Traceback (most recent call last):
	  File "/opt/nightcity/venv/lib/python3.12/site-packages/twisted/internet/posixbase.py", line 491, in _doReadOrWrite
	    why = selectable.doRead()
	  File "/opt/nightcity/venv/lib/python3.12/site-packages/twisted/internet/tcp.py", line 250, in doRead
	    return self._dataReceived(data)
	  File "/opt/nightcity/venv/lib/python3.12/site-packages/twisted/internet/tcp.py", line 255, in _dataReceived
	    rval = self.protocol.dataReceived(data)
	  File "/opt/nightcity/venv/lib/python3.12/site-packages/evennia/server/portal/telnet.py", line 105, in dataReceived
	    super().dataReceived(data)
	  File "/opt/nightcity/venv/lib/python3.12/site-packages/twisted/conch/telnet.py", line 599, in dataReceived
	    self.applicationDataReceived(b"".join(appDataBuffer))
	  File "/opt/nightcity/venv/lib/python3.12/site-packages/evennia/server/portal/telnet.py", line 334, in applicationDataReceived
	    if len(data) > 2 and _HTTP_REGEX.match(data[0]):
	builtins.TypeError: cannot use a string pattern on a bytes-like object
	
|Portal| 2026-03-05 01:01:04 [EE] Malformed telnet input: ('Stumped', b'\x01')
|Portal| 2026-03-05 01:01:04 [EE] Malformed telnet input: ('Stumped', b'\x15')
|Portal| 2026-03-05 03:36:49 [!!] Unhandled Error
	Traceback (most recent call last):
	  File "/opt/nightcity/venv/lib/python3.12/site-packages/twisted/internet/posixbase.py", line 491, in _doReadOrWrite
	    why = selectable.doRead()
	  File "/opt/nightcity/venv/lib/python3.12/site-packages/twisted/internet/tcp.py", line 250, in doRead
	    return self._dataReceived(data)
	  File "/opt/nightcity/venv/lib/python3.12/site-packages/twisted/internet/tcp.py", line 255, in _dataReceived
	    rval = self.protocol.dataReceived(data)
	  File "/opt/nightcity/venv/lib/python3.12/site-packages/evennia/server/portal/telnet.py", line 105, in dataReceived
	    super().dataReceived(data)
	  File "/opt/nightcity/venv/lib/python3.12/site-packages/twisted/conch/telnet.py", line 599, in dataReceived
	    self.applicationDataReceived(b"".join(appDataBuffer))
	  File "/opt/nightcity/venv/lib/python3.12/site-packages/evennia/server/portal/telnet.py", line 334, in applicationDataReceived
	    if len(data) > 2 and _HTTP_REGEX.match(data[0]):
	builtins.TypeError: cannot use a string pattern on a bytes-like object
	
|Portal| 2026-03-05 03:36:49 [!!] Unhandled Error
	Traceback (most recent call last):
	  File "/opt/nightcity/venv/lib/python3.12/site-packages/twisted/internet/posixbase.py", line 491, in _doReadOrWrite
	    why = selectable.doRead()
	  File "/opt/nightcity/venv/lib/python3.12/site-packages/twisted/internet/tcp.py", line 250, in doRead
	    return self._dataReceived(data)
	  File "/opt/nightcity/venv/lib/python3.12/site-packages/twisted/internet/tcp.py", line 255, in _dataReceived
	    rval = self.protocol.dataReceived(data)
	  File "/opt/nightcity/venv/lib/python3.12/site-packages/evennia/server/portal/telnet.py", line 105, in dataReceived
	    super().dataReceived(data)
	  File "/opt/nightcity/venv/lib/python3.12/site-packages/twisted/conch/telnet.py", line 599, in dataReceived
	    self.applicationDataReceived(b"".join(appDataBuffer))
	  File "/opt/nightcity/venv/lib/python3.12/site-packages/evennia/server/portal/telnet.py", line 334, in applicationDataReceived
	    if len(data) > 2 and _HTTP_REGEX.match(data[0]):
	builtins.TypeError: cannot use a string pattern on a bytes-like object
	
|Portal| 2026-03-05 03:39:07 [EE] Malformed telnet input: ('Stumped', b'\x01')
|Portal| 2026-03-05 03:39:07 [EE] Malformed telnet input: ('Stumped', b'\x15')
|Portal| 2026-03-05 03:42:12 [EE] Malformed telnet input: ('Stumped', b'\x01')
|Portal| 2026-03-05 03:42:12 [EE] Malformed telnet input: ('Stumped', b'\x15')
|Portal| 2026-03-05 03:46:45 [!!] Unhandled Error
	Traceback (most recent call last):
	  File "/opt/nightcity/venv/lib/python3.12/site-packages/twisted/internet/posixbase.py", line 491, in _doReadOrWrite
	    why = selectable.doRead()
	  File "/opt/nightcity/venv/lib/python3.12/site-packages/twisted/internet/tcp.py", line 250, in doRead
	    return self._dataReceived(data)
	  File "/opt/nightcity/venv/lib/python3.12/site-packages/twisted/internet/tcp.py", line 255, in _dataReceived
	    rval = self.protocol.dataReceived(data)
	  File "/opt/nightcity/venv/lib/python3.12/site-packages/evennia/server/portal/telnet.py", line 105, in dataReceived
	    super().dataReceived(data)
	  File "/opt/nightcity/venv/lib/python3.12/site-packages/twisted/conch/telnet.py", line 599, in dataReceived
	    self.applicationDataReceived(b"".join(appDataBuffer))
	  File "/opt/nightcity/venv/lib/python3.12/site-packages/evennia/server/portal/telnet.py", line 334, in applicationDataReceived
	    if len(data) > 2 and _HTTP_REGEX.match(data[0]):
	builtins.TypeError: cannot use a string pattern on a bytes-like object
	
|Portal| 2026-03-05 04:15:03 [!!] Unhandled Error
	Traceback (most recent call last):
	  File "/opt/nightcity/venv/lib/python3.12/site-packages/twisted/internet/posixbase.py", line 491, in _doReadOrWrite
	    why = selectable.doRead()
	  File "/opt/nightcity/venv/lib/python3.12/site-packages/twisted/internet/tcp.py", line 250, in doRead
	    return self._dataReceived(data)
	  File "/opt/nightcity/venv/lib/python3.12/site-packages/twisted/internet/tcp.py", line 255, in _dataReceived
	    rval = self.protocol.dataReceived(data)
	  File "/opt/nightcity/venv/lib/python3.12/site-packages/evennia/server/portal/telnet.py", line 105, in dataReceived
	    super().dataReceived(data)
	  File "/opt/nightcity/venv/lib/python3.12/site-packages/twisted/conch/telnet.py", line 599, in dataReceived
	    self.applicationDataReceived(b"".join(appDataBuffer))
	  File "/opt/nightcity/venv/lib/python3.12/site-packages/evennia/server/portal/telnet.py", line 334, in applicationDataReceived
	    if len(data) > 2 and _HTTP_REGEX.match(data[0]):
	builtins.TypeError: cannot use a string pattern on a bytes-like object
	
|Portal| 2026-03-05 04:15:03 [!!] Unhandled Error
	Traceback (most recent call last):
	  File "/opt/nightcity/venv/lib/python3.12/site-packages/twisted/internet/posixbase.py", line 491, in _doReadOrWrite
	    why = selectable.doRead()
	  File "/opt/nightcity/venv/lib/python3.12/site-packages/twisted/internet/tcp.py", line 250, in doRead
	    return self._dataReceived(data)
	  File "/opt/nightcity/venv/lib/python3.12/site-packages/twisted/internet/tcp.py", line 255, in _dataReceived
	    rval = self.protocol.dataReceived(data)
	  File "/opt/nightcity/venv/lib/python3.12/site-packages/evennia/server/portal/telnet.py", line 105, in dataReceived
	    super().dataReceived(data)
	  File "/opt/nightcity/venv/lib/python3.12/site-packages/twisted/conch/telnet.py", line 599, in dataReceived
	    self.applicationDataReceived(b"".join(appDataBuffer))
	  File "/opt/nightcity/venv/lib/python3.12/site-packages/evennia/server/portal/telnet.py", line 334, in applicationDataReceived
	    if len(data) > 2 and _HTTP_REGEX.match(data[0]):
	builtins.TypeError: cannot use a string pattern on a bytes-like object
	
|Portal| 2026-03-05 04:15:04 [!!] Unhandled Error
	Traceback (most recent call last):
	  File "/opt/nightcity/venv/lib/python3.12/site-packages/twisted/internet/posixbase.py", line 491, in _doReadOrWrite
	    why = selectable.doRead()
	  File "/opt/nightcity/venv/lib/python3.12/site-packages/twisted/internet/tcp.py", line 250, in doRead
	    return self._dataReceived(data)
	  File "/opt/nightcity/venv/lib/python3.12/site-packages/twisted/internet/tcp.py", line 255, in _dataReceived
	    rval = self.protocol.dataReceived(data)
	  File "/opt/nightcity/venv/lib/python3.12/site-packages/evennia/server/portal/telnet.py", line 105, in dataReceived
	    super().dataReceived(data)
	  File "/opt/nightcity/venv/lib/python3.12/site-packages/twisted/conch/telnet.py", line 599, in dataReceived
	    self.applicationDataReceived(b"".join(appDataBuffer))
	  File "/opt/nightcity/venv/lib/python3.12/site-packages/evennia/server/portal/telnet.py", line 334, in applicationDataReceived
	    if len(data) > 2 and _HTTP_REGEX.match(data[0]):
	builtins.TypeError: cannot use a string pattern on a bytes-like object
	
|Portal| 2026-03-05 04:15:04 [!!] Unhandled Error
	Traceback (most recent call last):
	  File "/opt/nightcity/venv/lib/python3.12/site-packages/twisted/internet/posixbase.py", line 491, in _doReadOrWrite
	    why = selectable.doRead()
	  File "/opt/nightcity/venv/lib/python3.12/site-packages/twisted/internet/tcp.py", line 250, in doRead
	    return self._dataReceived(data)
	  File "/opt/nightcity/venv/lib/python3.12/site-packages/twisted/internet/tcp.py", line 255, in _dataReceived
	    rval = self.protocol.dataReceived(data)
	  File "/opt/nightcity/venv/lib/python3.12/site-packages/evennia/server/portal/telnet.py", line 105, in dataReceived
	    super().dataReceived(data)
	  File "/opt/nightcity/venv/lib/python3.12/site-packages/twisted/conch/telnet.py", line 599, in dataReceived
	    self.applicationDataReceived(b"".join(appDataBuffer))
	  File "/opt/nightcity/venv/lib/python3.12/site-packages/evennia/server/portal/telnet.py", line 334, in applicationDataReceived
	    if len(data) > 2 and _HTTP_REGEX.match(data[0]):
	builtins.TypeError: cannot use a string pattern on a bytes-like object
	
|Portal| 2026-03-05 04:15:05 [!!] Unhandled Error
	Traceback (most recent call last):
	  File "/opt/nightcity/venv/lib/python3.12/site-packages/twisted/internet/posixbase.py", line 491, in _doReadOrWrite
	    why = selectable.doRead()
	  File "/opt/nightcity/venv/lib/python3.12/site-packages/twisted/internet/tcp.py", line 250, in doRead
	    return self._dataReceived(data)
	  File "/opt/nightcity/venv/lib/python3.12/site-packages/twisted/internet/tcp.py", line 255, in _dataReceived
	    rval = self.protocol.dataReceived(data)
	  File "/opt/nightcity/venv/lib/python3.12/site-packages/evennia/server/portal/telnet.py", line 105, in dataReceived
	    super().dataReceived(data)
	  File "/opt/nightcity/venv/lib/python3.12/site-packages/twisted/conch/telnet.py", line 599, in dataReceived
	    self.applicationDataReceived(b"".join(appDataBuffer))
	  File "/opt/nightcity/venv/lib/python3.12/site-packages/evennia/server/portal/telnet.py", line 334, in applicationDataReceived
	    if len(data) > 2 and _HTTP_REGEX.match(data[0]):
	builtins.TypeError: cannot use a string pattern on a bytes-like object
	
|Portal| 2026-03-05 04:15:05 [!!] Unhandled Error
	Traceback (most recent call last):
	  File "/opt/nightcity/venv/lib/python3.12/site-packages/twisted/internet/posixbase.py", line 491, in _doReadOrWrite
	    why = selectable.doRead()
	  File "/opt/nightcity/venv/lib/python3.12/site-packages/twisted/internet/tcp.py", line 250, in doRead
	    return self._dataReceived(data)
	  File "/opt/nightcity/venv/lib/python3.12/site-packages/twisted/internet/tcp.py", line 255, in _dataReceived
	    rval = self.protocol.dataReceived(data)
	  File "/opt/nightcity/venv/lib/python3.12/site-packages/evennia/server/portal/telnet.py", line 105, in dataReceived
	    super().dataReceived(data)
	  File "/opt/nightcity/venv/lib/python3.12/site-packages/twisted/conch/telnet.py", line 599, in dataReceived
	    self.applicationDataReceived(b"".join(appDataBuffer))
	  File "/opt/nightcity/venv/lib/python3.12/site-packages/evennia/server/portal/telnet.py", line 334, in applicationDataReceived
	    if len(data) > 2 and _HTTP_REGEX.match(data[0]):
	builtins.TypeError: cannot use a string pattern on a bytes-like object
	
|Portal| 2026-03-05 04:59:11 [!!] Unhandled Error
	Traceback (most recent call last):
	  File "/opt/nightcity/venv/lib/python3.12/site-packages/twisted/internet/posixbase.py", line 491, in _doReadOrWrite
	    why = selectable.doRead()
	  File "/opt/nightcity/venv/lib/python3.12/site-packages/twisted/internet/tcp.py", line 250, in doRead
	    return self._dataReceived(data)
	  File "/opt/nightcity/venv/lib/python3.12/site-packages/twisted/internet/tcp.py", line 255, in _dataReceived
	    rval = self.protocol.dataReceived(data)
	  File "/opt/nightcity/venv/lib/python3.12/site-packages/evennia/server/portal/telnet.py", line 105, in dataReceived
	    super().dataReceived(data)
	  File "/opt/nightcity/venv/lib/python3.12/site-packages/twisted/conch/telnet.py", line 599, in dataReceived
	    self.applicationDataReceived(b"".join(appDataBuffer))
	  File "/opt/nightcity/venv/lib/python3.12/site-packages/evennia/server/portal/telnet.py", line 334, in applicationDataReceived
	    if len(data) > 2 and _HTTP_REGEX.match(data[0]):
	builtins.TypeError: cannot use a string pattern on a bytes-like object
	
|Portal| 2026-03-05 06:17:30 [!!] Unhandled Error
	Traceback (most recent call last):
	  File "/opt/nightcity/venv/lib/python3.12/site-packages/twisted/internet/posixbase.py", line 491, in _doReadOrWrite
	    why = selectable.doRead()
	  File "/opt/nightcity/venv/lib/python3.12/site-packages/twisted/internet/tcp.py", line 250, in doRead
	    return self._dataReceived(data)
	  File "/opt/nightcity/venv/lib/python3.12/site-packages/twisted/internet/tcp.py", line 255, in _dataReceived
	    rval = self.protocol.dataReceived(data)
	  File "/opt/nightcity/venv/lib/python3.12/site-packages/evennia/server/portal/telnet.py", line 105, in dataReceived
	    super().dataReceived(data)
	  File "/opt/nightcity/venv/lib/python3.12/site-packages/twisted/conch/telnet.py", line 599, in dataReceived
	    self.applicationDataReceived(b"".join(appDataBuffer))
	  File "/opt/nightcity/venv/lib/python3.12/site-packages/evennia/server/portal/telnet.py", line 334, in applicationDataReceived
	    if len(data) > 2 and _HTTP_REGEX.match(data[0]):
	builtins.TypeError: cannot use a string pattern on a bytes-like object
	
|Portal| 2026-03-05 08:24:53 [!!] Unhandled Error
	Traceback (most recent call last):
	  File "/opt/nightcity/venv/lib/python3.12/site-packages/twisted/internet/posixbase.py", line 491, in _doReadOrWrite
	    why = selectable.doRead()
	  File "/opt/nightcity/venv/lib/python3.12/site-packages/twisted/internet/tcp.py", line 250, in doRead
	    return self._dataReceived(data)
	  File "/opt/nightcity/venv/lib/python3.12/site-packages/twisted/internet/tcp.py", line 255, in _dataReceived
	    rval = self.protocol.dataReceived(data)
	  File "/opt/nightcity/venv/lib/python3.12/site-packages/evennia/server/portal/telnet.py", line 105, in dataReceived
	    super().dataReceived(data)
	  File "/opt/nightcity/venv/lib/python3.12/site-packages/twisted/conch/telnet.py", line 599, in dataReceived
	    self.applicationDataReceived(b"".join(appDataBuffer))
	  File "/opt/nightcity/venv/lib/python3.12/site-packages/evennia/server/portal/telnet.py", line 334, in applicationDataReceived
	    if len(data) > 2 and _HTTP_REGEX.match(data[0]):
	builtins.TypeError: cannot use a string pattern on a bytes-like object
	
|Portal| 2026-03-05 08:24:53 [EE] Malformed telnet input: ('Stumped', b'\x01')
|Portal| 2026-03-05 08:24:53 [EE] Malformed telnet input: ('Stumped', b'\x15')
|Portal| 2026-03-05 10:18:38 [EE] Malformed telnet input: ('Stumped', b'\x01')
|Portal| 2026-03-05 10:18:38 [!!] Unhandled Error
	Traceback (most recent call last):
	  File "/opt/nightcity/venv/lib/python3.12/site-packages/twisted/internet/posixbase.py", line 491, in _doReadOrWrite
	    why = selectable.doRead()
	  File "/opt/nightcity/venv/lib/python3.12/site-packages/twisted/internet/tcp.py", line 250, in doRead
	    return self._dataReceived(data)
	  File "/opt/nightcity/venv/lib/python3.12/site-packages/twisted/internet/tcp.py", line 255, in _dataReceived
	    rval = self.protocol.dataReceived(data)
	  File "/opt/nightcity/venv/lib/python3.12/site-packages/evennia/server/portal/telnet.py", line 105, in dataReceived
	    super().dataReceived(data)
	  File "/opt/nightcity/venv/lib/python3.12/site-packages/twisted/conch/telnet.py", line 599, in dataReceived
	    self.applicationDataReceived(b"".join(appDataBuffer))
	  File "/opt/nightcity/venv/lib/python3.12/site-packages/evennia/server/portal/telnet.py", line 334, in applicationDataReceived
	    if len(data) > 2 and _HTTP_REGEX.match(data[0]):
	builtins.TypeError: cannot use a string pattern on a bytes-like object
	
|Portal| 2026-03-05 12:25:44 [!!] Unhandled Error
	Traceback (most recent call last):
	  File "/opt/nightcity/venv/lib/python3.12/site-packages/twisted/internet/posixbase.py", line 491, in _doReadOrWrite
	    why = selectable.doRead()
	  File "/opt/nightcity/venv/lib/python3.12/site-packages/twisted/internet/tcp.py", line 250, in doRead
	    return self._dataReceived(data)
	  File "/opt/nightcity/venv/lib/python3.12/site-packages/twisted/internet/tcp.py", line 255, in _dataReceived
	    rval = self.protocol.dataReceived(data)
	  File "/opt/nightcity/venv/lib/python3.12/site-packages/evennia/server/portal/telnet.py", line 105, in dataReceived
	    super().dataReceived(data)
	  File "/opt/nightcity/venv/lib/python3.12/site-packages/twisted/conch/telnet.py", line 599, in dataReceived
	    self.applicationDataReceived(b"".join(appDataBuffer))
	  File "/opt/nightcity/venv/lib/python3.12/site-packages/evennia/server/portal/telnet.py", line 334, in applicationDataReceived
	    if len(data) > 2 and _HTTP_REGEX.match(data[0]):
	builtins.TypeError: cannot use a string pattern on a bytes-like object
	
|Portal| 2026-03-05 17:45:38 [!!] Unhandled Error
	Traceback (most recent call last):
	  File "/opt/nightcity/venv/lib/python3.12/site-packages/twisted/internet/posixbase.py", line 491, in _doReadOrWrite
	    why = selectable.doRead()
	  File "/opt/nightcity/venv/lib/python3.12/site-packages/twisted/internet/tcp.py", line 250, in doRead
	    return self._dataReceived(data)
	  File "/opt/nightcity/venv/lib/python3.12/site-packages/twisted/internet/tcp.py", line 255, in _dataReceived
	    rval = self.protocol.dataReceived(data)
	  File "/opt/nightcity/venv/lib/python3.12/site-packages/evennia/server/portal/telnet.py", line 105, in dataReceived
	    super().dataReceived(data)
	  File "/opt/nightcity/venv/lib/python3.12/site-packages/twisted/conch/telnet.py", line 599, in dataReceived
	    self.applicationDataReceived(b"".join(appDataBuffer))
	  File "/opt/nightcity/venv/lib/python3.12/site-packages/evennia/server/portal/telnet.py", line 334, in applicationDataReceived
	    if len(data) > 2 and _HTTP_REGEX.match(data[0]):
	builtins.TypeError: cannot use a string pattern on a bytes-like object
	
|Portal| 2026-03-05 17:45:38 [!!] Unhandled Error
	Traceback (most recent call last):
	  File "/opt/nightcity/venv/lib/python3.12/site-packages/twisted/internet/posixbase.py", line 491, in _doReadOrWrite
	    why = selectable.doRead()
	  File "/opt/nightcity/venv/lib/python3.12/site-packages/twisted/internet/tcp.py", line 250, in doRead
	    return self._dataReceived(data)
	  File "/opt/nightcity/venv/lib/python3.12/site-packages/twisted/internet/tcp.py", line 255, in _dataReceived
	    rval = self.protocol.dataReceived(data)
	  File "/opt/nightcity/venv/lib/python3.12/site-packages/evennia/server/portal/telnet.py", line 105, in dataReceived
	    super().dataReceived(data)
	  File "/opt/nightcity/venv/lib/python3.12/site-packages/twisted/conch/telnet.py", line 599, in dataReceived
	    self.applicationDataReceived(b"".join(appDataBuffer))
	  File "/opt/nightcity/venv/lib/python3.12/site-packages/evennia/server/portal/telnet.py", line 334, in applicationDataReceived
	    if len(data) > 2 and _HTTP_REGEX.match(data[0]):
	builtins.TypeError: cannot use a string pattern on a bytes-like object
	
|Portal| 2026-03-05 17:45:39 [!!] Unhandled Error
	Traceback (most recent call last):
	  File "/opt/nightcity/venv/lib/python3.12/site-packages/twisted/internet/posixbase.py", line 491, in _doReadOrWrite
	    why = selectable.doRead()
	  File "/opt/nightcity/venv/lib/python3.12/site-packages/twisted/internet/tcp.py", line 250, in doRead
	    return self._dataReceived(data)
	  File "/opt/nightcity/venv/lib/python3.12/site-packages/twisted/internet/tcp.py", line 255, in _dataReceived
	    rval = self.protocol.dataReceived(data)
	  File "/opt/nightcity/venv/lib/python3.12/site-packages/evennia/server/portal/telnet.py", line 105, in dataReceived
	    super().dataReceived(data)
	  File "/opt/nightcity/venv/lib/python3.12/site-packages/twisted/conch/telnet.py", line 599, in dataReceived
	    self.applicationDataReceived(b"".join(appDataBuffer))
	  File "/opt/nightcity/venv/lib/python3.12/site-packages/evennia/server/portal/telnet.py", line 334, in applicationDataReceived
	    if len(data) > 2 and _HTTP_REGEX.match(data[0]):
	builtins.TypeError: cannot use a string pattern on a bytes-like object
	
|Portal| 2026-03-05 17:45:39 [!!] Unhandled Error
	Traceback (most recent call last):
	  File "/opt/nightcity/venv/lib/python3.12/site-packages/twisted/internet/posixbase.py", line 491, in _doReadOrWrite
	    why = selectable.doRead()
	  File "/opt/nightcity/venv/lib/python3.12/site-packages/twisted/internet/tcp.py", line 250, in doRead
	    return self._dataReceived(data)
	  File "/opt/nightcity/venv/lib/python3.12/site-packages/twisted/internet/tcp.py", line 255, in _dataReceived
	    rval = self.protocol.dataReceived(data)
	  File "/opt/nightcity/venv/lib/python3.12/site-packages/evennia/server/portal/telnet.py", line 105, in dataReceived
	    super().dataReceived(data)
	  File "/opt/nightcity/venv/lib/python3.12/site-packages/twisted/conch/telnet.py", line 599, in dataReceived
	    self.applicationDataReceived(b"".join(appDataBuffer))
	  File "/opt/nightcity/venv/lib/python3.12/site-packages/evennia/server/portal/telnet.py", line 334, in applicationDataReceived
	    if len(data) > 2 and _HTTP_REGEX.match(data[0]):
	builtins.TypeError: cannot use a string pattern on a bytes-like object
	
|Portal| 2026-03-05 17:45:40 [!!] Unhandled Error
	Traceback (most recent call last):
	  File "/opt/nightcity/venv/lib/python3.12/site-packages/twisted/internet/posixbase.py", line 491, in _doReadOrWrite
	    why = selectable.doRead()
	  File "/opt/nightcity/venv/lib/python3.12/site-packages/twisted/internet/tcp.py", line 250, in doRead
	    return self._dataReceived(data)
	  File "/opt/nightcity/venv/lib/python3.12/site-packages/twisted/internet/tcp.py", line 255, in _dataReceived
	    rval = self.protocol.dataReceived(data)
	  File "/opt/nightcity/venv/lib/python3.12/site-packages/evennia/server/portal/telnet.py", line 105, in dataReceived
	    super().dataReceived(data)
	  File "/opt/nightcity/venv/lib/python3.12/site-packages/twisted/conch/telnet.py", line 599, in dataReceived
	    self.applicationDataReceived(b"".join(appDataBuffer))
	  File "/opt/nightcity/venv/lib/python3.12/site-packages/evennia/server/portal/telnet.py", line 334, in applicationDataReceived
	    if len(data) > 2 and _HTTP_REGEX.match(data[0]):
	builtins.TypeError: cannot use a string pattern on a bytes-like object
	
|Portal| 2026-03-05 17:45:40 [!!] Unhandled Error
	Traceback (most recent call last):
	  File "/opt/nightcity/venv/lib/python3.12/site-packages/twisted/internet/posixbase.py", line 491, in _doReadOrWrite
	    why = selectable.doRead()
	  File "/opt/nightcity/venv/lib/python3.12/site-packages/twisted/internet/tcp.py", line 250, in doRead
	    return self._dataReceived(data)
	  File "/opt/nightcity/venv/lib/python3.12/site-packages/twisted/internet/tcp.py", line 255, in _dataReceived
	    rval = self.protocol.dataReceived(data)
	  File "/opt/nightcity/venv/lib/python3.12/site-packages/evennia/server/portal/telnet.py", line 105, in dataReceived
	    super().dataReceived(data)
	  File "/opt/nightcity/venv/lib/python3.12/site-packages/twisted/conch/telnet.py", line 599, in dataReceived
	    self.applicationDataReceived(b"".join(appDataBuffer))
	  File "/opt/nightcity/venv/lib/python3.12/site-packages/evennia/server/portal/telnet.py", line 334, in applicationDataReceived
	    if len(data) > 2 and _HTTP_REGEX.match(data[0]):
	builtins.TypeError: cannot use a string pattern on a bytes-like object
	
|Portal| 2026-03-05 20:02:17 [!!] Unhandled Error
	Traceback (most recent call last):
	  File "/opt/nightcity/venv/lib/python3.12/site-packages/twisted/internet/posixbase.py", line 491, in _doReadOrWrite
	    why = selectable.doRead()
	  File "/opt/nightcity/venv/lib/python3.12/site-packages/twisted/internet/tcp.py", line 250, in doRead
	    return self._dataReceived(data)
	  File "/opt/nightcity/venv/lib/python3.12/site-packages/twisted/internet/tcp.py", line 255, in _dataReceived
	    rval = self.protocol.dataReceived(data)
	  File "/opt/nightcity/venv/lib/python3.12/site-packages/evennia/server/portal/telnet.py", line 105, in dataReceived
	    super().dataReceived(data)
	  File "/opt/nightcity/venv/lib/python3.12/site-packages/twisted/conch/telnet.py", line 599, in dataReceived
	    self.applicationDataReceived(b"".join(appDataBuffer))
	  File "/opt/nightcity/venv/lib/python3.12/site-packages/evennia/server/portal/telnet.py", line 334, in applicationDataReceived
	    if len(data) > 2 and _HTTP_REGEX.match(data[0]):
	builtins.TypeError: cannot use a string pattern on a bytes-like object
	
|Portal| 2026-03-05 22:15:31 [WW] dropping connection to peer tcp4:85.217.149.1:51114 with abort=True: WebSocket opening handshake timeout (peer did not finish the opening handshake in time)
|Portal| 2026-03-06 01:12:00 [EE] Malformed telnet input: ('Stumped', b'\x9f')
|Portal| 2026-03-06 01:12:01 [!!] Unhandled Error
	Traceback (most recent call last):
	  File "/opt/nightcity/venv/lib/python3.12/site-packages/twisted/internet/posixbase.py", line 491, in _doReadOrWrite
	    why = selectable.doRead()
	  File "/opt/nightcity/venv/lib/python3.12/site-packages/twisted/internet/tcp.py", line 250, in doRead
	    return self._dataReceived(data)
	  File "/opt/nightcity/venv/lib/python3.12/site-packages/twisted/internet/tcp.py", line 255, in _dataReceived
	    rval = self.protocol.dataReceived(data)
	  File "/opt/nightcity/venv/lib/python3.12/site-packages/evennia/server/portal/telnet.py", line 105, in dataReceived
	    super().dataReceived(data)
	  File "/opt/nightcity/venv/lib/python3.12/site-packages/twisted/conch/telnet.py", line 599, in dataReceived
	    self.applicationDataReceived(b"".join(appDataBuffer))
	  File "/opt/nightcity/venv/lib/python3.12/site-packages/evennia/server/portal/telnet.py", line 334, in applicationDataReceived
	    if len(data) > 2 and _HTTP_REGEX.match(data[0]):
	builtins.TypeError: cannot use a string pattern on a bytes-like object
	
|Portal| 2026-03-06 02:07:07 [WW] dropping connection to peer tcp4:85.217.149.54:55478 with abort=True: WebSocket opening handshake timeout (peer did not finish the opening handshake in time)
|Portal| 2026-03-06 02:41:21 [!!] Unhandled Error
	Traceback (most recent call last):
	  File "/opt/nightcity/venv/lib/python3.12/site-packages/twisted/internet/posixbase.py", line 491, in _doReadOrWrite
	    why = selectable.doRead()
	  File "/opt/nightcity/venv/lib/python3.12/site-packages/twisted/internet/tcp.py", line 250, in doRead
	    return self._dataReceived(data)
	  File "/opt/nightcity/venv/lib/python3.12/site-packages/twisted/internet/tcp.py", line 255, in _dataReceived
	    rval = self.protocol.dataReceived(data)
	  File "/opt/nightcity/venv/lib/python3.12/site-packages/evennia/server/portal/telnet.py", line 105, in dataReceived
	    super().dataReceived(data)
	  File "/opt/nightcity/venv/lib/python3.12/site-packages/twisted/conch/telnet.py", line 599, in dataReceived
	    self.applicationDataReceived(b"".join(appDataBuffer))
	  File "/opt/nightcity/venv/lib/python3.12/site-packages/evennia/server/portal/telnet.py", line 334, in applicationDataReceived
	    if len(data) > 2 and _HTTP_REGEX.match(data[0]):
	builtins.TypeError: cannot use a string pattern on a bytes-like object
	
|Portal| 2026-03-06 02:43:38 [!!] Unhandled Error
	Traceback (most recent call last):
	  File "/opt/nightcity/venv/lib/python3.12/site-packages/twisted/internet/posixbase.py", line 491, in _doReadOrWrite
	    why = selectable.doRead()
	  File "/opt/nightcity/venv/lib/python3.12/site-packages/twisted/internet/tcp.py", line 250, in doRead
	    return self._dataReceived(data)
	  File "/opt/nightcity/venv/lib/python3.12/site-packages/twisted/internet/tcp.py", line 255, in _dataReceived
	    rval = self.protocol.dataReceived(data)
	  File "/opt/nightcity/venv/lib/python3.12/site-packages/evennia/server/portal/telnet.py", line 105, in dataReceived
	    super().dataReceived(data)
	  File "/opt/nightcity/venv/lib/python3.12/site-packages/twisted/conch/telnet.py", line 599, in dataReceived
	    self.applicationDataReceived(b"".join(appDataBuffer))
	  File "/opt/nightcity/venv/lib/python3.12/site-packages/evennia/server/portal/telnet.py", line 334, in applicationDataReceived
	    if len(data) > 2 and _HTTP_REGEX.match(data[0]):
	builtins.TypeError: cannot use a string pattern on a bytes-like object
	
|Portal| 2026-03-06 02:46:18 [EE] Malformed telnet input: ('Stumped', b'\xa8')
|Portal| 2026-03-06 02:46:18 [EE] Malformed telnet input: ('Stumped', b'\x15')
|Portal| 2026-03-06 02:50:02 [EE] Malformed telnet input: ('Stumped', b'\x01')
|Portal| 2026-03-06 02:50:02 [EE] Malformed telnet input: ('Stumped', b'\x15')
|Portal| 2026-03-06 03:15:13 [!!] Unhandled Error
	Traceback (most recent call last):
	  File "/opt/nightcity/venv/lib/python3.12/site-packages/twisted/internet/posixbase.py", line 491, in _doReadOrWrite
	    why = selectable.doRead()
	  File "/opt/nightcity/venv/lib/python3.12/site-packages/twisted/internet/tcp.py", line 250, in doRead
	    return self._dataReceived(data)
	  File "/opt/nightcity/venv/lib/python3.12/site-packages/twisted/internet/tcp.py", line 255, in _dataReceived
	    rval = self.protocol.dataReceived(data)
	  File "/opt/nightcity/venv/lib/python3.12/site-packages/evennia/server/portal/telnet.py", line 105, in dataReceived
	    super().dataReceived(data)
	  File "/opt/nightcity/venv/lib/python3.12/site-packages/twisted/conch/telnet.py", line 599, in dataReceived
	    self.applicationDataReceived(b"".join(appDataBuffer))
	  File "/opt/nightcity/venv/lib/python3.12/site-packages/evennia/server/portal/telnet.py", line 334, in applicationDataReceived
	    if len(data) > 2 and _HTTP_REGEX.match(data[0]):
	builtins.TypeError: cannot use a string pattern on a bytes-like object
	
|Portal| 2026-03-06 03:58:30 [EE] Malformed telnet input: ('Stumped', b'\x08')
|Portal| 2026-03-06 04:19:39 [EE] Malformed telnet input: ('Stumped', b'\x01')
|Portal| 2026-03-06 04:19:39 [!!] Unhandled Error
	Traceback (most recent call last):
	  File "/opt/nightcity/venv/lib/python3.12/site-packages/twisted/internet/posixbase.py", line 491, in _doReadOrWrite
	    why = selectable.doRead()
	  File "/opt/nightcity/venv/lib/python3.12/site-packages/twisted/internet/tcp.py", line 250, in doRead
	    return self._dataReceived(data)
	  File "/opt/nightcity/venv/lib/python3.12/site-packages/twisted/internet/tcp.py", line 255, in _dataReceived
	    rval = self.protocol.dataReceived(data)
	  File "/opt/nightcity/venv/lib/python3.12/site-packages/evennia/server/portal/telnet.py", line 105, in dataReceived
	    super().dataReceived(data)
	  File "/opt/nightcity/venv/lib/python3.12/site-packages/twisted/conch/telnet.py", line 599, in dataReceived
	    self.applicationDataReceived(b"".join(appDataBuffer))
	  File "/opt/nightcity/venv/lib/python3.12/site-packages/evennia/server/portal/telnet.py", line 334, in applicationDataReceived
	    if len(data) > 2 and _HTTP_REGEX.match(data[0]):
	builtins.TypeError: cannot use a string pattern on a bytes-like object
	
|Portal| 2026-03-06 05:20:17 [WW] dropping connection to peer tcp4:85.217.149.61:41684 with abort=True: WebSocket opening handshake timeout (peer did not finish the opening handshake in time)
|Portal| 2026-03-06 07:03:15 [EE] Malformed telnet input: ('Stumped', b'\xc4')
|Portal| 2026-03-06 07:03:15 [EE] Malformed telnet input: ('Stumped', b'\x01')
|Portal| 2026-03-06 07:03:16 [!!] Unhandled Error
	Traceback (most recent call last):
	  File "/opt/nightcity/venv/lib/python3.12/site-packages/twisted/internet/posixbase.py", line 491, in _doReadOrWrite
	    why = selectable.doRead()
	  File "/opt/nightcity/venv/lib/python3.12/site-packages/twisted/internet/tcp.py", line 250, in doRead
	    return self._dataReceived(data)
	  File "/opt/nightcity/venv/lib/python3.12/site-packages/twisted/internet/tcp.py", line 255, in _dataReceived
	    rval = self.protocol.dataReceived(data)
	  File "/opt/nightcity/venv/lib/python3.12/site-packages/evennia/server/portal/telnet.py", line 105, in dataReceived
	    super().dataReceived(data)
	  File "/opt/nightcity/venv/lib/python3.12/site-packages/twisted/conch/telnet.py", line 599, in dataReceived
	    self.applicationDataReceived(b"".join(appDataBuffer))
	  File "/opt/nightcity/venv/lib/python3.12/site-packages/evennia/server/portal/telnet.py", line 334, in applicationDataReceived
	    if len(data) > 2 and _HTTP_REGEX.match(data[0]):
	builtins.TypeError: cannot use a string pattern on a bytes-like object
	
|Portal| 2026-03-06 07:03:16 [!!] Unhandled Error
	Traceback (most recent call last):
	  File "/opt/nightcity/venv/lib/python3.12/site-packages/twisted/internet/posixbase.py", line 491, in _doReadOrWrite
	    why = selectable.doRead()
	  File "/opt/nightcity/venv/lib/python3.12/site-packages/twisted/internet/tcp.py", line 250, in doRead
	    return self._dataReceived(data)
	  File "/opt/nightcity/venv/lib/python3.12/site-packages/twisted/internet/tcp.py", line 255, in _dataReceived
	    rval = self.protocol.dataReceived(data)
	  File "/opt/nightcity/venv/lib/python3.12/site-packages/evennia/server/portal/telnet.py", line 105, in dataReceived
	    super().dataReceived(data)
	  File "/opt/nightcity/venv/lib/python3.12/site-packages/twisted/conch/telnet.py", line 599, in dataReceived
	    self.applicationDataReceived(b"".join(appDataBuffer))
	  File "/opt/nightcity/venv/lib/python3.12/site-packages/evennia/server/portal/telnet.py", line 334, in applicationDataReceived
	    if len(data) > 2 and _HTTP_REGEX.match(data[0]):
	builtins.TypeError: cannot use a string pattern on a bytes-like object
	
|Portal| 2026-03-06 08:29:23 [..] failing WebSocket opening handshake ('HTTP method ''GET' not allowed')
|Portal| 2026-03-06 08:29:23 [WW] dropping connection to peer tcp4:85.217.149.36:42300 with abort=False: HTTP method ''GET' not allowed
|Portal| 2026-03-06 10:34:09 [!!] Unhandled Error
	Traceback (most recent call last):
	  File "/opt/nightcity/venv/lib/python3.12/site-packages/twisted/internet/posixbase.py", line 491, in _doReadOrWrite
	    why = selectable.doRead()
	  File "/opt/nightcity/venv/lib/python3.12/site-packages/twisted/internet/tcp.py", line 250, in doRead
	    return self._dataReceived(data)
	  File "/opt/nightcity/venv/lib/python3.12/site-packages/twisted/internet/tcp.py", line 255, in _dataReceived
	    rval = self.protocol.dataReceived(data)
	  File "/opt/nightcity/venv/lib/python3.12/site-packages/evennia/server/portal/telnet.py", line 105, in dataReceived
	    super().dataReceived(data)
	  File "/opt/nightcity/venv/lib/python3.12/site-packages/twisted/conch/telnet.py", line 599, in dataReceived
	    self.applicationDataReceived(b"".join(appDataBuffer))
	  File "/opt/nightcity/venv/lib/python3.12/site-packages/evennia/server/portal/telnet.py", line 334, in applicationDataReceived
	    if len(data) > 2 and _HTTP_REGEX.match(data[0]):
	builtins.TypeError: cannot use a string pattern on a bytes-like object
	
|Portal| 2026-03-06 11:46:00 [WW] dropping connection to peer tcp4:85.217.149.7:46606 with abort=False: None
|Portal| 2026-03-06 18:04:36 [!!] Unhandled Error
	Traceback (most recent call last):
	  File "/opt/nightcity/venv/lib/python3.12/site-packages/twisted/internet/posixbase.py", line 491, in _doReadOrWrite
	    why = selectable.doRead()
	  File "/opt/nightcity/venv/lib/python3.12/site-packages/twisted/internet/tcp.py", line 250, in doRead
	    return self._dataReceived(data)
	  File "/opt/nightcity/venv/lib/python3.12/site-packages/twisted/internet/tcp.py", line 255, in _dataReceived
	    rval = self.protocol.dataReceived(data)
	  File "/opt/nightcity/venv/lib/python3.12/site-packages/evennia/server/portal/telnet.py", line 105, in dataReceived
	    super().dataReceived(data)
	  File "/opt/nightcity/venv/lib/python3.12/site-packages/twisted/conch/telnet.py", line 599, in dataReceived
	    self.applicationDataReceived(b"".join(appDataBuffer))
	  File "/opt/nightcity/venv/lib/python3.12/site-packages/evennia/server/portal/telnet.py", line 334, in applicationDataReceived
	    if len(data) > 2 and _HTTP_REGEX.match(data[0]):
	builtins.TypeError: cannot use a string pattern on a bytes-like object
	
|Portal| 2026-03-06 21:27:48 [..] Timing out client: IPv4Address(type='TCP', host='85.217.149.5', port=59612)
|Portal| 2026-03-06 22:58:38 [..] Portal starting server ... 
|Portal| 2026-03-06 22:59:51 [..] Portal starting server ... 
|Portal| 2026-03-06 23:00:48 [..] Portal starting server ... 
|Portal| 2026-03-06 23:11:32 [..] Portal starting server ... 
|Portal| 2026-03-06 23:12:43 [..] Portal starting server ... 
|Portal| 2026-03-06 23:14:19 [..] Portal starting server ... 
|Portal| 2026-03-06 23:32:44 [EE] Malformed telnet input: ('Stumped', b'\x01')
|Portal| 2026-03-06 23:32:44 [EE] Malformed telnet input: ('Stumped', b'A')
|Portal| 2026-03-06 23:32:44 [!!] Unhandled Error
	Traceback (most recent call last):
	  File "/opt/nightcity/venv/lib/python3.12/site-packages/twisted/internet/posixbase.py", line 491, in _doReadOrWrite
	    why = selectable.doRead()
	  File "/opt/nightcity/venv/lib/python3.12/site-packages/twisted/internet/tcp.py", line 250, in doRead
	    return self._dataReceived(data)
	  File "/opt/nightcity/venv/lib/python3.12/site-packages/twisted/internet/tcp.py", line 255, in _dataReceived
	    rval = self.protocol.dataReceived(data)
	  File "/opt/nightcity/venv/lib/python3.12/site-packages/evennia/server/portal/telnet.py", line 105, in dataReceived
	    super().dataReceived(data)
	  File "/opt/nightcity/venv/lib/python3.12/site-packages/twisted/conch/telnet.py", line 599, in dataReceived
	    self.applicationDataReceived(b"".join(appDataBuffer))
	  File "/opt/nightcity/venv/lib/python3.12/site-packages/evennia/server/portal/telnet.py", line 334, in applicationDataReceived
	    if len(data) > 2 and _HTTP_REGEX.match(data[0]):
	builtins.TypeError: cannot use a string pattern on a bytes-like object
	
|Portal| 2026-03-06 23:32:44 [!!] Unhandled Error
	Traceback (most recent call last):
	  File "/opt/nightcity/venv/lib/python3.12/site-packages/twisted/internet/posixbase.py", line 491, in _doReadOrWrite
	    why = selectable.doRead()
	  File "/opt/nightcity/venv/lib/python3.12/site-packages/twisted/internet/tcp.py", line 250, in doRead
	    return self._dataReceived(data)
	  File "/opt/nightcity/venv/lib/python3.12/site-packages/twisted/internet/tcp.py", line 255, in _dataReceived
	    rval = self.protocol.dataReceived(data)
	  File "/opt/nightcity/venv/lib/python3.12/site-packages/evennia/server/portal/telnet.py", line 105, in dataReceived
	    super().dataReceived(data)
	  File "/opt/nightcity/venv/lib/python3.12/site-packages/twisted/conch/telnet.py", line 599, in dataReceived
	    self.applicationDataReceived(b"".join(appDataBuffer))
	  File "/opt/nightcity/venv/lib/python3.12/site-packages/evennia/server/portal/telnet.py", line 334, in applicationDataReceived
	    if len(data) > 2 and _HTTP_REGEX.match(data[0]):
	builtins.TypeError: cannot use a string pattern on a bytes-like object
	
|Portal| 2026-03-06 23:32:44 [EE] Malformed telnet input: ('Stumped', b'\x01')
|Portal| 2026-03-06 23:32:44 [!!] Unhandled Error
	Traceback (most recent call last):
	  File "/opt/nightcity/venv/lib/python3.12/site-packages/twisted/internet/posixbase.py", line 491, in _doReadOrWrite
	    why = selectable.doRead()
	  File "/opt/nightcity/venv/lib/python3.12/site-packages/twisted/internet/tcp.py", line 250, in doRead
	    return self._dataReceived(data)
	  File "/opt/nightcity/venv/lib/python3.12/site-packages/twisted/internet/tcp.py", line 255, in _dataReceived
	    rval = self.protocol.dataReceived(data)
	  File "/opt/nightcity/venv/lib/python3.12/site-packages/evennia/server/portal/telnet.py", line 105, in dataReceived
	    super().dataReceived(data)
	  File "/opt/nightcity/venv/lib/python3.12/site-packages/twisted/conch/telnet.py", line 599, in dataReceived
	    self.applicationDataReceived(b"".join(appDataBuffer))
	  File "/opt/nightcity/venv/lib/python3.12/site-packages/evennia/server/portal/telnet.py", line 334, in applicationDataReceived
	    if len(data) > 2 and _HTTP_REGEX.match(data[0]):
	builtins.TypeError: cannot use a string pattern on a bytes-like object
	
|Portal| 2026-03-07 00:31:43 [..] Portal starting server ... 
|Portal| 2026-03-07 00:32:32 [..] Portal starting server ... 
|Portal| 2026-03-07 00:34:34 [EE] Malformed telnet input: ('Stumped', b'\x82')
|Portal| 2026-03-07 00:34:34 [EE] Malformed telnet input: ('Stumped', b'\xaa')
|Portal| 2026-03-07 00:34:34 [EE] Malformed telnet input: ('Stumped', b'\x13')
|Portal| 2026-03-07 00:34:34 [!!] Unhandled Error
	Traceback (most recent call last):
	  File "/opt/nightcity/venv/lib/python3.12/site-packages/twisted/internet/posixbase.py", line 491, in _doReadOrWrite
	    why = selectable.doRead()
	  File "/opt/nightcity/venv/lib/python3.12/site-packages/twisted/internet/tcp.py", line 250, in doRead
	    return self._dataReceived(data)
	  File "/opt/nightcity/venv/lib/python3.12/site-packages/twisted/internet/tcp.py", line 255, in _dataReceived
	    rval = self.protocol.dataReceived(data)
	  File "/opt/nightcity/venv/lib/python3.12/site-packages/evennia/server/portal/telnet.py", line 105, in dataReceived
	    super().dataReceived(data)
	  File "/opt/nightcity/venv/lib/python3.12/site-packages/twisted/conch/telnet.py", line 599, in dataReceived
	    self.applicationDataReceived(b"".join(appDataBuffer))
	  File "/opt/nightcity/venv/lib/python3.12/site-packages/evennia/server/portal/telnet.py", line 334, in applicationDataReceived
	    if len(data) > 2 and _HTTP_REGEX.match(data[0]):
	builtins.TypeError: cannot use a string pattern on a bytes-like object
	
|Portal| 2026-03-07 00:34:34 [!!] Unhandled Error
	Traceback (most recent call last):
	  File "/opt/nightcity/venv/lib/python3.12/site-packages/twisted/internet/posixbase.py", line 491, in _doReadOrWrite
	    why = selectable.doRead()
	  File "/opt/nightcity/venv/lib/python3.12/site-packages/twisted/internet/tcp.py", line 250, in doRead
	    return self._dataReceived(data)
	  File "/opt/nightcity/venv/lib/python3.12/site-packages/twisted/internet/tcp.py", line 255, in _dataReceived
	    rval = self.protocol.dataReceived(data)
	  File "/opt/nightcity/venv/lib/python3.12/site-packages/evennia/server/portal/telnet.py", line 105, in dataReceived
	    super().dataReceived(data)
	  File "/opt/nightcity/venv/lib/python3.12/site-packages/twisted/conch/telnet.py", line 599, in dataReceived
	    self.applicationDataReceived(b"".join(appDataBuffer))
	  File "/opt/nightcity/venv/lib/python3.12/site-packages/evennia/server/portal/telnet.py", line 334, in applicationDataReceived
	    if len(data) > 2 and _HTTP_REGEX.match(data[0]):
	builtins.TypeError: cannot use a string pattern on a bytes-like object
	
|Portal| 2026-03-07 00:34:34 [!!] Unhandled Error
	Traceback (most recent call last):
	  File "/opt/nightcity/venv/lib/python3.12/site-packages/twisted/internet/posixbase.py", line 491, in _doReadOrWrite
	    why = selectable.doRead()
	  File "/opt/nightcity/venv/lib/python3.12/site-packages/twisted/internet/tcp.py", line 250, in doRead
	    return self._dataReceived(data)
	  File "/opt/nightcity/venv/lib/python3.12/site-packages/twisted/internet/tcp.py", line 255, in _dataReceived
	    rval = self.protocol.dataReceived(data)
	  File "/opt/nightcity/venv/lib/python3.12/site-packages/evennia/server/portal/telnet.py", line 105, in dataReceived
	    super().dataReceived(data)
	  File "/opt/nightcity/venv/lib/python3.12/site-packages/twisted/conch/telnet.py", line 599, in dataReceived
	    self.applicationDataReceived(b"".join(appDataBuffer))
	  File "/opt/nightcity/venv/lib/python3.12/site-packages/evennia/server/portal/telnet.py", line 334, in applicationDataReceived
	    if len(data) > 2 and _HTTP_REGEX.match(data[0]):
	builtins.TypeError: cannot use a string pattern on a bytes-like object
	
|Portal| 2026-03-07 00:42:34 [..] Portal starting server ... 
|Portal| 2026-03-07 00:52:35 [..] Portal starting server ... 
|Portal| 2026-03-07 00:55:46 [..] Portal starting server ... 
|Portal| 2026-03-07 00:59:54 [..] Portal starting server ... 
|Portal| 2026-03-07 01:01:59 [..] Portal starting server ... 
|Portal| 2026-03-07 01:11:13 [..] Portal starting server ... 
|Portal| 2026-03-07 01:13:09 [EE] Malformed telnet input: ('Stumped', b'\x01')
|Portal| 2026-03-07 01:13:09 [EE] Malformed telnet input: ('Stumped', b'\x01')
|Portal| 2026-03-07 01:13:09 [!!] Unhandled Error
	Traceback (most recent call last):
	  File "/opt/nightcity/venv/lib/python3.12/site-packages/twisted/internet/posixbase.py", line 491, in _doReadOrWrite
	    why = selectable.doRead()
	  File "/opt/nightcity/venv/lib/python3.12/site-packages/twisted/internet/tcp.py", line 250, in doRead
	    return self._dataReceived(data)
	  File "/opt/nightcity/venv/lib/python3.12/site-packages/twisted/internet/tcp.py", line 255, in _dataReceived
	    rval = self.protocol.dataReceived(data)
	  File "/opt/nightcity/venv/lib/python3.12/site-packages/evennia/server/portal/telnet.py", line 105, in dataReceived
	    super().dataReceived(data)
	  File "/opt/nightcity/venv/lib/python3.12/site-packages/twisted/conch/telnet.py", line 599, in dataReceived
	    self.applicationDataReceived(b"".join(appDataBuffer))
	  File "/opt/nightcity/venv/lib/python3.12/site-packages/evennia/server/portal/telnet.py", line 334, in applicationDataReceived
	    if len(data) > 2 and _HTTP_REGEX.match(data[0]):
	builtins.TypeError: cannot use a string pattern on a bytes-like object
	
|Portal| 2026-03-07 01:13:09 [EE] Malformed telnet input: ('Stumped', b'\x01')
|Portal| 2026-03-07 01:13:09 [!!] Unhandled Error
	Traceback (most recent call last):
	  File "/opt/nightcity/venv/lib/python3.12/site-packages/twisted/internet/posixbase.py", line 491, in _doReadOrWrite
	    why = selectable.doRead()
	  File "/opt/nightcity/venv/lib/python3.12/site-packages/twisted/internet/tcp.py", line 250, in doRead
	    return self._dataReceived(data)
	  File "/opt/nightcity/venv/lib/python3.12/site-packages/twisted/internet/tcp.py", line 255, in _dataReceived
	    rval = self.protocol.dataReceived(data)
	  File "/opt/nightcity/venv/lib/python3.12/site-packages/evennia/server/portal/telnet.py", line 105, in dataReceived
	    super().dataReceived(data)
	  File "/opt/nightcity/venv/lib/python3.12/site-packages/twisted/conch/telnet.py", line 599, in dataReceived
	    self.applicationDataReceived(b"".join(appDataBuffer))
	  File "/opt/nightcity/venv/lib/python3.12/site-packages/evennia/server/portal/telnet.py", line 334, in applicationDataReceived
	    if len(data) > 2 and _HTTP_REGEX.match(data[0]):
	builtins.TypeError: cannot use a string pattern on a bytes-like object
	
|Portal| 2026-03-07 01:13:10 [!!] Unhandled Error
	Traceback (most recent call last):
	  File "/opt/nightcity/venv/lib/python3.12/site-packages/twisted/internet/posixbase.py", line 491, in _doReadOrWrite
	    why = selectable.doRead()
	  File "/opt/nightcity/venv/lib/python3.12/site-packages/twisted/internet/tcp.py", line 250, in doRead
	    return self._dataReceived(data)
	  File "/opt/nightcity/venv/lib/python3.12/site-packages/twisted/internet/tcp.py", line 255, in _dataReceived
	    rval = self.protocol.dataReceived(data)
	  File "/opt/nightcity/venv/lib/python3.12/site-packages/evennia/server/portal/telnet.py", line 105, in dataReceived
	    super().dataReceived(data)
	  File "/opt/nightcity/venv/lib/python3.12/site-packages/twisted/conch/telnet.py", line 599, in dataReceived
	    self.applicationDataReceived(b"".join(appDataBuffer))
	  File "/opt/nightcity/venv/lib/python3.12/site-packages/evennia/server/portal/telnet.py", line 334, in applicationDataReceived
	    if len(data) > 2 and _HTTP_REGEX.match(data[0]):
	builtins.TypeError: cannot use a string pattern on a bytes-like object
	
|Portal| 2026-03-07 01:24:22 [..] Portal starting server ... 
|Portal| 2026-03-07 01:26:31 [!!] Unhandled Error
	Traceback (most recent call last):
	  File "/opt/nightcity/venv/lib/python3.12/site-packages/twisted/internet/posixbase.py", line 491, in _doReadOrWrite
	    why = selectable.doRead()
	  File "/opt/nightcity/venv/lib/python3.12/site-packages/twisted/internet/tcp.py", line 250, in doRead
	    return self._dataReceived(data)
	  File "/opt/nightcity/venv/lib/python3.12/site-packages/twisted/internet/tcp.py", line 255, in _dataReceived
	    rval = self.protocol.dataReceived(data)
	  File "/opt/nightcity/venv/lib/python3.12/site-packages/evennia/server/portal/telnet.py", line 105, in dataReceived
	    super().dataReceived(data)
	  File "/opt/nightcity/venv/lib/python3.12/site-packages/twisted/conch/telnet.py", line 599, in dataReceived
	    self.applicationDataReceived(b"".join(appDataBuffer))
	  File "/opt/nightcity/venv/lib/python3.12/site-packages/evennia/server/portal/telnet.py", line 334, in applicationDataReceived
	    if len(data) > 2 and _HTTP_REGEX.match(data[0]):
	builtins.TypeError: cannot use a string pattern on a bytes-like object
	
|Portal| 2026-03-07 01:32:20 [..] Portal starting server ... 
|Portal| 2026-03-07 01:50:11 [..] Portal starting server ... 
|Portal| 2026-03-07 01:52:00 [!!] Unhandled Error
	Traceback (most recent call last):
	  File "/opt/nightcity/venv/lib/python3.12/site-packages/twisted/internet/posixbase.py", line 491, in _doReadOrWrite
	    why = selectable.doRead()
	  File "/opt/nightcity/venv/lib/python3.12/site-packages/twisted/internet/tcp.py", line 250, in doRead
	    return self._dataReceived(data)
	  File "/opt/nightcity/venv/lib/python3.12/site-packages/twisted/internet/tcp.py", line 255, in _dataReceived
	    rval = self.protocol.dataReceived(data)
	  File "/opt/nightcity/venv/lib/python3.12/site-packages/evennia/server/portal/telnet.py", line 105, in dataReceived
	    super().dataReceived(data)
	  File "/opt/nightcity/venv/lib/python3.12/site-packages/twisted/conch/telnet.py", line 599, in dataReceived
	    self.applicationDataReceived(b"".join(appDataBuffer))
	  File "/opt/nightcity/venv/lib/python3.12/site-packages/evennia/server/portal/telnet.py", line 334, in applicationDataReceived
	    if len(data) > 2 and _HTTP_REGEX.match(data[0]):
	builtins.TypeError: cannot use a string pattern on a bytes-like object
	
|Portal| 2026-03-07 01:54:06 [!!] Unhandled Error
	Traceback (most recent call last):
	  File "/opt/nightcity/venv/lib/python3.12/site-packages/twisted/internet/posixbase.py", line 491, in _doReadOrWrite
	    why = selectable.doRead()
	  File "/opt/nightcity/venv/lib/python3.12/site-packages/twisted/internet/tcp.py", line 250, in doRead
	    return self._dataReceived(data)
	  File "/opt/nightcity/venv/lib/python3.12/site-packages/twisted/internet/tcp.py", line 255, in _dataReceived
	    rval = self.protocol.dataReceived(data)
	  File "/opt/nightcity/venv/lib/python3.12/site-packages/evennia/server/portal/telnet.py", line 105, in dataReceived
	    super().dataReceived(data)
	  File "/opt/nightcity/venv/lib/python3.12/site-packages/twisted/conch/telnet.py", line 599, in dataReceived
	    self.applicationDataReceived(b"".join(appDataBuffer))
	  File "/opt/nightcity/venv/lib/python3.12/site-packages/evennia/server/portal/telnet.py", line 334, in applicationDataReceived
	    if len(data) > 2 and _HTTP_REGEX.match(data[0]):
	builtins.TypeError: cannot use a string pattern on a bytes-like object
	
|Portal| 2026-03-07 01:55:53 [EE] Malformed telnet input: ('Stumped', b'\x01')
|Portal| 2026-03-07 01:55:53 [EE] Malformed telnet input: ('Stumped', b'\x15')
|Portal| 2026-03-07 01:59:40 [EE] Malformed telnet input: ('Stumped', b'#')
|Portal| 2026-03-07 01:59:40 [EE] Malformed telnet input: ('Stumped', b'\x15')
|Portal| 2026-03-07 05:12:57 [..] Portal starting server ... 
|Portal| 2026-03-07 05:16:31 [..] Portal starting server ... 
|Portal| 2026-03-07 05:18:33 [..] Portal starting server ... 
|Portal| 2026-03-07 06:11:27 [..] Portal starting server ... 
|Portal| 2026-03-07 06:41:14 [..] Portal starting server ... 
|Portal| 2026-03-07 06:42:52 [..] Portal starting server ... 
|Portal| 2026-03-07 06:44:30 [..] Portal starting server ... 
|Portal| 2026-03-07 06:45:40 [..] Portal starting server ... 
|Portal| 2026-03-07 06:58:05 [..] Portal starting server ... 
|Portal| 2026-03-07 07:00:18 [EE] Malformed telnet input: ('Stumped', b'\x01')
|Portal| 2026-03-07 07:00:19 [!!] Unhandled Error
	Traceback (most recent call last):
	  File "/opt/nightcity/venv/lib/python3.12/site-packages/twisted/internet/posixbase.py", line 491, in _doReadOrWrite
	    why = selectable.doRead()
	  File "/opt/nightcity/venv/lib/python3.12/site-packages/twisted/internet/tcp.py", line 250, in doRead
	    return self._dataReceived(data)
	  File "/opt/nightcity/venv/lib/python3.12/site-packages/twisted/internet/tcp.py", line 255, in _dataReceived
	    rval = self.protocol.dataReceived(data)
	  File "/opt/nightcity/venv/lib/python3.12/site-packages/evennia/server/portal/telnet.py", line 105, in dataReceived
	    super().dataReceived(data)
	  File "/opt/nightcity/venv/lib/python3.12/site-packages/twisted/conch/telnet.py", line 599, in dataReceived
	    self.applicationDataReceived(b"".join(appDataBuffer))
	  File "/opt/nightcity/venv/lib/python3.12/site-packages/evennia/server/portal/telnet.py", line 334, in applicationDataReceived
	    if len(data) > 2 and _HTTP_REGEX.match(data[0]):
	builtins.TypeError: cannot use a string pattern on a bytes-like object
	
|Portal| 2026-03-07 07:06:19 [..] Portal starting server ... 
|Portal| 2026-03-07 07:11:46 [..] Portal starting server ... 
|Portal| 2026-03-07 07:12:41 [..] Portal starting server ... 
|Portal| 2026-03-07 07:45:27 [..] Portal starting server ... 
|Portal| 2026-03-07 07:45:48 [..] Portal starting server ... 
|Portal| 2026-03-07 08:11:33 [..] Portal starting server ... 
|Portal| 2026-03-07 09:19:12 [!!] Unhandled Error
	Traceback (most recent call last):
	  File "/opt/nightcity/venv/lib/python3.12/site-packages/twisted/internet/posixbase.py", line 491, in _doReadOrWrite
	    why = selectable.doRead()
	  File "/opt/nightcity/venv/lib/python3.12/site-packages/twisted/internet/tcp.py", line 250, in doRead
	    return self._dataReceived(data)
	  File "/opt/nightcity/venv/lib/python3.12/site-packages/twisted/internet/tcp.py", line 255, in _dataReceived
	    rval = self.protocol.dataReceived(data)
	  File "/opt/nightcity/venv/lib/python3.12/site-packages/evennia/server/portal/telnet.py", line 105, in dataReceived
	    super().dataReceived(data)
	  File "/opt/nightcity/venv/lib/python3.12/site-packages/twisted/conch/telnet.py", line 599, in dataReceived
	    self.applicationDataReceived(b"".join(appDataBuffer))
	  File "/opt/nightcity/venv/lib/python3.12/site-packages/evennia/server/portal/telnet.py", line 334, in applicationDataReceived
	    if len(data) > 2 and _HTTP_REGEX.match(data[0]):
	builtins.TypeError: cannot use a string pattern on a bytes-like object
	
|Portal| 2026-03-07 11:16:43 [EE] Malformed telnet input: ('Stumped', b'\x01')
|Portal| 2026-03-07 11:16:43 [EE] Malformed telnet input: ('Stumped', b'\x01')
|Portal| 2026-03-07 11:16:43 [EE] Malformed telnet input: ('Stumped', b'\x15')
|Portal| 2026-03-07 12:34:49 [..] failing WebSocket opening handshake ('HTTP method 'POST' not allowed')
|Portal| 2026-03-07 12:34:49 [WW] dropping connection to peer tcp4:193.32.162.28:40340 with abort=False: HTTP method 'POST' not allowed
|Portal| 2026-03-07 12:34:50 [..] failing WebSocket opening handshake ('HTTP method 'POST' not allowed')
|Portal| 2026-03-07 12:34:50 [WW] dropping connection to peer tcp4:193.32.162.28:40348 with abort=False: HTTP method 'POST' not allowed
|Portal| 2026-03-07 12:34:50 [..] failing WebSocket opening handshake ('HTTP method 'POST' not allowed')
|Portal| 2026-03-07 12:34:50 [WW] dropping connection to peer tcp4:193.32.162.28:40364 with abort=False: HTTP method 'POST' not allowed
|Portal| 2026-03-07 12:34:50 [..] failing WebSocket opening handshake ('HTTP method 'POST' not allowed')
|Portal| 2026-03-07 12:34:50 [WW] dropping connection to peer tcp4:193.32.162.28:40380 with abort=False: HTTP method 'POST' not allowed
|Portal| 2026-03-07 12:34:51 [..] failing WebSocket opening handshake ('HTTP method 'POST' not allowed')
|Portal| 2026-03-07 12:34:51 [WW] dropping connection to peer tcp4:193.32.162.28:40386 with abort=False: HTTP method 'POST' not allowed
|Portal| 2026-03-07 12:34:51 [..] failing WebSocket opening handshake ('HTTP method 'POST' not allowed')
|Portal| 2026-03-07 12:34:51 [WW] dropping connection to peer tcp4:193.32.162.28:40392 with abort=False: HTTP method 'POST' not allowed
|Portal| 2026-03-07 19:23:31 [!!] Unhandled Error
	Traceback (most recent call last):
	  File "/opt/nightcity/venv/lib/python3.12/site-packages/twisted/internet/posixbase.py", line 491, in _doReadOrWrite
	    why = selectable.doRead()
	  File "/opt/nightcity/venv/lib/python3.12/site-packages/twisted/internet/tcp.py", line 250, in doRead
	    return self._dataReceived(data)
	  File "/opt/nightcity/venv/lib/python3.12/site-packages/twisted/internet/tcp.py", line 255, in _dataReceived
	    rval = self.protocol.dataReceived(data)
	  File "/opt/nightcity/venv/lib/python3.12/site-packages/evennia/server/portal/telnet.py", line 105, in dataReceived
	    super().dataReceived(data)
	  File "/opt/nightcity/venv/lib/python3.12/site-packages/twisted/conch/telnet.py", line 599, in dataReceived
	    self.applicationDataReceived(b"".join(appDataBuffer))
	  File "/opt/nightcity/venv/lib/python3.12/site-packages/evennia/server/portal/telnet.py", line 334, in applicationDataReceived
	    if len(data) > 2 and _HTTP_REGEX.match(data[0]):
	builtins.TypeError: cannot use a string pattern on a bytes-like object
	
|Portal| 2026-03-07 19:49:36 [EE] Malformed telnet input: ('Stumped', b'*')
|Portal| 2026-03-07 20:17:11 [!!] Unhandled Error
	Traceback (most recent call last):
	  File "/opt/nightcity/venv/lib/python3.12/site-packages/twisted/internet/posixbase.py", line 491, in _doReadOrWrite
	    why = selectable.doRead()
	  File "/opt/nightcity/venv/lib/python3.12/site-packages/twisted/internet/tcp.py", line 250, in doRead
	    return self._dataReceived(data)
	  File "/opt/nightcity/venv/lib/python3.12/site-packages/twisted/internet/tcp.py", line 255, in _dataReceived
	    rval = self.protocol.dataReceived(data)
	  File "/opt/nightcity/venv/lib/python3.12/site-packages/evennia/server/portal/telnet.py", line 105, in dataReceived
	    super().dataReceived(data)
	  File "/opt/nightcity/venv/lib/python3.12/site-packages/twisted/conch/telnet.py", line 599, in dataReceived
	    self.applicationDataReceived(b"".join(appDataBuffer))
	  File "/opt/nightcity/venv/lib/python3.12/site-packages/evennia/server/portal/telnet.py", line 334, in applicationDataReceived
	    if len(data) > 2 and _HTTP_REGEX.match(data[0]):
	builtins.TypeError: cannot use a string pattern on a bytes-like object
	
|Portal| 2026-03-07 20:17:15 [EE] Malformed telnet input: ('Stumped', b'\x01')
|Portal| 2026-03-08 01:12:20 [!!] Unhandled Error
	Traceback (most recent call last):
	  File "/opt/nightcity/venv/lib/python3.12/site-packages/twisted/internet/posixbase.py", line 491, in _doReadOrWrite
	    why = selectable.doRead()
	  File "/opt/nightcity/venv/lib/python3.12/site-packages/twisted/internet/tcp.py", line 250, in doRead
	    return self._dataReceived(data)
	  File "/opt/nightcity/venv/lib/python3.12/site-packages/twisted/internet/tcp.py", line 255, in _dataReceived
	    rval = self.protocol.dataReceived(data)
	  File "/opt/nightcity/venv/lib/python3.12/site-packages/evennia/server/portal/telnet.py", line 105, in dataReceived
	    super().dataReceived(data)
	  File "/opt/nightcity/venv/lib/python3.12/site-packages/twisted/conch/telnet.py", line 599, in dataReceived
	    self.applicationDataReceived(b"".join(appDataBuffer))
	  File "/opt/nightcity/venv/lib/python3.12/site-packages/evennia/server/portal/telnet.py", line 334, in applicationDataReceived
	    if len(data) > 2 and _HTTP_REGEX.match(data[0]):
	builtins.TypeError: cannot use a string pattern on a bytes-like object
	
|Portal| 2026-03-08 01:16:07 [!!] Unhandled Error
	Traceback (most recent call last):
	  File "/opt/nightcity/venv/lib/python3.12/site-packages/twisted/internet/posixbase.py", line 491, in _doReadOrWrite
	    why = selectable.doRead()
	  File "/opt/nightcity/venv/lib/python3.12/site-packages/twisted/internet/tcp.py", line 250, in doRead
	    return self._dataReceived(data)
	  File "/opt/nightcity/venv/lib/python3.12/site-packages/twisted/internet/tcp.py", line 255, in _dataReceived
	    rval = self.protocol.dataReceived(data)
	  File "/opt/nightcity/venv/lib/python3.12/site-packages/evennia/server/portal/telnet.py", line 105, in dataReceived
	    super().dataReceived(data)
	  File "/opt/nightcity/venv/lib/python3.12/site-packages/twisted/conch/telnet.py", line 599, in dataReceived
	    self.applicationDataReceived(b"".join(appDataBuffer))
	  File "/opt/nightcity/venv/lib/python3.12/site-packages/evennia/server/portal/telnet.py", line 334, in applicationDataReceived
	    if len(data) > 2 and _HTTP_REGEX.match(data[0]):
	builtins.TypeError: cannot use a string pattern on a bytes-like object
	
|Portal| 2026-03-08 01:19:39 [EE] Malformed telnet input: ('Stumped', b'\x01')
|Portal| 2026-03-08 01:19:39 [EE] Malformed telnet input: ('Stumped', b'\x15')
|Portal| 2026-03-08 01:27:04 [EE] Malformed telnet input: ('Stumped', b'\x81')
|Portal| 2026-03-08 01:27:04 [EE] Malformed telnet input: ('Stumped', b'\x15')
|Portal| 2026-03-08 01:43:56 [!!] Unhandled Error
	Traceback (most recent call last):
	  File "/opt/nightcity/venv/lib/python3.12/site-packages/twisted/internet/posixbase.py", line 491, in _doReadOrWrite
	    why = selectable.doRead()
	  File "/opt/nightcity/venv/lib/python3.12/site-packages/twisted/internet/tcp.py", line 250, in doRead
	    return self._dataReceived(data)
	  File "/opt/nightcity/venv/lib/python3.12/site-packages/twisted/internet/tcp.py", line 255, in _dataReceived
	    rval = self.protocol.dataReceived(data)
	  File "/opt/nightcity/venv/lib/python3.12/site-packages/evennia/server/portal/telnet.py", line 105, in dataReceived
	    super().dataReceived(data)
	  File "/opt/nightcity/venv/lib/python3.12/site-packages/twisted/conch/telnet.py", line 599, in dataReceived
	    self.applicationDataReceived(b"".join(appDataBuffer))
	  File "/opt/nightcity/venv/lib/python3.12/site-packages/evennia/server/portal/telnet.py", line 334, in applicationDataReceived
	    if len(data) > 2 and _HTTP_REGEX.match(data[0]):
	builtins.TypeError: cannot use a string pattern on a bytes-like object
	
|Portal| 2026-03-08 01:44:26 [!!] Unhandled Error
	Traceback (most recent call last):
	  File "/opt/nightcity/venv/lib/python3.12/site-packages/twisted/internet/posixbase.py", line 491, in _doReadOrWrite
	    why = selectable.doRead()
	  File "/opt/nightcity/venv/lib/python3.12/site-packages/twisted/internet/tcp.py", line 250, in doRead
	    return self._dataReceived(data)
	  File "/opt/nightcity/venv/lib/python3.12/site-packages/twisted/internet/tcp.py", line 255, in _dataReceived
	    rval = self.protocol.dataReceived(data)
	  File "/opt/nightcity/venv/lib/python3.12/site-packages/evennia/server/portal/telnet.py", line 105, in dataReceived
	    super().dataReceived(data)
	  File "/opt/nightcity/venv/lib/python3.12/site-packages/twisted/conch/telnet.py", line 599, in dataReceived
	    self.applicationDataReceived(b"".join(appDataBuffer))
	  File "/opt/nightcity/venv/lib/python3.12/site-packages/evennia/server/portal/telnet.py", line 334, in applicationDataReceived
	    if len(data) > 2 and _HTTP_REGEX.match(data[0]):
	builtins.TypeError: cannot use a string pattern on a bytes-like object
	
|Portal| 2026-03-08 03:59:15 [WW] dropping connection to peer tcp4:195.184.76.89:47661 with abort=True: WebSocket opening handshake timeout (peer did not finish the opening handshake in time)
|Portal| 2026-03-08 03:59:18 [WW] dropping connection to peer tcp4:195.184.76.129:52393 with abort=False: None
|Portal| 2026-03-08 04:01:10 [WW] dropping connection to peer tcp4:91.230.168.93:48511 with abort=False: None
|Portal| 2026-03-08 06:24:19 [EE] Malformed telnet input: ('Stumped', b'\x01')
|Portal| 2026-03-08 06:24:19 [EE] Malformed telnet input: ('Stumped', b'm')
|Portal| 2026-03-08 06:24:19 [!!] Unhandled Error
	Traceback (most recent call last):
	  File "/opt/nightcity/venv/lib/python3.12/site-packages/twisted/internet/posixbase.py", line 491, in _doReadOrWrite
	    why = selectable.doRead()
	  File "/opt/nightcity/venv/lib/python3.12/site-packages/twisted/internet/tcp.py", line 250, in doRead
	    return self._dataReceived(data)
	  File "/opt/nightcity/venv/lib/python3.12/site-packages/twisted/internet/tcp.py", line 255, in _dataReceived
	    rval = self.protocol.dataReceived(data)
	  File "/opt/nightcity/venv/lib/python3.12/site-packages/evennia/server/portal/telnet.py", line 105, in dataReceived
	    super().dataReceived(data)
	  File "/opt/nightcity/venv/lib/python3.12/site-packages/twisted/conch/telnet.py", line 599, in dataReceived
	    self.applicationDataReceived(b"".join(appDataBuffer))
	  File "/opt/nightcity/venv/lib/python3.12/site-packages/evennia/server/portal/telnet.py", line 334, in applicationDataReceived
	    if len(data) > 2 and _HTTP_REGEX.match(data[0]):
	builtins.TypeError: cannot use a string pattern on a bytes-like object
	
|Portal| 2026-03-08 06:24:19 [!!] Unhandled Error
	Traceback (most recent call last):
	  File "/opt/nightcity/venv/lib/python3.12/site-packages/twisted/internet/posixbase.py", line 491, in _doReadOrWrite
	    why = selectable.doRead()
	  File "/opt/nightcity/venv/lib/python3.12/site-packages/twisted/internet/tcp.py", line 250, in doRead
	    return self._dataReceived(data)
	  File "/opt/nightcity/venv/lib/python3.12/site-packages/twisted/internet/tcp.py", line 255, in _dataReceived
	    rval = self.protocol.dataReceived(data)
	  File "/opt/nightcity/venv/lib/python3.12/site-packages/evennia/server/portal/telnet.py", line 105, in dataReceived
	    super().dataReceived(data)
	  File "/opt/nightcity/venv/lib/python3.12/site-packages/twisted/conch/telnet.py", line 599, in dataReceived
	    self.applicationDataReceived(b"".join(appDataBuffer))
	  File "/opt/nightcity/venv/lib/python3.12/site-packages/evennia/server/portal/telnet.py", line 334, in applicationDataReceived
	    if len(data) > 2 and _HTTP_REGEX.match(data[0]):
	builtins.TypeError: cannot use a string pattern on a bytes-like object
	
|Portal| 2026-03-08 09:21:58 [EE] Malformed telnet input: ('Stumped', b'\x01')
|Portal| 2026-03-08 09:37:51 [!!] Unhandled Error
	Traceback (most recent call last):
	  File "/opt/nightcity/venv/lib/python3.12/site-packages/twisted/internet/posixbase.py", line 491, in _doReadOrWrite
	    why = selectable.doRead()
	  File "/opt/nightcity/venv/lib/python3.12/site-packages/twisted/internet/tcp.py", line 250, in doRead
	    return self._dataReceived(data)
	  File "/opt/nightcity/venv/lib/python3.12/site-packages/twisted/internet/tcp.py", line 255, in _dataReceived
	    rval = self.protocol.dataReceived(data)
	  File "/opt/nightcity/venv/lib/python3.12/site-packages/evennia/server/portal/telnet.py", line 105, in dataReceived
	    super().dataReceived(data)
	  File "/opt/nightcity/venv/lib/python3.12/site-packages/twisted/conch/telnet.py", line 599, in dataReceived
	    self.applicationDataReceived(b"".join(appDataBuffer))
	  File "/opt/nightcity/venv/lib/python3.12/site-packages/evennia/server/portal/telnet.py", line 334, in applicationDataReceived
	    if len(data) > 2 and _HTTP_REGEX.match(data[0]):
	builtins.TypeError: cannot use a string pattern on a bytes-like object
	
|Portal| 2026-03-08 12:43:34 [EE] Malformed telnet input: ('Stumped', b'\x01')
|Portal| 2026-03-08 12:43:34 [EE] Malformed telnet input: ('Stumped', b'0')
|Portal| 2026-03-08 12:43:34 [!!] Unhandled Error
	Traceback (most recent call last):
	  File "/opt/nightcity/venv/lib/python3.12/site-packages/twisted/internet/posixbase.py", line 491, in _doReadOrWrite
	    why = selectable.doRead()
	  File "/opt/nightcity/venv/lib/python3.12/site-packages/twisted/internet/tcp.py", line 250, in doRead
	    return self._dataReceived(data)
	  File "/opt/nightcity/venv/lib/python3.12/site-packages/twisted/internet/tcp.py", line 255, in _dataReceived
	    rval = self.protocol.dataReceived(data)
	  File "/opt/nightcity/venv/lib/python3.12/site-packages/evennia/server/portal/telnet.py", line 105, in dataReceived
	    super().dataReceived(data)
	  File "/opt/nightcity/venv/lib/python3.12/site-packages/twisted/conch/telnet.py", line 599, in dataReceived
	    self.applicationDataReceived(b"".join(appDataBuffer))
	  File "/opt/nightcity/venv/lib/python3.12/site-packages/evennia/server/portal/telnet.py", line 334, in applicationDataReceived
	    if len(data) > 2 and _HTTP_REGEX.match(data[0]):
	builtins.TypeError: cannot use a string pattern on a bytes-like object
	
|Portal| 2026-03-08 12:43:34 [!!] Unhandled Error
	Traceback (most recent call last):
	  File "/opt/nightcity/venv/lib/python3.12/site-packages/twisted/internet/posixbase.py", line 491, in _doReadOrWrite
	    why = selectable.doRead()
	  File "/opt/nightcity/venv/lib/python3.12/site-packages/twisted/internet/tcp.py", line 250, in doRead
	    return self._dataReceived(data)
	  File "/opt/nightcity/venv/lib/python3.12/site-packages/twisted/internet/tcp.py", line 255, in _dataReceived
	    rval = self.protocol.dataReceived(data)
	  File "/opt/nightcity/venv/lib/python3.12/site-packages/evennia/server/portal/telnet.py", line 105, in dataReceived
	    super().dataReceived(data)
	  File "/opt/nightcity/venv/lib/python3.12/site-packages/twisted/conch/telnet.py", line 599, in dataReceived
	    self.applicationDataReceived(b"".join(appDataBuffer))
	  File "/opt/nightcity/venv/lib/python3.12/site-packages/evennia/server/portal/telnet.py", line 334, in applicationDataReceived
	    if len(data) > 2 and _HTTP_REGEX.match(data[0]):
	builtins.TypeError: cannot use a string pattern on a bytes-like object
	
|Portal| 2026-03-08 12:43:34 [EE] Malformed telnet input: ('Stumped', b'\x01')
|Portal| 2026-03-08 12:43:34 [!!] Unhandled Error
	Traceback (most recent call last):
	  File "/opt/nightcity/venv/lib/python3.12/site-packages/twisted/internet/posixbase.py", line 491, in _doReadOrWrite
	    why = selectable.doRead()
	  File "/opt/nightcity/venv/lib/python3.12/site-packages/twisted/internet/tcp.py", line 250, in doRead
	    return self._dataReceived(data)
	  File "/opt/nightcity/venv/lib/python3.12/site-packages/twisted/internet/tcp.py", line 255, in _dataReceived
	    rval = self.protocol.dataReceived(data)
	  File "/opt/nightcity/venv/lib/python3.12/site-packages/evennia/server/portal/telnet.py", line 105, in dataReceived
	    super().dataReceived(data)
	  File "/opt/nightcity/venv/lib/python3.12/site-packages/twisted/conch/telnet.py", line 599, in dataReceived
	    self.applicationDataReceived(b"".join(appDataBuffer))
	  File "/opt/nightcity/venv/lib/python3.12/site-packages/evennia/server/portal/telnet.py", line 334, in applicationDataReceived
	    if len(data) > 2 and _HTTP_REGEX.match(data[0]):
	builtins.TypeError: cannot use a string pattern on a bytes-like object
	
|Portal| 2026-03-08 13:33:11 [!!] Unhandled Error
	Traceback (most recent call last):
	  File "/opt/nightcity/venv/lib/python3.12/site-packages/twisted/internet/posixbase.py", line 491, in _doReadOrWrite
	    why = selectable.doRead()
	  File "/opt/nightcity/venv/lib/python3.12/site-packages/twisted/internet/tcp.py", line 250, in doRead
	    return self._dataReceived(data)
	  File "/opt/nightcity/venv/lib/python3.12/site-packages/twisted/internet/tcp.py", line 255, in _dataReceived
	    rval = self.protocol.dataReceived(data)
	  File "/opt/nightcity/venv/lib/python3.12/site-packages/evennia/server/portal/telnet.py", line 105, in dataReceived
	    super().dataReceived(data)
	  File "/opt/nightcity/venv/lib/python3.12/site-packages/twisted/conch/telnet.py", line 599, in dataReceived
	    self.applicationDataReceived(b"".join(appDataBuffer))
	  File "/opt/nightcity/venv/lib/python3.12/site-packages/evennia/server/portal/telnet.py", line 334, in applicationDataReceived
	    if len(data) > 2 and _HTTP_REGEX.match(data[0]):
	builtins.TypeError: cannot use a string pattern on a bytes-like object
	
|Portal| 2026-03-08 13:44:51 [!!] Unhandled Error
	Traceback (most recent call last):
	  File "/opt/nightcity/venv/lib/python3.12/site-packages/twisted/internet/posixbase.py", line 491, in _doReadOrWrite
	    why = selectable.doRead()
	  File "/opt/nightcity/venv/lib/python3.12/site-packages/twisted/internet/tcp.py", line 250, in doRead
	    return self._dataReceived(data)
	  File "/opt/nightcity/venv/lib/python3.12/site-packages/twisted/internet/tcp.py", line 255, in _dataReceived
	    rval = self.protocol.dataReceived(data)
	  File "/opt/nightcity/venv/lib/python3.12/site-packages/evennia/server/portal/telnet.py", line 105, in dataReceived
	    super().dataReceived(data)
	  File "/opt/nightcity/venv/lib/python3.12/site-packages/twisted/conch/telnet.py", line 599, in dataReceived
	    self.applicationDataReceived(b"".join(appDataBuffer))
	  File "/opt/nightcity/venv/lib/python3.12/site-packages/evennia/server/portal/telnet.py", line 334, in applicationDataReceived
	    if len(data) > 2 and _HTTP_REGEX.match(data[0]):
	builtins.TypeError: cannot use a string pattern on a bytes-like object
	
|Portal| 2026-03-08 13:44:52 [!!] Unhandled Error
	Traceback (most recent call last):
	  File "/opt/nightcity/venv/lib/python3.12/site-packages/twisted/internet/posixbase.py", line 491, in _doReadOrWrite
	    why = selectable.doRead()
	  File "/opt/nightcity/venv/lib/python3.12/site-packages/twisted/internet/tcp.py", line 250, in doRead
	    return self._dataReceived(data)
	  File "/opt/nightcity/venv/lib/python3.12/site-packages/twisted/internet/tcp.py", line 255, in _dataReceived
	    rval = self.protocol.dataReceived(data)
	  File "/opt/nightcity/venv/lib/python3.12/site-packages/evennia/server/portal/telnet.py", line 105, in dataReceived
	    super().dataReceived(data)
	  File "/opt/nightcity/venv/lib/python3.12/site-packages/twisted/conch/telnet.py", line 599, in dataReceived
	    self.applicationDataReceived(b"".join(appDataBuffer))
	  File "/opt/nightcity/venv/lib/python3.12/site-packages/evennia/server/portal/telnet.py", line 334, in applicationDataReceived
	    if len(data) > 2 and _HTTP_REGEX.match(data[0]):
	builtins.TypeError: cannot use a string pattern on a bytes-like object
	
|Portal| 2026-03-08 13:44:52 [EE] Malformed telnet input: ('Stumped', b'k')
|Portal| 2026-03-08 13:48:16 [WW] dropping connection to peer tcp4:85.217.149.53:55808 with abort=False: None
|Portal| 2026-03-08 17:25:29 [!!] Unhandled Error
	Traceback (most recent call last):
	  File "/opt/nightcity/venv/lib/python3.12/site-packages/twisted/internet/posixbase.py", line 491, in _doReadOrWrite
	    why = selectable.doRead()
	  File "/opt/nightcity/venv/lib/python3.12/site-packages/twisted/internet/tcp.py", line 250, in doRead
	    return self._dataReceived(data)
	  File "/opt/nightcity/venv/lib/python3.12/site-packages/twisted/internet/tcp.py", line 255, in _dataReceived
	    rval = self.protocol.dataReceived(data)
	  File "/opt/nightcity/venv/lib/python3.12/site-packages/evennia/server/portal/telnet.py", line 105, in dataReceived
	    super().dataReceived(data)
	  File "/opt/nightcity/venv/lib/python3.12/site-packages/twisted/conch/telnet.py", line 599, in dataReceived
	    self.applicationDataReceived(b"".join(appDataBuffer))
	  File "/opt/nightcity/venv/lib/python3.12/site-packages/evennia/server/portal/telnet.py", line 334, in applicationDataReceived
	    if len(data) > 2 and _HTTP_REGEX.match(data[0]):
	builtins.TypeError: cannot use a string pattern on a bytes-like object
	
|Portal| 2026-03-08 23:25:02 [..] Timing out client: IPv4Address(type='TCP', host='85.217.149.21', port=38062)
|Portal| 2026-03-09 00:26:51 [!!] Unhandled Error
	Traceback (most recent call last):
	  File "/opt/nightcity/venv/lib/python3.12/site-packages/twisted/internet/posixbase.py", line 491, in _doReadOrWrite
	    why = selectable.doRead()
	  File "/opt/nightcity/venv/lib/python3.12/site-packages/twisted/internet/tcp.py", line 250, in doRead
	    return self._dataReceived(data)
	  File "/opt/nightcity/venv/lib/python3.12/site-packages/twisted/internet/tcp.py", line 255, in _dataReceived
	    rval = self.protocol.dataReceived(data)
	  File "/opt/nightcity/venv/lib/python3.12/site-packages/evennia/server/portal/telnet.py", line 105, in dataReceived
	    super().dataReceived(data)
	  File "/opt/nightcity/venv/lib/python3.12/site-packages/twisted/conch/telnet.py", line 599, in dataReceived
	    self.applicationDataReceived(b"".join(appDataBuffer))
	  File "/opt/nightcity/venv/lib/python3.12/site-packages/evennia/server/portal/telnet.py", line 334, in applicationDataReceived
	    if len(data) > 2 and _HTTP_REGEX.match(data[0]):
	builtins.TypeError: cannot use a string pattern on a bytes-like object
	
|Portal| 2026-03-09 00:30:26 [..] Loaded.
|Portal| 2026-03-09 00:30:24 [!!] Removing stale pidfile /opt/nightcity/game/server/portal.pid
|Portal| 2026-03-09 00:30:24 [..] Loading /opt/nightcity/venv/lib/python3.12/site-packages/evennia/server/portal/portal.py...
|Portal| 2026-03-09 00:30:26 [..] Loaded.
|Portal| 2026-03-09 00:30:26 [..] twistd 24.11.0 (/opt/nightcity/venv/bin/python3 3.12.3) starting up.
|Portal| 2026-03-09 00:30:26 [..] reactor class: twisted.internet.epollreactor.EPollReactor.
|Portal| 2026-03-09 00:30:27 [..] AMP starting on 4006
|Portal| 2026-03-09 00:30:27 [..] Telnet starting on 4000
|Portal| 2026-03-09 00:30:27 [..] Websocket starting on 4005
|Portal| 2026-03-09 00:30:27 [..] Webserver-proxy starting on 4001
|Portal| 2026-03-09 00:30:27 [..] Portal starting server ... 
|Portal| 2026-03-09 00:34:03 [EE] Malformed telnet input: ('Stumped', b'\x01')
|Portal| 2026-03-09 00:34:03 [EE] Malformed telnet input: ('Stumped', b'\x15')
|Portal| 2026-03-09 00:39:31 [..] Portal starting server ... 
|Portal| 2026-03-09 00:48:57 [..] Portal starting server ... 
|Portal| 2026-03-09 00:50:42 [!!] Unhandled Error
	Traceback (most recent call last):
	  File "/opt/nightcity/venv/lib/python3.12/site-packages/twisted/internet/posixbase.py", line 491, in _doReadOrWrite
	    why = selectable.doRead()
	  File "/opt/nightcity/venv/lib/python3.12/site-packages/twisted/internet/tcp.py", line 250, in doRead
	    return self._dataReceived(data)
	  File "/opt/nightcity/venv/lib/python3.12/site-packages/twisted/internet/tcp.py", line 255, in _dataReceived
	    rval = self.protocol.dataReceived(data)
	  File "/opt/nightcity/venv/lib/python3.12/site-packages/evennia/server/portal/telnet.py", line 105, in dataReceived
	    super().dataReceived(data)
	  File "/opt/nightcity/venv/lib/python3.12/site-packages/twisted/conch/telnet.py", line 599, in dataReceived
	    self.applicationDataReceived(b"".join(appDataBuffer))
	  File "/opt/nightcity/venv/lib/python3.12/site-packages/evennia/server/portal/telnet.py", line 334, in applicationDataReceived
	    if len(data) > 2 and _HTTP_REGEX.match(data[0]):
	builtins.TypeError: cannot use a string pattern on a bytes-like object
	
|Portal| 2026-03-09 00:59:39 [..] Portal starting server ... 
|Portal| 2026-03-09 08:23:36 [WW] dropping connection to peer tcp4:216.180.246.11:21249 with abort=True: WebSocket opening handshake timeout (peer did not finish the opening handshake in time)
|Portal| 2026-03-09 08:23:54 [WW] dropping connection to peer tcp4:216.180.246.11:20970 with abort=True: WebSocket opening handshake timeout (peer did not finish the opening handshake in time)
|Portal| 2026-03-09 08:24:17 [WW] dropping connection to peer tcp4:216.180.246.11:37928 with abort=False: None
|Portal| 2026-03-09 08:24:18 [WW] dropping connection to peer tcp4:216.180.246.11:37940 with abort=False: None
|Portal| 2026-03-09 08:24:19 [WW] dropping connection to peer tcp4:216.180.246.11:37948 with abort=False: None
|Portal| 2026-03-09 08:24:22 [WW] dropping connection to peer tcp4:216.180.246.11:37952 with abort=False: None
|Portal| 2026-03-09 08:24:23 [WW] dropping connection to peer tcp4:216.180.246.11:2158 with abort=False: None
|Portal| 2026-03-09 08:24:24 [WW] dropping connection to peer tcp4:216.180.246.11:2160 with abort=False: None
|Portal| 2026-03-09 08:24:24 [WW] dropping connection to peer tcp4:216.180.246.11:2174 with abort=False: None
|Portal| 2026-03-09 08:24:25 [WW] dropping connection to peer tcp4:216.180.246.11:2178 with abort=False: None
|Portal| 2026-03-09 08:24:28 [WW] dropping connection to peer tcp4:216.180.246.11:2184 with abort=False: None
|Portal| 2026-03-09 08:24:32 [WW] dropping connection to peer tcp4:216.180.246.11:2188 with abort=False: None
|Portal| 2026-03-09 08:24:33 [WW] dropping connection to peer tcp4:216.180.246.11:7094 with abort=False: None
|Portal| 2026-03-09 08:24:33 [WW] dropping connection to peer tcp4:216.180.246.11:7104 with abort=False: None
|Portal| 2026-03-09 08:24:33 [WW] dropping connection to peer tcp4:216.180.246.11:7106 with abort=False: None
|Portal| 2026-03-09 08:24:34 [WW] dropping connection to peer tcp4:216.180.246.11:7116 with abort=False: None
|Portal| 2026-03-09 08:24:35 [WW] dropping connection to peer tcp4:216.180.246.11:7124 with abort=False: None
|Portal| 2026-03-09 08:24:35 [WW] dropping connection to peer tcp4:216.180.246.11:7132 with abort=False: None
|Portal| 2026-03-09 14:49:50 [EE] Malformed telnet input: ('Stumped', b'\x01')
|Portal| 2026-03-09 14:49:50 [EE] Malformed telnet input: ('Stumped', b'\xca')
|Portal| 2026-03-09 14:49:50 [EE] Malformed telnet input: ('Stumped', b'\x01')
|Portal| 2026-03-09 14:49:51 [!!] Unhandled Error
	Traceback (most recent call last):
	  File "/opt/nightcity/venv/lib/python3.12/site-packages/twisted/internet/posixbase.py", line 491, in _doReadOrWrite
	    why = selectable.doRead()
	  File "/opt/nightcity/venv/lib/python3.12/site-packages/twisted/internet/tcp.py", line 250, in doRead
	    return self._dataReceived(data)
	  File "/opt/nightcity/venv/lib/python3.12/site-packages/twisted/internet/tcp.py", line 255, in _dataReceived
	    rval = self.protocol.dataReceived(data)
	  File "/opt/nightcity/venv/lib/python3.12/site-packages/evennia/server/portal/telnet.py", line 105, in dataReceived
	    super().dataReceived(data)
	  File "/opt/nightcity/venv/lib/python3.12/site-packages/twisted/conch/telnet.py", line 599, in dataReceived
	    self.applicationDataReceived(b"".join(appDataBuffer))
	  File "/opt/nightcity/venv/lib/python3.12/site-packages/evennia/server/portal/telnet.py", line 334, in applicationDataReceived
	    if len(data) > 2 and _HTTP_REGEX.match(data[0]):
	builtins.TypeError: cannot use a string pattern on a bytes-like object
	
|Portal| 2026-03-09 14:49:51 [!!] Unhandled Error
	Traceback (most recent call last):
	  File "/opt/nightcity/venv/lib/python3.12/site-packages/twisted/internet/posixbase.py", line 491, in _doReadOrWrite
	    why = selectable.doRead()
	  File "/opt/nightcity/venv/lib/python3.12/site-packages/twisted/internet/tcp.py", line 250, in doRead
	    return self._dataReceived(data)
	  File "/opt/nightcity/venv/lib/python3.12/site-packages/twisted/internet/tcp.py", line 255, in _dataReceived
	    rval = self.protocol.dataReceived(data)
	  File "/opt/nightcity/venv/lib/python3.12/site-packages/evennia/server/portal/telnet.py", line 105, in dataReceived
	    super().dataReceived(data)
	  File "/opt/nightcity/venv/lib/python3.12/site-packages/twisted/conch/telnet.py", line 599, in dataReceived
	    self.applicationDataReceived(b"".join(appDataBuffer))
	  File "/opt/nightcity/venv/lib/python3.12/site-packages/evennia/server/portal/telnet.py", line 334, in applicationDataReceived
	    if len(data) > 2 and _HTTP_REGEX.match(data[0]):
	builtins.TypeError: cannot use a string pattern on a bytes-like object
	
|Portal| 2026-03-09 14:49:51 [!!] Unhandled Error
	Traceback (most recent call last):
	  File "/opt/nightcity/venv/lib/python3.12/site-packages/twisted/internet/posixbase.py", line 491, in _doReadOrWrite
	    why = selectable.doRead()
	  File "/opt/nightcity/venv/lib/python3.12/site-packages/twisted/internet/tcp.py", line 250, in doRead
	    return self._dataReceived(data)
	  File "/opt/nightcity/venv/lib/python3.12/site-packages/twisted/internet/tcp.py", line 255, in _dataReceived
	    rval = self.protocol.dataReceived(data)
	  File "/opt/nightcity/venv/lib/python3.12/site-packages/evennia/server/portal/telnet.py", line 105, in dataReceived
	    super().dataReceived(data)
	  File "/opt/nightcity/venv/lib/python3.12/site-packages/twisted/conch/telnet.py", line 599, in dataReceived
	    self.applicationDataReceived(b"".join(appDataBuffer))
	  File "/opt/nightcity/venv/lib/python3.12/site-packages/evennia/server/portal/telnet.py", line 334, in applicationDataReceived
	    if len(data) > 2 and _HTTP_REGEX.match(data[0]):
	builtins.TypeError: cannot use a string pattern on a bytes-like object
	
|Portal| 2026-03-09 17:32:39 [EE] Malformed telnet input: ('Stumped', b'\x01')
|Portal| 2026-03-09 17:32:40 [!!] Unhandled Error
	Traceback (most recent call last):
	  File "/opt/nightcity/venv/lib/python3.12/site-packages/twisted/internet/posixbase.py", line 491, in _doReadOrWrite
	    why = selectable.doRead()
	  File "/opt/nightcity/venv/lib/python3.12/site-packages/twisted/internet/tcp.py", line 250, in doRead
	    return self._dataReceived(data)
	  File "/opt/nightcity/venv/lib/python3.12/site-packages/twisted/internet/tcp.py", line 255, in _dataReceived
	    rval = self.protocol.dataReceived(data)
	  File "/opt/nightcity/venv/lib/python3.12/site-packages/evennia/server/portal/telnet.py", line 105, in dataReceived
	    super().dataReceived(data)
	  File "/opt/nightcity/venv/lib/python3.12/site-packages/twisted/conch/telnet.py", line 599, in dataReceived
	    self.applicationDataReceived(b"".join(appDataBuffer))
	  File "/opt/nightcity/venv/lib/python3.12/site-packages/evennia/server/portal/telnet.py", line 334, in applicationDataReceived
	    if len(data) > 2 and _HTTP_REGEX.match(data[0]):
	builtins.TypeError: cannot use a string pattern on a bytes-like object
	
|Portal| 2026-03-09 19:55:15 [WW] dropping connection to peer tcp4:45.227.253.170:64639 with abort=True: WebSocket opening handshake timeout (peer did not finish the opening handshake in time)
|Portal| 2026-03-09 20:23:48 [!!] Unhandled Error
	Traceback (most recent call last):
	  File "/opt/nightcity/venv/lib/python3.12/site-packages/twisted/internet/posixbase.py", line 491, in _doReadOrWrite
	    why = selectable.doRead()
	  File "/opt/nightcity/venv/lib/python3.12/site-packages/twisted/internet/tcp.py", line 250, in doRead
	    return self._dataReceived(data)
	  File "/opt/nightcity/venv/lib/python3.12/site-packages/twisted/internet/tcp.py", line 255, in _dataReceived
	    rval = self.protocol.dataReceived(data)
	  File "/opt/nightcity/venv/lib/python3.12/site-packages/evennia/server/portal/telnet.py", line 105, in dataReceived
	    super().dataReceived(data)
	  File "/opt/nightcity/venv/lib/python3.12/site-packages/twisted/conch/telnet.py", line 599, in dataReceived
	    self.applicationDataReceived(b"".join(appDataBuffer))
	  File "/opt/nightcity/venv/lib/python3.12/site-packages/evennia/server/portal/telnet.py", line 334, in applicationDataReceived
	    if len(data) > 2 and _HTTP_REGEX.match(data[0]):
	builtins.TypeError: cannot use a string pattern on a bytes-like object
	
|Portal| 2026-03-09 22:24:56 [..] Portal starting server ... 
|Portal| 2026-03-09 22:33:37 [..] Portal starting server ... 
|Portal| 2026-03-09 22:40:42 [..] Portal starting server ... 
|Portal| 2026-03-09 22:40:46 [..] Portal starting server ... 
|Portal| 2026-03-09 22:44:11 [..] Portal starting server ... 
|Portal| 2026-03-09 22:45:14 [..] Portal starting server ... 
|Portal| 2026-03-10 00:58:00 [EE] Malformed telnet input: ('Stumped', b'\x01')
|Portal| 2026-03-10 01:19:37 [!!] Unhandled Error
	Traceback (most recent call last):
	  File "/opt/nightcity/venv/lib/python3.12/site-packages/twisted/internet/posixbase.py", line 491, in _doReadOrWrite
	    why = selectable.doRead()
	  File "/opt/nightcity/venv/lib/python3.12/site-packages/twisted/internet/tcp.py", line 250, in doRead
	    return self._dataReceived(data)
	  File "/opt/nightcity/venv/lib/python3.12/site-packages/twisted/internet/tcp.py", line 255, in _dataReceived
	    rval = self.protocol.dataReceived(data)
	  File "/opt/nightcity/venv/lib/python3.12/site-packages/evennia/server/portal/telnet.py", line 105, in dataReceived
	    super().dataReceived(data)
	  File "/opt/nightcity/venv/lib/python3.12/site-packages/twisted/conch/telnet.py", line 599, in dataReceived
	    self.applicationDataReceived(b"".join(appDataBuffer))
	  File "/opt/nightcity/venv/lib/python3.12/site-packages/evennia/server/portal/telnet.py", line 334, in applicationDataReceived
	    if len(data) > 2 and _HTTP_REGEX.match(data[0]):
	builtins.TypeError: cannot use a string pattern on a bytes-like object
	
|Portal| 2026-03-10 04:20:22 [!!] Unhandled Error
	Traceback (most recent call last):
	  File "/opt/nightcity/venv/lib/python3.12/site-packages/twisted/internet/posixbase.py", line 491, in _doReadOrWrite
	    why = selectable.doRead()
	  File "/opt/nightcity/venv/lib/python3.12/site-packages/twisted/internet/tcp.py", line 250, in doRead
	    return self._dataReceived(data)
	  File "/opt/nightcity/venv/lib/python3.12/site-packages/twisted/internet/tcp.py", line 255, in _dataReceived
	    rval = self.protocol.dataReceived(data)
	  File "/opt/nightcity/venv/lib/python3.12/site-packages/evennia/server/portal/telnet.py", line 105, in dataReceived
	    super().dataReceived(data)
	  File "/opt/nightcity/venv/lib/python3.12/site-packages/twisted/conch/telnet.py", line 599, in dataReceived
	    self.applicationDataReceived(b"".join(appDataBuffer))
	  File "/opt/nightcity/venv/lib/python3.12/site-packages/evennia/server/portal/telnet.py", line 334, in applicationDataReceived
	    if len(data) > 2 and _HTTP_REGEX.match(data[0]):
	builtins.TypeError: cannot use a string pattern on a bytes-like object
	
|Portal| 2026-03-10 04:23:20 [!!] Unhandled Error
	Traceback (most recent call last):
	  File "/opt/nightcity/venv/lib/python3.12/site-packages/twisted/internet/posixbase.py", line 491, in _doReadOrWrite
	    why = selectable.doRead()
	  File "/opt/nightcity/venv/lib/python3.12/site-packages/twisted/internet/tcp.py", line 250, in doRead
	    return self._dataReceived(data)
	  File "/opt/nightcity/venv/lib/python3.12/site-packages/twisted/internet/tcp.py", line 255, in _dataReceived
	    rval = self.protocol.dataReceived(data)
	  File "/opt/nightcity/venv/lib/python3.12/site-packages/evennia/server/portal/telnet.py", line 105, in dataReceived
	    super().dataReceived(data)
	  File "/opt/nightcity/venv/lib/python3.12/site-packages/twisted/conch/telnet.py", line 599, in dataReceived
	    self.applicationDataReceived(b"".join(appDataBuffer))
	  File "/opt/nightcity/venv/lib/python3.12/site-packages/evennia/server/portal/telnet.py", line 334, in applicationDataReceived
	    if len(data) > 2 and _HTTP_REGEX.match(data[0]):
	builtins.TypeError: cannot use a string pattern on a bytes-like object
	
|Portal| 2026-03-10 04:24:52 [EE] Malformed telnet input: ('Stumped', b'\x01')
|Portal| 2026-03-10 04:24:52 [EE] Malformed telnet input: ('Stumped', b'\x15')
|Portal| 2026-03-10 04:28:24 [EE] Malformed telnet input: ('Stumped', b'\x01')
|Portal| 2026-03-10 04:28:24 [EE] Malformed telnet input: ('Stumped', b'\x15')
|Portal| 2026-03-10 05:00:05 [WW] dropping connection to peer tcp4:178.16.53.147:35750 with abort=True: WebSocket opening handshake timeout (peer did not finish the opening handshake in time)
|Portal| 2026-03-10 05:00:11 [WW] dropping connection to peer tcp4:178.16.53.147:35754 with abort=True: WebSocket opening handshake timeout (peer did not finish the opening handshake in time)
|Portal| 2026-03-10 06:06:18 [..] Portal starting server ... 
|Portal| 2026-03-10 06:18:21 [..] Portal starting server ... 
|Portal| 2026-03-10 06:19:55 [..] Portal starting server ... 
|Portal| 2026-03-10 06:21:37 [..] Portal starting server ... 
|Portal| 2026-03-10 06:23:10 [!!] Unhandled Error
	Traceback (most recent call last):
	  File "/opt/nightcity/venv/lib/python3.12/site-packages/twisted/internet/posixbase.py", line 491, in _doReadOrWrite
	    why = selectable.doRead()
	  File "/opt/nightcity/venv/lib/python3.12/site-packages/twisted/internet/tcp.py", line 250, in doRead
	    return self._dataReceived(data)
	  File "/opt/nightcity/venv/lib/python3.12/site-packages/twisted/internet/tcp.py", line 255, in _dataReceived
	    rval = self.protocol.dataReceived(data)
	  File "/opt/nightcity/venv/lib/python3.12/site-packages/evennia/server/portal/telnet.py", line 105, in dataReceived
	    super().dataReceived(data)
	  File "/opt/nightcity/venv/lib/python3.12/site-packages/twisted/conch/telnet.py", line 599, in dataReceived
	    self.applicationDataReceived(b"".join(appDataBuffer))
	  File "/opt/nightcity/venv/lib/python3.12/site-packages/evennia/server/portal/telnet.py", line 334, in applicationDataReceived
	    if len(data) > 2 and _HTTP_REGEX.match(data[0]):
	builtins.TypeError: cannot use a string pattern on a bytes-like object
	
|Portal| 2026-03-10 06:23:10 [EE] Malformed telnet input: ('Stumped', b'\x01')
|Portal| 2026-03-10 06:23:10 [EE] Malformed telnet input: ('Stumped', b'\x15')
|Portal| 2026-03-10 06:26:28 [..] Portal starting server ... 
|Portal| 2026-03-10 06:27:58 [..] Portal starting server ... 
|Portal| 2026-03-10 06:28:05 [..] Portal starting server ... 
|Portal| 2026-03-10 06:33:16 [..] Portal starting server ... 
|Portal| 2026-03-10 06:33:23 [..] Portal starting server ... 
|Portal| 2026-03-10 06:35:00 [..] Portal starting server ... 
|Portal| 2026-03-10 06:35:08 [..] Portal starting server ... 
|Portal| 2026-03-10 06:35:23 [..] (TCP Port 4001 Closed)
|Portal| 2026-03-10 06:35:23 [..] (TCP Port 4005 Closed)
|Portal| 2026-03-10 06:35:23 [..] (TCP Port 4000 Closed)
|Portal| 2026-03-10 06:35:23 [..] (TCP Port 4006 Closed)
|Portal| 2026-03-10 06:35:23 [..] Main loop terminated.
|Portal| 2026-03-10 06:35:23 [..] Server Shut Down.
|Portal| 2026-03-10 06:35:31 [..] Loaded.
|Portal| 2026-03-10 06:35:26 [..] Loading /opt/nightcity/venv/lib/python3.12/site-packages/evennia/server/portal/portal.py...
|Portal| 2026-03-10 06:35:31 [..] Loaded.
|Portal| 2026-03-10 06:35:31 [..] twistd 24.11.0 (/opt/nightcity/venv/bin/python3 3.12.3) starting up.
|Portal| 2026-03-10 06:35:31 [..] reactor class: twisted.internet.epollreactor.EPollReactor.
|Portal| 2026-03-10 06:35:32 [..] AMP starting on 4006
|Portal| 2026-03-10 06:35:32 [..] Telnet starting on 4000
|Portal| 2026-03-10 06:35:32 [..] Websocket starting on 4005
|Portal| 2026-03-10 06:35:32 [..] Webserver-proxy starting on 4001
|Portal| 2026-03-10 06:35:32 [..] Portal starting server ... 
|Portal| 2026-03-10 06:35:37 [..] Portal starting server ... 
|Portal| 2026-03-10 06:36:05 [..] Portal starting server ... 
|Portal| 2026-03-10 06:36:49 [..] Received SIGTERM, shutting down.
|Portal| 2026-03-10 06:36:49 [..] (TCP Port 4001 Closed)
|Portal| 2026-03-10 06:36:49 [..] (TCP Port 4005 Closed)
|Portal| 2026-03-10 06:36:49 [..] (TCP Port 4000 Closed)
|Portal| 2026-03-10 06:36:49 [..] (TCP Port 4006 Closed)
|Portal| 2026-03-10 06:36:49 [..] Main loop terminated.
|Portal| 2026-03-10 06:36:49 [..] Server Shut Down.
|Portal| 2026-03-10 06:37:15 [..] Loaded.
|Portal| 2026-03-10 06:37:07 [..] Loading /opt/nightcity/venv/lib/python3.12/site-packages/evennia/server/portal/portal.py...
|Portal| 2026-03-10 06:37:15 [..] Loaded.
|Portal| 2026-03-10 06:37:15 [..] twistd 24.11.0 (/opt/nightcity/venv/bin/python3 3.12.3) starting up.
|Portal| 2026-03-10 06:37:15 [..] reactor class: twisted.internet.epollreactor.EPollReactor.
|Portal| 2026-03-10 06:37:15 [..] AMP starting on 4006
|Portal| 2026-03-10 06:37:15 [..] Telnet starting on 4000
|Portal| 2026-03-10 06:37:15 [..] Websocket starting on 4005
|Portal| 2026-03-10 06:37:15 [..] Webserver-proxy starting on 4001
|Portal| 2026-03-10 06:37:16 [..] Portal starting server ... 
|Portal| 2026-03-10 06:37:19 [..] Portal starting server ... 
|Portal| 2026-03-10 07:25:06 [!!] Unhandled Error
	Traceback (most recent call last):
	  File "/opt/nightcity/venv/lib/python3.12/site-packages/twisted/internet/posixbase.py", line 491, in _doReadOrWrite
	    why = selectable.doRead()
	  File "/opt/nightcity/venv/lib/python3.12/site-packages/twisted/internet/tcp.py", line 250, in doRead
	    return self._dataReceived(data)
	  File "/opt/nightcity/venv/lib/python3.12/site-packages/twisted/internet/tcp.py", line 255, in _dataReceived
	    rval = self.protocol.dataReceived(data)
	  File "/opt/nightcity/venv/lib/python3.12/site-packages/evennia/server/portal/telnet.py", line 105, in dataReceived
	    super().dataReceived(data)
	  File "/opt/nightcity/venv/lib/python3.12/site-packages/twisted/conch/telnet.py", line 599, in dataReceived
	    self.applicationDataReceived(b"".join(appDataBuffer))
	  File "/opt/nightcity/venv/lib/python3.12/site-packages/evennia/server/portal/telnet.py", line 334, in applicationDataReceived
	    if len(data) > 2 and _HTTP_REGEX.match(data[0]):
	builtins.TypeError: cannot use a string pattern on a bytes-like object
	
|Portal| 2026-03-10 12:32:57 [!!] Unhandled Error
	Traceback (most recent call last):
	  File "/opt/nightcity/venv/lib/python3.12/site-packages/twisted/internet/posixbase.py", line 491, in _doReadOrWrite
	    why = selectable.doRead()
	  File "/opt/nightcity/venv/lib/python3.12/site-packages/twisted/internet/tcp.py", line 250, in doRead
	    return self._dataReceived(data)
	  File "/opt/nightcity/venv/lib/python3.12/site-packages/twisted/internet/tcp.py", line 255, in _dataReceived
	    rval = self.protocol.dataReceived(data)
	  File "/opt/nightcity/venv/lib/python3.12/site-packages/evennia/server/portal/telnet.py", line 105, in dataReceived
	    super().dataReceived(data)
	  File "/opt/nightcity/venv/lib/python3.12/site-packages/twisted/conch/telnet.py", line 599, in dataReceived
	    self.applicationDataReceived(b"".join(appDataBuffer))
	  File "/opt/nightcity/venv/lib/python3.12/site-packages/evennia/server/portal/telnet.py", line 334, in applicationDataReceived
	    if len(data) > 2 and _HTTP_REGEX.match(data[0]):
	builtins.TypeError: cannot use a string pattern on a bytes-like object
	
|Portal| 2026-03-10 15:25:18 [WW] dropping connection to peer tcp4:85.217.149.39:60520 with abort=False: None
|Portal| 2026-03-10 16:19:40 [EE] Malformed telnet input: ('Stumped', b'\x01')
|Portal| 2026-03-10 16:19:40 [!!] Unhandled Error
	Traceback (most recent call last):
	  File "/opt/nightcity/venv/lib/python3.12/site-packages/twisted/internet/posixbase.py", line 491, in _doReadOrWrite
	    why = selectable.doRead()
	  File "/opt/nightcity/venv/lib/python3.12/site-packages/twisted/internet/tcp.py", line 250, in doRead
	    return self._dataReceived(data)
	  File "/opt/nightcity/venv/lib/python3.12/site-packages/twisted/internet/tcp.py", line 255, in _dataReceived
	    rval = self.protocol.dataReceived(data)
	  File "/opt/nightcity/venv/lib/python3.12/site-packages/evennia/server/portal/telnet.py", line 105, in dataReceived
	    super().dataReceived(data)
	  File "/opt/nightcity/venv/lib/python3.12/site-packages/twisted/conch/telnet.py", line 599, in dataReceived
	    self.applicationDataReceived(b"".join(appDataBuffer))
	  File "/opt/nightcity/venv/lib/python3.12/site-packages/evennia/server/portal/telnet.py", line 334, in applicationDataReceived
	    if len(data) > 2 and _HTTP_REGEX.match(data[0]):
	builtins.TypeError: cannot use a string pattern on a bytes-like object
	
|Portal| 2026-03-10 16:22:40 [..] Portal starting server ... 
|Portal| 2026-03-10 16:22:46 [..] Portal starting server ... 
|Portal| 2026-03-10 16:35:30 [..] Portal starting server ... 
|Portal| 2026-03-10 16:35:35 [..] Portal starting server ... 
|Portal| 2026-03-10 17:02:37 [!!] Unhandled Error
	Traceback (most recent call last):
	  File "/opt/nightcity/venv/lib/python3.12/site-packages/twisted/internet/posixbase.py", line 491, in _doReadOrWrite
	    why = selectable.doRead()
	  File "/opt/nightcity/venv/lib/python3.12/site-packages/twisted/internet/tcp.py", line 250, in doRead
	    return self._dataReceived(data)
	  File "/opt/nightcity/venv/lib/python3.12/site-packages/twisted/internet/tcp.py", line 255, in _dataReceived
	    rval = self.protocol.dataReceived(data)
	  File "/opt/nightcity/venv/lib/python3.12/site-packages/evennia/server/portal/telnet.py", line 105, in dataReceived
	    super().dataReceived(data)
	  File "/opt/nightcity/venv/lib/python3.12/site-packages/twisted/conch/telnet.py", line 599, in dataReceived
	    self.applicationDataReceived(b"".join(appDataBuffer))
	  File "/opt/nightcity/venv/lib/python3.12/site-packages/evennia/server/portal/telnet.py", line 334, in applicationDataReceived
	    if len(data) > 2 and _HTTP_REGEX.match(data[0]):
	builtins.TypeError: cannot use a string pattern on a bytes-like object
	
|Portal| 2026-03-10 17:02:37 [!!] Unhandled Error
	Traceback (most recent call last):
	  File "/opt/nightcity/venv/lib/python3.12/site-packages/twisted/internet/posixbase.py", line 491, in _doReadOrWrite
	    why = selectable.doRead()
	  File "/opt/nightcity/venv/lib/python3.12/site-packages/twisted/internet/tcp.py", line 250, in doRead
	    return self._dataReceived(data)
	  File "/opt/nightcity/venv/lib/python3.12/site-packages/twisted/internet/tcp.py", line 255, in _dataReceived
	    rval = self.protocol.dataReceived(data)
	  File "/opt/nightcity/venv/lib/python3.12/site-packages/evennia/server/portal/telnet.py", line 105, in dataReceived
	    super().dataReceived(data)
	  File "/opt/nightcity/venv/lib/python3.12/site-packages/twisted/conch/telnet.py", line 599, in dataReceived
	    self.applicationDataReceived(b"".join(appDataBuffer))
	  File "/opt/nightcity/venv/lib/python3.12/site-packages/evennia/server/portal/telnet.py", line 334, in applicationDataReceived
	    if len(data) > 2 and _HTTP_REGEX.match(data[0]):
	builtins.TypeError: cannot use a string pattern on a bytes-like object
	
|Portal| 2026-03-10 17:02:39 [!!] Unhandled Error
	Traceback (most recent call last):
	  File "/opt/nightcity/venv/lib/python3.12/site-packages/twisted/internet/posixbase.py", line 491, in _doReadOrWrite
	    why = selectable.doRead()
	  File "/opt/nightcity/venv/lib/python3.12/site-packages/twisted/internet/tcp.py", line 250, in doRead
	    return self._dataReceived(data)
	  File "/opt/nightcity/venv/lib/python3.12/site-packages/twisted/internet/tcp.py", line 255, in _dataReceived
	    rval = self.protocol.dataReceived(data)
	  File "/opt/nightcity/venv/lib/python3.12/site-packages/evennia/server/portal/telnet.py", line 105, in dataReceived
	    super().dataReceived(data)
	  File "/opt/nightcity/venv/lib/python3.12/site-packages/twisted/conch/telnet.py", line 599, in dataReceived
	    self.applicationDataReceived(b"".join(appDataBuffer))
	  File "/opt/nightcity/venv/lib/python3.12/site-packages/evennia/server/portal/telnet.py", line 334, in applicationDataReceived
	    if len(data) > 2 and _HTTP_REGEX.match(data[0]):
	builtins.TypeError: cannot use a string pattern on a bytes-like object
	
|Portal| 2026-03-10 17:02:39 [!!] Unhandled Error
	Traceback (most recent call last):
	  File "/opt/nightcity/venv/lib/python3.12/site-packages/twisted/internet/posixbase.py", line 491, in _doReadOrWrite
	    why = selectable.doRead()
	  File "/opt/nightcity/venv/lib/python3.12/site-packages/twisted/internet/tcp.py", line 250, in doRead
	    return self._dataReceived(data)
	  File "/opt/nightcity/venv/lib/python3.12/site-packages/twisted/internet/tcp.py", line 255, in _dataReceived
	    rval = self.protocol.dataReceived(data)
	  File "/opt/nightcity/venv/lib/python3.12/site-packages/evennia/server/portal/telnet.py", line 105, in dataReceived
	    super().dataReceived(data)
	  File "/opt/nightcity/venv/lib/python3.12/site-packages/twisted/conch/telnet.py", line 599, in dataReceived
	    self.applicationDataReceived(b"".join(appDataBuffer))
	  File "/opt/nightcity/venv/lib/python3.12/site-packages/evennia/server/portal/telnet.py", line 334, in applicationDataReceived
	    if len(data) > 2 and _HTTP_REGEX.match(data[0]):
	builtins.TypeError: cannot use a string pattern on a bytes-like object
	
|Portal| 2026-03-10 17:02:40 [!!] Unhandled Error
	Traceback (most recent call last):
	  File "/opt/nightcity/venv/lib/python3.12/site-packages/twisted/internet/posixbase.py", line 491, in _doReadOrWrite
	    why = selectable.doRead()
	  File "/opt/nightcity/venv/lib/python3.12/site-packages/twisted/internet/tcp.py", line 250, in doRead
	    return self._dataReceived(data)
	  File "/opt/nightcity/venv/lib/python3.12/site-packages/twisted/internet/tcp.py", line 255, in _dataReceived
	    rval = self.protocol.dataReceived(data)
	  File "/opt/nightcity/venv/lib/python3.12/site-packages/evennia/server/portal/telnet.py", line 105, in dataReceived
	    super().dataReceived(data)
	  File "/opt/nightcity/venv/lib/python3.12/site-packages/twisted/conch/telnet.py", line 599, in dataReceived
	    self.applicationDataReceived(b"".join(appDataBuffer))
	  File "/opt/nightcity/venv/lib/python3.12/site-packages/evennia/server/portal/telnet.py", line 334, in applicationDataReceived
	    if len(data) > 2 and _HTTP_REGEX.match(data[0]):
	builtins.TypeError: cannot use a string pattern on a bytes-like object
	
|Portal| 2026-03-10 17:02:40 [!!] Unhandled Error
	Traceback (most recent call last):
	  File "/opt/nightcity/venv/lib/python3.12/site-packages/twisted/internet/posixbase.py", line 491, in _doReadOrWrite
	    why = selectable.doRead()
	  File "/opt/nightcity/venv/lib/python3.12/site-packages/twisted/internet/tcp.py", line 250, in doRead
	    return self._dataReceived(data)
	  File "/opt/nightcity/venv/lib/python3.12/site-packages/twisted/internet/tcp.py", line 255, in _dataReceived
	    rval = self.protocol.dataReceived(data)
	  File "/opt/nightcity/venv/lib/python3.12/site-packages/evennia/server/portal/telnet.py", line 105, in dataReceived
	    super().dataReceived(data)
	  File "/opt/nightcity/venv/lib/python3.12/site-packages/twisted/conch/telnet.py", line 599, in dataReceived
	    self.applicationDataReceived(b"".join(appDataBuffer))
	  File "/opt/nightcity/venv/lib/python3.12/site-packages/evennia/server/portal/telnet.py", line 334, in applicationDataReceived
	    if len(data) > 2 and _HTTP_REGEX.match(data[0]):
	builtins.TypeError: cannot use a string pattern on a bytes-like object
	
|Portal| 2026-03-10 17:47:46 [EE] Malformed telnet input: ('Stumped', b'\x01')
|Portal| 2026-03-10 17:47:46 [EE] Malformed telnet input: ('Stumped', b'\x01')
|Portal| 2026-03-10 17:47:46 [EE] Malformed telnet input: ('Stumped', b'\x01')
|Portal| 2026-03-10 17:47:47 [!!] Unhandled Error
	Traceback (most recent call last):
	  File "/opt/nightcity/venv/lib/python3.12/site-packages/twisted/internet/posixbase.py", line 491, in _doReadOrWrite
	    why = selectable.doRead()
	  File "/opt/nightcity/venv/lib/python3.12/site-packages/twisted/internet/tcp.py", line 250, in doRead
	    return self._dataReceived(data)
	  File "/opt/nightcity/venv/lib/python3.12/site-packages/twisted/internet/tcp.py", line 255, in _dataReceived
	    rval = self.protocol.dataReceived(data)
	  File "/opt/nightcity/venv/lib/python3.12/site-packages/evennia/server/portal/telnet.py", line 105, in dataReceived
	    super().dataReceived(data)
	  File "/opt/nightcity/venv/lib/python3.12/site-packages/twisted/conch/telnet.py", line 599, in dataReceived
	    self.applicationDataReceived(b"".join(appDataBuffer))
	  File "/opt/nightcity/venv/lib/python3.12/site-packages/evennia/server/portal/telnet.py", line 334, in applicationDataReceived
	    if len(data) > 2 and _HTTP_REGEX.match(data[0]):
	builtins.TypeError: cannot use a string pattern on a bytes-like object
	
|Portal| 2026-03-10 17:47:47 [!!] Unhandled Error
	Traceback (most recent call last):
	  File "/opt/nightcity/venv/lib/python3.12/site-packages/twisted/internet/posixbase.py", line 491, in _doReadOrWrite
	    why = selectable.doRead()
	  File "/opt/nightcity/venv/lib/python3.12/site-packages/twisted/internet/tcp.py", line 250, in doRead
	    return self._dataReceived(data)
	  File "/opt/nightcity/venv/lib/python3.12/site-packages/twisted/internet/tcp.py", line 255, in _dataReceived
	    rval = self.protocol.dataReceived(data)
	  File "/opt/nightcity/venv/lib/python3.12/site-packages/evennia/server/portal/telnet.py", line 105, in dataReceived
	    super().dataReceived(data)
	  File "/opt/nightcity/venv/lib/python3.12/site-packages/twisted/conch/telnet.py", line 599, in dataReceived
	    self.applicationDataReceived(b"".join(appDataBuffer))
	  File "/opt/nightcity/venv/lib/python3.12/site-packages/evennia/server/portal/telnet.py", line 334, in applicationDataReceived
	    if len(data) > 2 and _HTTP_REGEX.match(data[0]):
	builtins.TypeError: cannot use a string pattern on a bytes-like object
	
|Portal| 2026-03-10 17:47:47 [!!] Unhandled Error
	Traceback (most recent call last):
	  File "/opt/nightcity/venv/lib/python3.12/site-packages/twisted/internet/posixbase.py", line 491, in _doReadOrWrite
	    why = selectable.doRead()
	  File "/opt/nightcity/venv/lib/python3.12/site-packages/twisted/internet/tcp.py", line 250, in doRead
	    return self._dataReceived(data)
	  File "/opt/nightcity/venv/lib/python3.12/site-packages/twisted/internet/tcp.py", line 255, in _dataReceived
	    rval = self.protocol.dataReceived(data)
	  File "/opt/nightcity/venv/lib/python3.12/site-packages/evennia/server/portal/telnet.py", line 105, in dataReceived
	    super().dataReceived(data)
	  File "/opt/nightcity/venv/lib/python3.12/site-packages/twisted/conch/telnet.py", line 599, in dataReceived
	    self.applicationDataReceived(b"".join(appDataBuffer))
	  File "/opt/nightcity/venv/lib/python3.12/site-packages/evennia/server/portal/telnet.py", line 334, in applicationDataReceived
	    if len(data) > 2 and _HTTP_REGEX.match(data[0]):
	builtins.TypeError: cannot use a string pattern on a bytes-like object
	
|Portal| 2026-03-10 17:49:28 [!!] Unhandled Error
	Traceback (most recent call last):
	  File "/opt/nightcity/venv/lib/python3.12/site-packages/twisted/internet/posixbase.py", line 491, in _doReadOrWrite
	    why = selectable.doRead()
	  File "/opt/nightcity/venv/lib/python3.12/site-packages/twisted/internet/tcp.py", line 250, in doRead
	    return self._dataReceived(data)
	  File "/opt/nightcity/venv/lib/python3.12/site-packages/twisted/internet/tcp.py", line 255, in _dataReceived
	    rval = self.protocol.dataReceived(data)
	  File "/opt/nightcity/venv/lib/python3.12/site-packages/evennia/server/portal/telnet.py", line 105, in dataReceived
	    super().dataReceived(data)
	  File "/opt/nightcity/venv/lib/python3.12/site-packages/twisted/conch/telnet.py", line 599, in dataReceived
	    self.applicationDataReceived(b"".join(appDataBuffer))
	  File "/opt/nightcity/venv/lib/python3.12/site-packages/evennia/server/portal/telnet.py", line 334, in applicationDataReceived
	    if len(data) > 2 and _HTTP_REGEX.match(data[0]):
	builtins.TypeError: cannot use a string pattern on a bytes-like object
	
|Portal| 2026-03-10 18:34:16 [..] Portal starting server ... 
|Portal| 2026-03-10 18:34:34 [..] Loaded.
|Portal| 2026-03-10 18:34:31 [..] Loading /opt/nightcity/venv/lib/python3.12/site-packages/evennia/server/portal/portal.py...
|Portal| 2026-03-10 18:34:34 [..] Loaded.
|Portal| 2026-03-10 18:34:34 [..] twistd 24.11.0 (/opt/nightcity/venv/bin/python3 3.12.3) starting up.
|Portal| 2026-03-10 18:34:34 [..] reactor class: twisted.internet.epollreactor.EPollReactor.
|Portal| 2026-03-10 18:35:06 [..] Loaded.
|Portal| 2026-03-10 18:35:02 [!!] Removing stale pidfile /opt/nightcity/game/server/portal.pid
|Portal| 2026-03-10 18:35:02 [..] Loading /opt/nightcity/venv/lib/python3.12/site-packages/evennia/server/portal/portal.py...
|Portal| 2026-03-10 18:35:06 [..] Loaded.
|Portal| 2026-03-10 18:35:06 [..] twistd 24.11.0 (/opt/nightcity/venv/bin/python3 3.12.3) starting up.
|Portal| 2026-03-10 18:35:06 [..] reactor class: twisted.internet.epollreactor.EPollReactor.
|Portal| 2026-03-10 18:35:30 [..] Loaded.
|Portal| 2026-03-10 18:35:27 [!!] Removing stale pidfile /opt/nightcity/game/server/portal.pid
|Portal| 2026-03-10 18:35:27 [..] Loading /opt/nightcity/venv/lib/python3.12/site-packages/evennia/server/portal/portal.py...
|Portal| 2026-03-10 18:35:30 [..] Loaded.
|Portal| 2026-03-10 18:35:30 [..] twistd 24.11.0 (/opt/nightcity/venv/bin/python3 3.12.3) starting up.
|Portal| 2026-03-10 18:35:30 [..] reactor class: twisted.internet.epollreactor.EPollReactor.
|Portal| 2026-03-10 18:35:51 [..] Loaded.
|Portal| 2026-03-10 18:35:48 [!!] Removing stale pidfile /opt/nightcity/game/server/portal.pid
|Portal| 2026-03-10 18:35:48 [..] Loading /opt/nightcity/venv/lib/python3.12/site-packages/evennia/server/portal/portal.py...
|Portal| 2026-03-10 18:35:51 [..] Loaded.
|Portal| 2026-03-10 18:35:51 [..] twistd 24.11.0 (/opt/nightcity/venv/bin/python3 3.12.3) starting up.
|Portal| 2026-03-10 18:35:51 [..] reactor class: twisted.internet.epollreactor.EPollReactor.
|Portal| 2026-03-10 18:35:51 [..] AMP starting on 4006
|Portal| 2026-03-10 18:35:51 [..] Telnet starting on 4000
|Portal| 2026-03-10 18:35:51 [..] Websocket starting on 4005
|Portal| 2026-03-10 18:35:51 [..] Webserver-proxy starting on 4001
|Portal| 2026-03-10 18:35:52 [..] Portal starting server ... 
|Portal| 2026-03-10 18:36:03 [..] Received SIGTERM, shutting down.
|Portal| 2026-03-10 18:36:03 [..] (TCP Port 4001 Closed)
|Portal| 2026-03-10 18:36:03 [..] (TCP Port 4005 Closed)
|Portal| 2026-03-10 18:36:03 [..] (TCP Port 4000 Closed)
|Portal| 2026-03-10 18:36:03 [..] (TCP Port 4006 Closed)
|Portal| 2026-03-10 18:36:03 [..] Main loop terminated.
|Portal| 2026-03-10 18:36:03 [..] Server Shut Down.
|Portal| 2026-03-10 18:36:20 [..] Loaded.
|Portal| 2026-03-10 18:36:17 [..] Loading /opt/nightcity/venv/lib/python3.12/site-packages/evennia/server/portal/portal.py...
|Portal| 2026-03-10 18:36:20 [..] Loaded.
|Portal| 2026-03-10 18:36:20 [..] twistd 24.11.0 (/opt/nightcity/venv/bin/python3 3.12.3) starting up.
|Portal| 2026-03-10 18:36:20 [..] reactor class: twisted.internet.epollreactor.EPollReactor.
|Portal| 2026-03-10 18:36:21 [..] AMP starting on 4006
|Portal| 2026-03-10 18:36:21 [..] Telnet starting on 4000
|Portal| 2026-03-10 18:36:21 [..] Websocket starting on 4005
|Portal| 2026-03-10 18:36:21 [..] Webserver-proxy starting on 4001
|Portal| 2026-03-10 18:36:21 [..] Portal starting server ... 
|Portal| 2026-03-10 18:36:25 [..] Received SIGTERM, shutting down.
|Portal| 2026-03-10 18:36:25 [..] Received SIGTERM, shutting down.
|Portal| 2026-03-10 18:36:25 [!!] while calling from thread
	Traceback (most recent call last):
	  File "/opt/nightcity/venv/lib/python3.12/site-packages/twisted/internet/base.py", line 1064, in runUntilCurrent
	    f(*a, **kw)
	  File "/opt/nightcity/venv/lib/python3.12/site-packages/twisted/internet/base.py", line 790, in stop
	    raise error.ReactorNotRunning("Can't stop reactor that isn't running.")
	twisted.internet.error.ReactorNotRunning: Can't stop reactor that isn't running.
	
|Portal| 2026-03-10 18:36:25 [..] (TCP Port 4001 Closed)
|Portal| 2026-03-10 18:36:25 [..] (TCP Port 4005 Closed)
|Portal| 2026-03-10 18:36:25 [..] (TCP Port 4000 Closed)
|Portal| 2026-03-10 18:36:25 [..] (TCP Port 4006 Closed)
|Portal| 2026-03-10 18:36:25 [..] Main loop terminated.
|Portal| 2026-03-10 18:36:25 [..] Server Shut Down.
|Portal| 2026-03-10 18:36:43 [..] Loaded.
|Portal| 2026-03-10 18:36:40 [..] Loading /opt/nightcity/venv/lib/python3.12/site-packages/evennia/server/portal/portal.py...
|Portal| 2026-03-10 18:36:43 [..] Loaded.
|Portal| 2026-03-10 18:36:43 [..] twistd 24.11.0 (/opt/nightcity/venv/bin/python3 3.12.3) starting up.
|Portal| 2026-03-10 18:36:43 [..] reactor class: twisted.internet.epollreactor.EPollReactor.
|Portal| 2026-03-10 18:36:43 [..] AMP starting on 4006
|Portal| 2026-03-10 18:36:43 [..] Telnet starting on 4000
|Portal| 2026-03-10 18:36:43 [..] Websocket starting on 4005
|Portal| 2026-03-10 18:36:43 [..] Webserver-proxy starting on 4001
|Portal| 2026-03-10 18:36:43 [..] Portal starting server ... 
|Portal| 2026-03-10 18:38:05 [..] Received SIGTERM, shutting down.
|Portal| 2026-03-10 18:38:05 [..] (TCP Port 4001 Closed)
|Portal| 2026-03-10 18:38:05 [..] (TCP Port 4005 Closed)
|Portal| 2026-03-10 18:38:05 [..] (TCP Port 4000 Closed)
|Portal| 2026-03-10 18:38:05 [..] (TCP Port 4006 Closed)
|Portal| 2026-03-10 18:38:05 [..] Main loop terminated.
|Portal| 2026-03-10 18:38:05 [..] Server Shut Down.
|Portal| 2026-03-10 18:38:24 [..] Loaded.
|Portal| 2026-03-10 18:38:21 [..] Loading /opt/nightcity/venv/lib/python3.12/site-packages/evennia/server/portal/portal.py...
|Portal| 2026-03-10 18:38:24 [..] Loaded.
|Portal| 2026-03-10 18:38:24 [..] twistd 24.11.0 (/opt/nightcity/venv/bin/python3 3.12.3) starting up.
|Portal| 2026-03-10 18:38:24 [..] reactor class: twisted.internet.epollreactor.EPollReactor.
|Portal| 2026-03-10 18:38:24 [..] AMP starting on 4006
|Portal| 2026-03-10 18:38:24 [..] Telnet starting on 4000
|Portal| 2026-03-10 18:38:24 [..] Websocket starting on 4005
|Portal| 2026-03-10 18:38:24 [..] Webserver-proxy starting on 4001
|Portal| 2026-03-10 18:38:25 [..] Portal starting server ... 
|Portal| 2026-03-10 18:39:23 [..] Portal starting server ... 
|Portal| 2026-03-10 18:39:35 [..] (TCP Port 4001 Closed)
|Portal| 2026-03-10 18:39:35 [..] (TCP Port 4005 Closed)
|Portal| 2026-03-10 18:39:35 [..] (TCP Port 4000 Closed)
|Portal| 2026-03-10 18:39:35 [..] (TCP Port 4006 Closed)
|Portal| 2026-03-10 18:39:35 [..] Main loop terminated.
|Portal| 2026-03-10 18:39:35 [..] Server Shut Down.
|Portal| 2026-03-10 18:42:37 [..] Loaded.
|Portal| 2026-03-10 18:42:32 [..] Loading /opt/nightcity/venv/lib/python3.12/site-packages/evennia/server/portal/portal.py...
|Portal| 2026-03-10 18:42:37 [..] Loaded.
|Portal| 2026-03-10 18:42:37 [..] twistd 24.11.0 (/opt/nightcity/venv/bin/python3 3.12.3) starting up.
|Portal| 2026-03-10 18:42:37 [..] reactor class: twisted.internet.epollreactor.EPollReactor.
|Portal| 2026-03-10 18:42:37 [..] AMP starting on 4006
|Portal| 2026-03-10 18:42:37 [..] Telnet starting on 4000
|Portal| 2026-03-10 18:42:37 [..] Websocket starting on 4005
|Portal| 2026-03-10 18:42:37 [..] Webserver-proxy starting on 4001
|Portal| 2026-03-10 18:42:37 [..] Portal starting server ... 
|Portal| 2026-03-10 18:44:37 [..] Portal starting server ... 
|Portal| 2026-03-10 20:23:00 [..] Portal starting server ... 
|Portal| 2026-03-10 20:23:04 [!!] Unhandled Error
	Traceback (most recent call last):
	  File "/opt/nightcity/venv/lib/python3.12/site-packages/twisted/internet/posixbase.py", line 491, in _doReadOrWrite
	    why = selectable.doRead()
	  File "/opt/nightcity/venv/lib/python3.12/site-packages/twisted/internet/tcp.py", line 250, in doRead
	    return self._dataReceived(data)
	  File "/opt/nightcity/venv/lib/python3.12/site-packages/twisted/internet/tcp.py", line 255, in _dataReceived
	    rval = self.protocol.dataReceived(data)
	  File "/opt/nightcity/venv/lib/python3.12/site-packages/evennia/server/portal/telnet.py", line 105, in dataReceived
	    super().dataReceived(data)
	  File "/opt/nightcity/venv/lib/python3.12/site-packages/twisted/conch/telnet.py", line 599, in dataReceived
	    self.applicationDataReceived(b"".join(appDataBuffer))
	  File "/opt/nightcity/venv/lib/python3.12/site-packages/evennia/server/portal/telnet.py", line 334, in applicationDataReceived
	    if len(data) > 2 and _HTTP_REGEX.match(data[0]):
	builtins.TypeError: cannot use a string pattern on a bytes-like object
	
|Portal| 2026-03-10 20:28:40 [..] Portal starting server ... 
|Portal| 2026-03-10 20:28:52 [!!] Unhandled Error
	Traceback (most recent call last):
	  File "/opt/nightcity/venv/lib/python3.12/site-packages/twisted/internet/posixbase.py", line 491, in _doReadOrWrite
	    why = selectable.doRead()
	  File "/opt/nightcity/venv/lib/python3.12/site-packages/twisted/internet/tcp.py", line 250, in doRead
	    return self._dataReceived(data)
	  File "/opt/nightcity/venv/lib/python3.12/site-packages/twisted/internet/tcp.py", line 255, in _dataReceived
	    rval = self.protocol.dataReceived(data)
	  File "/opt/nightcity/venv/lib/python3.12/site-packages/evennia/server/portal/telnet.py", line 105, in dataReceived
	    super().dataReceived(data)
	  File "/opt/nightcity/venv/lib/python3.12/site-packages/twisted/conch/telnet.py", line 599, in dataReceived
	    self.applicationDataReceived(b"".join(appDataBuffer))
	  File "/opt/nightcity/venv/lib/python3.12/site-packages/evennia/server/portal/telnet.py", line 334, in applicationDataReceived
	    if len(data) > 2 and _HTTP_REGEX.match(data[0]):
	builtins.TypeError: cannot use a string pattern on a bytes-like object
	
|Portal| 2026-03-10 23:06:09 [!!] Unhandled Error
	Traceback (most recent call last):
	  File "/opt/nightcity/venv/lib/python3.12/site-packages/twisted/internet/posixbase.py", line 491, in _doReadOrWrite
	    why = selectable.doRead()
	  File "/opt/nightcity/venv/lib/python3.12/site-packages/twisted/internet/tcp.py", line 250, in doRead
	    return self._dataReceived(data)
	  File "/opt/nightcity/venv/lib/python3.12/site-packages/twisted/internet/tcp.py", line 255, in _dataReceived
	    rval = self.protocol.dataReceived(data)
	  File "/opt/nightcity/venv/lib/python3.12/site-packages/evennia/server/portal/telnet.py", line 105, in dataReceived
	    super().dataReceived(data)
	  File "/opt/nightcity/venv/lib/python3.12/site-packages/twisted/conch/telnet.py", line 599, in dataReceived
	    self.applicationDataReceived(b"".join(appDataBuffer))
	  File "/opt/nightcity/venv/lib/python3.12/site-packages/evennia/server/portal/telnet.py", line 334, in applicationDataReceived
	    if len(data) > 2 and _HTTP_REGEX.match(data[0]):
	builtins.TypeError: cannot use a string pattern on a bytes-like object
	
|Portal| 2026-03-11 00:16:06 [!!] Unhandled Error
	Traceback (most recent call last):
	  File "/opt/nightcity/venv/lib/python3.12/site-packages/twisted/internet/posixbase.py", line 491, in _doReadOrWrite
	    why = selectable.doRead()
	  File "/opt/nightcity/venv/lib/python3.12/site-packages/twisted/internet/tcp.py", line 250, in doRead
	    return self._dataReceived(data)
	  File "/opt/nightcity/venv/lib/python3.12/site-packages/twisted/internet/tcp.py", line 255, in _dataReceived
	    rval = self.protocol.dataReceived(data)
	  File "/opt/nightcity/venv/lib/python3.12/site-packages/evennia/server/portal/telnet.py", line 105, in dataReceived
	    super().dataReceived(data)
	  File "/opt/nightcity/venv/lib/python3.12/site-packages/twisted/conch/telnet.py", line 599, in dataReceived
	    self.applicationDataReceived(b"".join(appDataBuffer))
	  File "/opt/nightcity/venv/lib/python3.12/site-packages/evennia/server/portal/telnet.py", line 334, in applicationDataReceived
	    if len(data) > 2 and _HTTP_REGEX.match(data[0]):
	builtins.TypeError: cannot use a string pattern on a bytes-like object
	
|Portal| 2026-03-11 00:16:07 [EE] Malformed telnet input: ('Stumped', b'\x01')
|Portal| 2026-03-11 00:16:08 [EE] Malformed telnet input: ('Stumped', b'\x15')
|Portal| 2026-03-11 00:16:08 [EE] Malformed telnet input: ('Stumped', b'\x01')
|Portal| 2026-03-11 00:16:17 [EE] Malformed telnet input: ('Stumped', b'\x01')
|Portal| 2026-03-11 00:16:19 [EE] Malformed telnet input: ('Stumped', b'\x01')
|Portal| 2026-03-11 00:16:19 [EE] Malformed telnet input: ('Stumped', b'\x15')
|Portal| 2026-03-11 00:18:16 [!!] Unhandled Error
	Traceback (most recent call last):
	  File "/opt/nightcity/venv/lib/python3.12/site-packages/twisted/internet/posixbase.py", line 491, in _doReadOrWrite
	    why = selectable.doRead()
	  File "/opt/nightcity/venv/lib/python3.12/site-packages/twisted/internet/tcp.py", line 250, in doRead
	    return self._dataReceived(data)
	  File "/opt/nightcity/venv/lib/python3.12/site-packages/twisted/internet/tcp.py", line 255, in _dataReceived
	    rval = self.protocol.dataReceived(data)
	  File "/opt/nightcity/venv/lib/python3.12/site-packages/evennia/server/portal/telnet.py", line 105, in dataReceived
	    super().dataReceived(data)
	  File "/opt/nightcity/venv/lib/python3.12/site-packages/twisted/conch/telnet.py", line 599, in dataReceived
	    self.applicationDataReceived(b"".join(appDataBuffer))
	  File "/opt/nightcity/venv/lib/python3.12/site-packages/evennia/server/portal/telnet.py", line 334, in applicationDataReceived
	    if len(data) > 2 and _HTTP_REGEX.match(data[0]):
	builtins.TypeError: cannot use a string pattern on a bytes-like object
	
|Portal| 2026-03-11 00:18:16 [!!] Unhandled Error
	Traceback (most recent call last):
	  File "/opt/nightcity/venv/lib/python3.12/site-packages/twisted/internet/posixbase.py", line 491, in _doReadOrWrite
	    why = selectable.doRead()
	  File "/opt/nightcity/venv/lib/python3.12/site-packages/twisted/internet/tcp.py", line 250, in doRead
	    return self._dataReceived(data)
	  File "/opt/nightcity/venv/lib/python3.12/site-packages/twisted/internet/tcp.py", line 255, in _dataReceived
	    rval = self.protocol.dataReceived(data)
	  File "/opt/nightcity/venv/lib/python3.12/site-packages/evennia/server/portal/telnet.py", line 105, in dataReceived
	    super().dataReceived(data)
	  File "/opt/nightcity/venv/lib/python3.12/site-packages/twisted/conch/telnet.py", line 599, in dataReceived
	    self.applicationDataReceived(b"".join(appDataBuffer))
	  File "/opt/nightcity/venv/lib/python3.12/site-packages/evennia/server/portal/telnet.py", line 334, in applicationDataReceived
	    if len(data) > 2 and _HTTP_REGEX.match(data[0]):
	builtins.TypeError: cannot use a string pattern on a bytes-like object
	
|Portal| 2026-03-11 00:18:16 [EE] Malformed telnet input: ('Stumped', b'\x01')
|Portal| 2026-03-11 00:52:54 [..] Timing out client: IPv4Address(type='TCP', host='15.235.115.76', port=54270)
|Portal| 2026-03-11 00:55:55 [..] Timing out client: IPv4Address(type='TCP', host='76.105.8.183', port=51869)
|Portal| 2026-03-11 00:56:02 [..] Timing out client: IPv4Address(type='TCP', host='35.237.4.214', port=42982)
|Portal| 2026-03-11 04:16:07 [EE] Malformed telnet input: ('Stumped', b'\xc9')
|Portal| 2026-03-11 04:16:07 [!!] Unhandled Error
	Traceback (most recent call last):
	  File "/opt/nightcity/venv/lib/python3.12/site-packages/twisted/internet/posixbase.py", line 491, in _doReadOrWrite
	    why = selectable.doRead()
	  File "/opt/nightcity/venv/lib/python3.12/site-packages/twisted/internet/tcp.py", line 250, in doRead
	    return self._dataReceived(data)
	  File "/opt/nightcity/venv/lib/python3.12/site-packages/twisted/internet/tcp.py", line 255, in _dataReceived
	    rval = self.protocol.dataReceived(data)
	  File "/opt/nightcity/venv/lib/python3.12/site-packages/evennia/server/portal/telnet.py", line 105, in dataReceived
	    super().dataReceived(data)
	  File "/opt/nightcity/venv/lib/python3.12/site-packages/twisted/conch/telnet.py", line 599, in dataReceived
	    self.applicationDataReceived(b"".join(appDataBuffer))
	  File "/opt/nightcity/venv/lib/python3.12/site-packages/evennia/server/portal/telnet.py", line 334, in applicationDataReceived
	    if len(data) > 2 and _HTTP_REGEX.match(data[0]):
	builtins.TypeError: cannot use a string pattern on a bytes-like object
	
|Portal| 2026-03-11 04:30:52 [!!] Unhandled Error
	Traceback (most recent call last):
	  File "/opt/nightcity/venv/lib/python3.12/site-packages/twisted/internet/posixbase.py", line 491, in _doReadOrWrite
	    why = selectable.doRead()
	  File "/opt/nightcity/venv/lib/python3.12/site-packages/twisted/internet/tcp.py", line 250, in doRead
	    return self._dataReceived(data)
	  File "/opt/nightcity/venv/lib/python3.12/site-packages/twisted/internet/tcp.py", line 255, in _dataReceived
	    rval = self.protocol.dataReceived(data)
	  File "/opt/nightcity/venv/lib/python3.12/site-packages/evennia/server/portal/telnet.py", line 105, in dataReceived
	    super().dataReceived(data)
	  File "/opt/nightcity/venv/lib/python3.12/site-packages/twisted/conch/telnet.py", line 599, in dataReceived
	    self.applicationDataReceived(b"".join(appDataBuffer))
	  File "/opt/nightcity/venv/lib/python3.12/site-packages/evennia/server/portal/telnet.py", line 334, in applicationDataReceived
	    if len(data) > 2 and _HTTP_REGEX.match(data[0]):
	builtins.TypeError: cannot use a string pattern on a bytes-like object
	
|Portal| 2026-03-11 09:02:56 [!!] Unhandled Error
	Traceback (most recent call last):
	  File "/opt/nightcity/venv/lib/python3.12/site-packages/twisted/internet/posixbase.py", line 491, in _doReadOrWrite
	    why = selectable.doRead()
	  File "/opt/nightcity/venv/lib/python3.12/site-packages/twisted/internet/tcp.py", line 250, in doRead
	    return self._dataReceived(data)
	  File "/opt/nightcity/venv/lib/python3.12/site-packages/twisted/internet/tcp.py", line 255, in _dataReceived
	    rval = self.protocol.dataReceived(data)
	  File "/opt/nightcity/venv/lib/python3.12/site-packages/evennia/server/portal/telnet.py", line 105, in dataReceived
	    super().dataReceived(data)
	  File "/opt/nightcity/venv/lib/python3.12/site-packages/twisted/conch/telnet.py", line 599, in dataReceived
	    self.applicationDataReceived(b"".join(appDataBuffer))
	  File "/opt/nightcity/venv/lib/python3.12/site-packages/evennia/server/portal/telnet.py", line 334, in applicationDataReceived
	    if len(data) > 2 and _HTTP_REGEX.match(data[0]):
	builtins.TypeError: cannot use a string pattern on a bytes-like object
	
|Portal| 2026-03-11 09:02:57 [!!] Unhandled Error
	Traceback (most recent call last):
	  File "/opt/nightcity/venv/lib/python3.12/site-packages/twisted/internet/posixbase.py", line 491, in _doReadOrWrite
	    why = selectable.doRead()
	  File "/opt/nightcity/venv/lib/python3.12/site-packages/twisted/internet/tcp.py", line 250, in doRead
	    return self._dataReceived(data)
	  File "/opt/nightcity/venv/lib/python3.12/site-packages/twisted/internet/tcp.py", line 255, in _dataReceived
	    rval = self.protocol.dataReceived(data)
	  File "/opt/nightcity/venv/lib/python3.12/site-packages/evennia/server/portal/telnet.py", line 105, in dataReceived
	    super().dataReceived(data)
	  File "/opt/nightcity/venv/lib/python3.12/site-packages/twisted/conch/telnet.py", line 599, in dataReceived
	    self.applicationDataReceived(b"".join(appDataBuffer))
	  File "/opt/nightcity/venv/lib/python3.12/site-packages/evennia/server/portal/telnet.py", line 334, in applicationDataReceived
	    if len(data) > 2 and _HTTP_REGEX.match(data[0]):
	builtins.TypeError: cannot use a string pattern on a bytes-like object
	
|Portal| 2026-03-11 09:02:57 [!!] Unhandled Error
	Traceback (most recent call last):
	  File "/opt/nightcity/venv/lib/python3.12/site-packages/twisted/internet/posixbase.py", line 491, in _doReadOrWrite
	    why = selectable.doRead()
	  File "/opt/nightcity/venv/lib/python3.12/site-packages/twisted/internet/tcp.py", line 250, in doRead
	    return self._dataReceived(data)
	  File "/opt/nightcity/venv/lib/python3.12/site-packages/twisted/internet/tcp.py", line 255, in _dataReceived
	    rval = self.protocol.dataReceived(data)
	  File "/opt/nightcity/venv/lib/python3.12/site-packages/evennia/server/portal/telnet.py", line 105, in dataReceived
	    super().dataReceived(data)
	  File "/opt/nightcity/venv/lib/python3.12/site-packages/twisted/conch/telnet.py", line 599, in dataReceived
	    self.applicationDataReceived(b"".join(appDataBuffer))
	  File "/opt/nightcity/venv/lib/python3.12/site-packages/evennia/server/portal/telnet.py", line 334, in applicationDataReceived
	    if len(data) > 2 and _HTTP_REGEX.match(data[0]):
	builtins.TypeError: cannot use a string pattern on a bytes-like object
	
|Portal| 2026-03-11 09:02:57 [!!] Unhandled Error
	Traceback (most recent call last):
	  File "/opt/nightcity/venv/lib/python3.12/site-packages/twisted/internet/posixbase.py", line 491, in _doReadOrWrite
	    why = selectable.doRead()
	  File "/opt/nightcity/venv/lib/python3.12/site-packages/twisted/internet/tcp.py", line 250, in doRead
	    return self._dataReceived(data)
	  File "/opt/nightcity/venv/lib/python3.12/site-packages/twisted/internet/tcp.py", line 255, in _dataReceived
	    rval = self.protocol.dataReceived(data)
	  File "/opt/nightcity/venv/lib/python3.12/site-packages/evennia/server/portal/telnet.py", line 105, in dataReceived
	    super().dataReceived(data)
	  File "/opt/nightcity/venv/lib/python3.12/site-packages/twisted/conch/telnet.py", line 599, in dataReceived
	    self.applicationDataReceived(b"".join(appDataBuffer))
	  File "/opt/nightcity/venv/lib/python3.12/site-packages/evennia/server/portal/telnet.py", line 334, in applicationDataReceived
	    if len(data) > 2 and _HTTP_REGEX.match(data[0]):
	builtins.TypeError: cannot use a string pattern on a bytes-like object
	
|Portal| 2026-03-11 09:02:58 [!!] Unhandled Error
	Traceback (most recent call last):
	  File "/opt/nightcity/venv/lib/python3.12/site-packages/twisted/internet/posixbase.py", line 491, in _doReadOrWrite
	    why = selectable.doRead()
	  File "/opt/nightcity/venv/lib/python3.12/site-packages/twisted/internet/tcp.py", line 250, in doRead
	    return self._dataReceived(data)
	  File "/opt/nightcity/venv/lib/python3.12/site-packages/twisted/internet/tcp.py", line 255, in _dataReceived
	    rval = self.protocol.dataReceived(data)
	  File "/opt/nightcity/venv/lib/python3.12/site-packages/evennia/server/portal/telnet.py", line 105, in dataReceived
	    super().dataReceived(data)
	  File "/opt/nightcity/venv/lib/python3.12/site-packages/twisted/conch/telnet.py", line 599, in dataReceived
	    self.applicationDataReceived(b"".join(appDataBuffer))
	  File "/opt/nightcity/venv/lib/python3.12/site-packages/evennia/server/portal/telnet.py", line 334, in applicationDataReceived
	    if len(data) > 2 and _HTTP_REGEX.match(data[0]):
	builtins.TypeError: cannot use a string pattern on a bytes-like object
	
|Portal| 2026-03-11 09:03:00 [!!] Unhandled Error
	Traceback (most recent call last):
	  File "/opt/nightcity/venv/lib/python3.12/site-packages/twisted/internet/posixbase.py", line 491, in _doReadOrWrite
	    why = selectable.doRead()
	  File "/opt/nightcity/venv/lib/python3.12/site-packages/twisted/internet/tcp.py", line 250, in doRead
	    return self._dataReceived(data)
	  File "/opt/nightcity/venv/lib/python3.12/site-packages/twisted/internet/tcp.py", line 255, in _dataReceived
	    rval = self.protocol.dataReceived(data)
	  File "/opt/nightcity/venv/lib/python3.12/site-packages/evennia/server/portal/telnet.py", line 105, in dataReceived
	    super().dataReceived(data)
	  File "/opt/nightcity/venv/lib/python3.12/site-packages/twisted/conch/telnet.py", line 599, in dataReceived
	    self.applicationDataReceived(b"".join(appDataBuffer))
	  File "/opt/nightcity/venv/lib/python3.12/site-packages/evennia/server/portal/telnet.py", line 334, in applicationDataReceived
	    if len(data) > 2 and _HTTP_REGEX.match(data[0]):
	builtins.TypeError: cannot use a string pattern on a bytes-like object
	
|Portal| 2026-03-11 15:30:50 [!!] Unhandled Error
	Traceback (most recent call last):
	  File "/opt/nightcity/venv/lib/python3.12/site-packages/twisted/internet/posixbase.py", line 491, in _doReadOrWrite
	    why = selectable.doRead()
	  File "/opt/nightcity/venv/lib/python3.12/site-packages/twisted/internet/tcp.py", line 250, in doRead
	    return self._dataReceived(data)
	  File "/opt/nightcity/venv/lib/python3.12/site-packages/twisted/internet/tcp.py", line 255, in _dataReceived
	    rval = self.protocol.dataReceived(data)
	  File "/opt/nightcity/venv/lib/python3.12/site-packages/evennia/server/portal/telnet.py", line 105, in dataReceived
	    super().dataReceived(data)
	  File "/opt/nightcity/venv/lib/python3.12/site-packages/twisted/conch/telnet.py", line 599, in dataReceived
	    self.applicationDataReceived(b"".join(appDataBuffer))
	  File "/opt/nightcity/venv/lib/python3.12/site-packages/evennia/server/portal/telnet.py", line 334, in applicationDataReceived
	    if len(data) > 2 and _HTTP_REGEX.match(data[0]):
	builtins.TypeError: cannot use a string pattern on a bytes-like object
	
|Portal| 2026-03-11 15:30:51 [!!] Unhandled Error
	Traceback (most recent call last):
	  File "/opt/nightcity/venv/lib/python3.12/site-packages/twisted/internet/posixbase.py", line 491, in _doReadOrWrite
	    why = selectable.doRead()
	  File "/opt/nightcity/venv/lib/python3.12/site-packages/twisted/internet/tcp.py", line 250, in doRead
	    return self._dataReceived(data)
	  File "/opt/nightcity/venv/lib/python3.12/site-packages/twisted/internet/tcp.py", line 255, in _dataReceived
	    rval = self.protocol.dataReceived(data)
	  File "/opt/nightcity/venv/lib/python3.12/site-packages/evennia/server/portal/telnet.py", line 105, in dataReceived
	    super().dataReceived(data)
	  File "/opt/nightcity/venv/lib/python3.12/site-packages/twisted/conch/telnet.py", line 599, in dataReceived
	    self.applicationDataReceived(b"".join(appDataBuffer))
	  File "/opt/nightcity/venv/lib/python3.12/site-packages/evennia/server/portal/telnet.py", line 334, in applicationDataReceived
	    if len(data) > 2 and _HTTP_REGEX.match(data[0]):
	builtins.TypeError: cannot use a string pattern on a bytes-like object
	
|Portal| 2026-03-11 15:30:52 [!!] Unhandled Error
	Traceback (most recent call last):
	  File "/opt/nightcity/venv/lib/python3.12/site-packages/twisted/internet/posixbase.py", line 491, in _doReadOrWrite
	    why = selectable.doRead()
	  File "/opt/nightcity/venv/lib/python3.12/site-packages/twisted/internet/tcp.py", line 250, in doRead
	    return self._dataReceived(data)
	  File "/opt/nightcity/venv/lib/python3.12/site-packages/twisted/internet/tcp.py", line 255, in _dataReceived
	    rval = self.protocol.dataReceived(data)
	  File "/opt/nightcity/venv/lib/python3.12/site-packages/evennia/server/portal/telnet.py", line 105, in dataReceived
	    super().dataReceived(data)
	  File "/opt/nightcity/venv/lib/python3.12/site-packages/twisted/conch/telnet.py", line 599, in dataReceived
	    self.applicationDataReceived(b"".join(appDataBuffer))
	  File "/opt/nightcity/venv/lib/python3.12/site-packages/evennia/server/portal/telnet.py", line 334, in applicationDataReceived
	    if len(data) > 2 and _HTTP_REGEX.match(data[0]):
	builtins.TypeError: cannot use a string pattern on a bytes-like object
	
|Portal| 2026-03-11 15:30:52 [!!] Unhandled Error
	Traceback (most recent call last):
	  File "/opt/nightcity/venv/lib/python3.12/site-packages/twisted/internet/posixbase.py", line 491, in _doReadOrWrite
	    why = selectable.doRead()
	  File "/opt/nightcity/venv/lib/python3.12/site-packages/twisted/internet/tcp.py", line 250, in doRead
	    return self._dataReceived(data)
	  File "/opt/nightcity/venv/lib/python3.12/site-packages/twisted/internet/tcp.py", line 255, in _dataReceived
	    rval = self.protocol.dataReceived(data)
	  File "/opt/nightcity/venv/lib/python3.12/site-packages/evennia/server/portal/telnet.py", line 105, in dataReceived
	    super().dataReceived(data)
	  File "/opt/nightcity/venv/lib/python3.12/site-packages/twisted/conch/telnet.py", line 599, in dataReceived
	    self.applicationDataReceived(b"".join(appDataBuffer))
	  File "/opt/nightcity/venv/lib/python3.12/site-packages/evennia/server/portal/telnet.py", line 334, in applicationDataReceived
	    if len(data) > 2 and _HTTP_REGEX.match(data[0]):
	builtins.TypeError: cannot use a string pattern on a bytes-like object
	
|Portal| 2026-03-11 15:30:53 [!!] Unhandled Error
	Traceback (most recent call last):
	  File "/opt/nightcity/venv/lib/python3.12/site-packages/twisted/internet/posixbase.py", line 491, in _doReadOrWrite
	    why = selectable.doRead()
	  File "/opt/nightcity/venv/lib/python3.12/site-packages/twisted/internet/tcp.py", line 250, in doRead
	    return self._dataReceived(data)
	  File "/opt/nightcity/venv/lib/python3.12/site-packages/twisted/internet/tcp.py", line 255, in _dataReceived
	    rval = self.protocol.dataReceived(data)
	  File "/opt/nightcity/venv/lib/python3.12/site-packages/evennia/server/portal/telnet.py", line 105, in dataReceived
	    super().dataReceived(data)
	  File "/opt/nightcity/venv/lib/python3.12/site-packages/twisted/conch/telnet.py", line 599, in dataReceived
	    self.applicationDataReceived(b"".join(appDataBuffer))
	  File "/opt/nightcity/venv/lib/python3.12/site-packages/evennia/server/portal/telnet.py", line 334, in applicationDataReceived
	    if len(data) > 2 and _HTTP_REGEX.match(data[0]):
	builtins.TypeError: cannot use a string pattern on a bytes-like object
	
|Portal| 2026-03-11 15:30:53 [!!] Unhandled Error
	Traceback (most recent call last):
	  File "/opt/nightcity/venv/lib/python3.12/site-packages/twisted/internet/posixbase.py", line 491, in _doReadOrWrite
	    why = selectable.doRead()
	  File "/opt/nightcity/venv/lib/python3.12/site-packages/twisted/internet/tcp.py", line 250, in doRead
	    return self._dataReceived(data)
	  File "/opt/nightcity/venv/lib/python3.12/site-packages/twisted/internet/tcp.py", line 255, in _dataReceived
	    rval = self.protocol.dataReceived(data)
	  File "/opt/nightcity/venv/lib/python3.12/site-packages/evennia/server/portal/telnet.py", line 105, in dataReceived
	    super().dataReceived(data)
	  File "/opt/nightcity/venv/lib/python3.12/site-packages/twisted/conch/telnet.py", line 599, in dataReceived
	    self.applicationDataReceived(b"".join(appDataBuffer))
	  File "/opt/nightcity/venv/lib/python3.12/site-packages/evennia/server/portal/telnet.py", line 334, in applicationDataReceived
	    if len(data) > 2 and _HTTP_REGEX.match(data[0]):
	builtins.TypeError: cannot use a string pattern on a bytes-like object
	
|Portal| 2026-03-11 17:00:11 [EE] Malformed telnet input: ('Stumped', b'\x01')
|Portal| 2026-03-11 19:30:13 [EE] Malformed telnet input: ('Stumped', b'\x01')
|Portal| 2026-03-11 19:30:13 [!!] Unhandled Error
	Traceback (most recent call last):
	  File "/opt/nightcity/venv/lib/python3.12/site-packages/twisted/internet/posixbase.py", line 491, in _doReadOrWrite
	    why = selectable.doRead()
	  File "/opt/nightcity/venv/lib/python3.12/site-packages/twisted/internet/tcp.py", line 250, in doRead
	    return self._dataReceived(data)
	  File "/opt/nightcity/venv/lib/python3.12/site-packages/twisted/internet/tcp.py", line 255, in _dataReceived
	    rval = self.protocol.dataReceived(data)
	  File "/opt/nightcity/venv/lib/python3.12/site-packages/evennia/server/portal/telnet.py", line 105, in dataReceived
	    super().dataReceived(data)
	  File "/opt/nightcity/venv/lib/python3.12/site-packages/twisted/conch/telnet.py", line 599, in dataReceived
	    self.applicationDataReceived(b"".join(appDataBuffer))
	  File "/opt/nightcity/venv/lib/python3.12/site-packages/evennia/server/portal/telnet.py", line 334, in applicationDataReceived
	    if len(data) > 2 and _HTTP_REGEX.match(data[0]):
	builtins.TypeError: cannot use a string pattern on a bytes-like object
	
|Portal| 2026-03-11 21:28:53 [!!] Unhandled Error
	Traceback (most recent call last):
	  File "/opt/nightcity/venv/lib/python3.12/site-packages/twisted/internet/posixbase.py", line 491, in _doReadOrWrite
	    why = selectable.doRead()
	  File "/opt/nightcity/venv/lib/python3.12/site-packages/twisted/internet/tcp.py", line 250, in doRead
	    return self._dataReceived(data)
	  File "/opt/nightcity/venv/lib/python3.12/site-packages/twisted/internet/tcp.py", line 255, in _dataReceived
	    rval = self.protocol.dataReceived(data)
	  File "/opt/nightcity/venv/lib/python3.12/site-packages/evennia/server/portal/telnet.py", line 105, in dataReceived
	    super().dataReceived(data)
	  File "/opt/nightcity/venv/lib/python3.12/site-packages/twisted/conch/telnet.py", line 599, in dataReceived
	    self.applicationDataReceived(b"".join(appDataBuffer))
	  File "/opt/nightcity/venv/lib/python3.12/site-packages/evennia/server/portal/telnet.py", line 334, in applicationDataReceived
	    if len(data) > 2 and _HTTP_REGEX.match(data[0]):
	builtins.TypeError: cannot use a string pattern on a bytes-like object
	
|Portal| 2026-03-11 21:30:51 [!!] Unhandled Error
	Traceback (most recent call last):
	  File "/opt/nightcity/venv/lib/python3.12/site-packages/twisted/internet/posixbase.py", line 491, in _doReadOrWrite
	    why = selectable.doRead()
	  File "/opt/nightcity/venv/lib/python3.12/site-packages/twisted/internet/tcp.py", line 250, in doRead
	    return self._dataReceived(data)
	  File "/opt/nightcity/venv/lib/python3.12/site-packages/twisted/internet/tcp.py", line 255, in _dataReceived
	    rval = self.protocol.dataReceived(data)
	  File "/opt/nightcity/venv/lib/python3.12/site-packages/evennia/server/portal/telnet.py", line 105, in dataReceived
	    super().dataReceived(data)
	  File "/opt/nightcity/venv/lib/python3.12/site-packages/twisted/conch/telnet.py", line 599, in dataReceived
	    self.applicationDataReceived(b"".join(appDataBuffer))
	  File "/opt/nightcity/venv/lib/python3.12/site-packages/evennia/server/portal/telnet.py", line 334, in applicationDataReceived
	    if len(data) > 2 and _HTTP_REGEX.match(data[0]):
	builtins.TypeError: cannot use a string pattern on a bytes-like object
	
|Portal| 2026-03-11 21:32:16 [EE] Malformed telnet input: ('Stumped', b'\x01')
|Portal| 2026-03-11 21:34:34 [EE] Malformed telnet input: ('Stumped', b'\x01')
|Portal| 2026-03-11 21:34:34 [EE] Malformed telnet input: ('Stumped', b'\x15')
|Portal| 2026-03-11 21:51:13 [!!] Unhandled Error
	Traceback (most recent call last):
	  File "/opt/nightcity/venv/lib/python3.12/site-packages/twisted/internet/posixbase.py", line 491, in _doReadOrWrite
	    why = selectable.doRead()
	  File "/opt/nightcity/venv/lib/python3.12/site-packages/twisted/internet/tcp.py", line 250, in doRead
	    return self._dataReceived(data)
	  File "/opt/nightcity/venv/lib/python3.12/site-packages/twisted/internet/tcp.py", line 255, in _dataReceived
	    rval = self.protocol.dataReceived(data)
	  File "/opt/nightcity/venv/lib/python3.12/site-packages/evennia/server/portal/telnet.py", line 105, in dataReceived
	    super().dataReceived(data)
	  File "/opt/nightcity/venv/lib/python3.12/site-packages/twisted/conch/telnet.py", line 599, in dataReceived
	    self.applicationDataReceived(b"".join(appDataBuffer))
	  File "/opt/nightcity/venv/lib/python3.12/site-packages/evennia/server/portal/telnet.py", line 334, in applicationDataReceived
	    if len(data) > 2 and _HTTP_REGEX.match(data[0]):
	builtins.TypeError: cannot use a string pattern on a bytes-like object
	
|Portal| 2026-03-11 21:51:14 [!!] Unhandled Error
	Traceback (most recent call last):
	  File "/opt/nightcity/venv/lib/python3.12/site-packages/twisted/internet/posixbase.py", line 491, in _doReadOrWrite
	    why = selectable.doRead()
	  File "/opt/nightcity/venv/lib/python3.12/site-packages/twisted/internet/tcp.py", line 250, in doRead
	    return self._dataReceived(data)
	  File "/opt/nightcity/venv/lib/python3.12/site-packages/twisted/internet/tcp.py", line 255, in _dataReceived
	    rval = self.protocol.dataReceived(data)
	  File "/opt/nightcity/venv/lib/python3.12/site-packages/evennia/server/portal/telnet.py", line 105, in dataReceived
	    super().dataReceived(data)
	  File "/opt/nightcity/venv/lib/python3.12/site-packages/twisted/conch/telnet.py", line 599, in dataReceived
	    self.applicationDataReceived(b"".join(appDataBuffer))
	  File "/opt/nightcity/venv/lib/python3.12/site-packages/evennia/server/portal/telnet.py", line 334, in applicationDataReceived
	    if len(data) > 2 and _HTTP_REGEX.match(data[0]):
	builtins.TypeError: cannot use a string pattern on a bytes-like object
	
|Portal| 2026-03-11 21:51:15 [!!] Unhandled Error
	Traceback (most recent call last):
	  File "/opt/nightcity/venv/lib/python3.12/site-packages/twisted/internet/posixbase.py", line 491, in _doReadOrWrite
	    why = selectable.doRead()
	  File "/opt/nightcity/venv/lib/python3.12/site-packages/twisted/internet/tcp.py", line 250, in doRead
	    return self._dataReceived(data)
	  File "/opt/nightcity/venv/lib/python3.12/site-packages/twisted/internet/tcp.py", line 255, in _dataReceived
	    rval = self.protocol.dataReceived(data)
	  File "/opt/nightcity/venv/lib/python3.12/site-packages/evennia/server/portal/telnet.py", line 105, in dataReceived
	    super().dataReceived(data)
	  File "/opt/nightcity/venv/lib/python3.12/site-packages/twisted/conch/telnet.py", line 599, in dataReceived
	    self.applicationDataReceived(b"".join(appDataBuffer))
	  File "/opt/nightcity/venv/lib/python3.12/site-packages/evennia/server/portal/telnet.py", line 334, in applicationDataReceived
	    if len(data) > 2 and _HTTP_REGEX.match(data[0]):
	builtins.TypeError: cannot use a string pattern on a bytes-like object
	
|Portal| 2026-03-11 21:51:16 [!!] Unhandled Error
	Traceback (most recent call last):
	  File "/opt/nightcity/venv/lib/python3.12/site-packages/twisted/internet/posixbase.py", line 491, in _doReadOrWrite
	    why = selectable.doRead()
	  File "/opt/nightcity/venv/lib/python3.12/site-packages/twisted/internet/tcp.py", line 250, in doRead
	    return self._dataReceived(data)
	  File "/opt/nightcity/venv/lib/python3.12/site-packages/twisted/internet/tcp.py", line 255, in _dataReceived
	    rval = self.protocol.dataReceived(data)
	  File "/opt/nightcity/venv/lib/python3.12/site-packages/evennia/server/portal/telnet.py", line 105, in dataReceived
	    super().dataReceived(data)
	  File "/opt/nightcity/venv/lib/python3.12/site-packages/twisted/conch/telnet.py", line 599, in dataReceived
	    self.applicationDataReceived(b"".join(appDataBuffer))
	  File "/opt/nightcity/venv/lib/python3.12/site-packages/evennia/server/portal/telnet.py", line 334, in applicationDataReceived
	    if len(data) > 2 and _HTTP_REGEX.match(data[0]):
	builtins.TypeError: cannot use a string pattern on a bytes-like object
	
|Portal| 2026-03-11 21:51:18 [!!] Unhandled Error
	Traceback (most recent call last):
	  File "/opt/nightcity/venv/lib/python3.12/site-packages/twisted/internet/posixbase.py", line 491, in _doReadOrWrite
	    why = selectable.doRead()
	  File "/opt/nightcity/venv/lib/python3.12/site-packages/twisted/internet/tcp.py", line 250, in doRead
	    return self._dataReceived(data)
	  File "/opt/nightcity/venv/lib/python3.12/site-packages/twisted/internet/tcp.py", line 255, in _dataReceived
	    rval = self.protocol.dataReceived(data)
	  File "/opt/nightcity/venv/lib/python3.12/site-packages/evennia/server/portal/telnet.py", line 105, in dataReceived
	    super().dataReceived(data)
	  File "/opt/nightcity/venv/lib/python3.12/site-packages/twisted/conch/telnet.py", line 599, in dataReceived
	    self.applicationDataReceived(b"".join(appDataBuffer))
	  File "/opt/nightcity/venv/lib/python3.12/site-packages/evennia/server/portal/telnet.py", line 334, in applicationDataReceived
	    if len(data) > 2 and _HTTP_REGEX.match(data[0]):
	builtins.TypeError: cannot use a string pattern on a bytes-like object
	
|Portal| 2026-03-11 21:51:20 [!!] Unhandled Error
	Traceback (most recent call last):
	  File "/opt/nightcity/venv/lib/python3.12/site-packages/twisted/internet/posixbase.py", line 491, in _doReadOrWrite
	    why = selectable.doRead()
	  File "/opt/nightcity/venv/lib/python3.12/site-packages/twisted/internet/tcp.py", line 250, in doRead
	    return self._dataReceived(data)
	  File "/opt/nightcity/venv/lib/python3.12/site-packages/twisted/internet/tcp.py", line 255, in _dataReceived
	    rval = self.protocol.dataReceived(data)
	  File "/opt/nightcity/venv/lib/python3.12/site-packages/evennia/server/portal/telnet.py", line 105, in dataReceived
	    super().dataReceived(data)
	  File "/opt/nightcity/venv/lib/python3.12/site-packages/twisted/conch/telnet.py", line 599, in dataReceived
	    self.applicationDataReceived(b"".join(appDataBuffer))
	  File "/opt/nightcity/venv/lib/python3.12/site-packages/evennia/server/portal/telnet.py", line 334, in applicationDataReceived
	    if len(data) > 2 and _HTTP_REGEX.match(data[0]):
	builtins.TypeError: cannot use a string pattern on a bytes-like object
	
|Portal| 2026-03-12 01:30:16 [!!] Unhandled Error
	Traceback (most recent call last):
	  File "/opt/nightcity/venv/lib/python3.12/site-packages/twisted/internet/posixbase.py", line 491, in _doReadOrWrite
	    why = selectable.doRead()
	  File "/opt/nightcity/venv/lib/python3.12/site-packages/twisted/internet/tcp.py", line 250, in doRead
	    return self._dataReceived(data)
	  File "/opt/nightcity/venv/lib/python3.12/site-packages/twisted/internet/tcp.py", line 255, in _dataReceived
	    rval = self.protocol.dataReceived(data)
	  File "/opt/nightcity/venv/lib/python3.12/site-packages/evennia/server/portal/telnet.py", line 105, in dataReceived
	    super().dataReceived(data)
	  File "/opt/nightcity/venv/lib/python3.12/site-packages/twisted/conch/telnet.py", line 599, in dataReceived
	    self.applicationDataReceived(b"".join(appDataBuffer))
	  File "/opt/nightcity/venv/lib/python3.12/site-packages/evennia/server/portal/telnet.py", line 334, in applicationDataReceived
	    if len(data) > 2 and _HTTP_REGEX.match(data[0]):
	builtins.TypeError: cannot use a string pattern on a bytes-like object
	
|Portal| 2026-03-12 01:30:16 [!!] Unhandled Error
	Traceback (most recent call last):
	  File "/opt/nightcity/venv/lib/python3.12/site-packages/twisted/internet/posixbase.py", line 491, in _doReadOrWrite
	    why = selectable.doRead()
	  File "/opt/nightcity/venv/lib/python3.12/site-packages/twisted/internet/tcp.py", line 250, in doRead
	    return self._dataReceived(data)
	  File "/opt/nightcity/venv/lib/python3.12/site-packages/twisted/internet/tcp.py", line 255, in _dataReceived
	    rval = self.protocol.dataReceived(data)
	  File "/opt/nightcity/venv/lib/python3.12/site-packages/evennia/server/portal/telnet.py", line 105, in dataReceived
	    super().dataReceived(data)
	  File "/opt/nightcity/venv/lib/python3.12/site-packages/twisted/conch/telnet.py", line 599, in dataReceived
	    self.applicationDataReceived(b"".join(appDataBuffer))
	  File "/opt/nightcity/venv/lib/python3.12/site-packages/evennia/server/portal/telnet.py", line 334, in applicationDataReceived
	    if len(data) > 2 and _HTTP_REGEX.match(data[0]):
	builtins.TypeError: cannot use a string pattern on a bytes-like object
	
|Portal| 2026-03-12 04:45:20 [!!] Unhandled Error
	Traceback (most recent call last):
	  File "/opt/nightcity/venv/lib/python3.12/site-packages/twisted/internet/posixbase.py", line 491, in _doReadOrWrite
	    why = selectable.doRead()
	  File "/opt/nightcity/venv/lib/python3.12/site-packages/twisted/internet/tcp.py", line 250, in doRead
	    return self._dataReceived(data)
	  File "/opt/nightcity/venv/lib/python3.12/site-packages/twisted/internet/tcp.py", line 255, in _dataReceived
	    rval = self.protocol.dataReceived(data)
	  File "/opt/nightcity/venv/lib/python3.12/site-packages/evennia/server/portal/telnet.py", line 105, in dataReceived
	    super().dataReceived(data)
	  File "/opt/nightcity/venv/lib/python3.12/site-packages/twisted/conch/telnet.py", line 599, in dataReceived
	    self.applicationDataReceived(b"".join(appDataBuffer))
	  File "/opt/nightcity/venv/lib/python3.12/site-packages/evennia/server/portal/telnet.py", line 334, in applicationDataReceived
	    if len(data) > 2 and _HTTP_REGEX.match(data[0]):
	builtins.TypeError: cannot use a string pattern on a bytes-like object
	
|Portal| 2026-03-12 04:45:22 [!!] Unhandled Error
	Traceback (most recent call last):
	  File "/opt/nightcity/venv/lib/python3.12/site-packages/twisted/internet/posixbase.py", line 491, in _doReadOrWrite
	    why = selectable.doRead()
	  File "/opt/nightcity/venv/lib/python3.12/site-packages/twisted/internet/tcp.py", line 250, in doRead
	    return self._dataReceived(data)
	  File "/opt/nightcity/venv/lib/python3.12/site-packages/twisted/internet/tcp.py", line 255, in _dataReceived
	    rval = self.protocol.dataReceived(data)
	  File "/opt/nightcity/venv/lib/python3.12/site-packages/evennia/server/portal/telnet.py", line 105, in dataReceived
	    super().dataReceived(data)
	  File "/opt/nightcity/venv/lib/python3.12/site-packages/twisted/conch/telnet.py", line 599, in dataReceived
	    self.applicationDataReceived(b"".join(appDataBuffer))
	  File "/opt/nightcity/venv/lib/python3.12/site-packages/evennia/server/portal/telnet.py", line 334, in applicationDataReceived
	    if len(data) > 2 and _HTTP_REGEX.match(data[0]):
	builtins.TypeError: cannot use a string pattern on a bytes-like object
	
|Portal| 2026-03-12 04:45:22 [!!] Unhandled Error
	Traceback (most recent call last):
	  File "/opt/nightcity/venv/lib/python3.12/site-packages/twisted/internet/posixbase.py", line 491, in _doReadOrWrite
	    why = selectable.doRead()
	  File "/opt/nightcity/venv/lib/python3.12/site-packages/twisted/internet/tcp.py", line 250, in doRead
	    return self._dataReceived(data)
	  File "/opt/nightcity/venv/lib/python3.12/site-packages/twisted/internet/tcp.py", line 255, in _dataReceived
	    rval = self.protocol.dataReceived(data)
	  File "/opt/nightcity/venv/lib/python3.12/site-packages/evennia/server/portal/telnet.py", line 105, in dataReceived
	    super().dataReceived(data)
	  File "/opt/nightcity/venv/lib/python3.12/site-packages/twisted/conch/telnet.py", line 599, in dataReceived
	    self.applicationDataReceived(b"".join(appDataBuffer))
	  File "/opt/nightcity/venv/lib/python3.12/site-packages/evennia/server/portal/telnet.py", line 334, in applicationDataReceived
	    if len(data) > 2 and _HTTP_REGEX.match(data[0]):
	builtins.TypeError: cannot use a string pattern on a bytes-like object
	
|Portal| 2026-03-12 04:45:23 [!!] Unhandled Error
	Traceback (most recent call last):
	  File "/opt/nightcity/venv/lib/python3.12/site-packages/twisted/internet/posixbase.py", line 491, in _doReadOrWrite
	    why = selectable.doRead()
	  File "/opt/nightcity/venv/lib/python3.12/site-packages/twisted/internet/tcp.py", line 250, in doRead
	    return self._dataReceived(data)
	  File "/opt/nightcity/venv/lib/python3.12/site-packages/twisted/internet/tcp.py", line 255, in _dataReceived
	    rval = self.protocol.dataReceived(data)
	  File "/opt/nightcity/venv/lib/python3.12/site-packages/evennia/server/portal/telnet.py", line 105, in dataReceived
	    super().dataReceived(data)
	  File "/opt/nightcity/venv/lib/python3.12/site-packages/twisted/conch/telnet.py", line 599, in dataReceived
	    self.applicationDataReceived(b"".join(appDataBuffer))
	  File "/opt/nightcity/venv/lib/python3.12/site-packages/evennia/server/portal/telnet.py", line 334, in applicationDataReceived
	    if len(data) > 2 and _HTTP_REGEX.match(data[0]):
	builtins.TypeError: cannot use a string pattern on a bytes-like object
	
|Portal| 2026-03-12 04:45:25 [!!] Unhandled Error
	Traceback (most recent call last):
	  File "/opt/nightcity/venv/lib/python3.12/site-packages/twisted/internet/posixbase.py", line 491, in _doReadOrWrite
	    why = selectable.doRead()
	  File "/opt/nightcity/venv/lib/python3.12/site-packages/twisted/internet/tcp.py", line 250, in doRead
	    return self._dataReceived(data)
	  File "/opt/nightcity/venv/lib/python3.12/site-packages/twisted/internet/tcp.py", line 255, in _dataReceived
	    rval = self.protocol.dataReceived(data)
	  File "/opt/nightcity/venv/lib/python3.12/site-packages/evennia/server/portal/telnet.py", line 105, in dataReceived
	    super().dataReceived(data)
	  File "/opt/nightcity/venv/lib/python3.12/site-packages/twisted/conch/telnet.py", line 599, in dataReceived
	    self.applicationDataReceived(b"".join(appDataBuffer))
	  File "/opt/nightcity/venv/lib/python3.12/site-packages/evennia/server/portal/telnet.py", line 334, in applicationDataReceived
	    if len(data) > 2 and _HTTP_REGEX.match(data[0]):
	builtins.TypeError: cannot use a string pattern on a bytes-like object
	
|Portal| 2026-03-12 04:45:26 [!!] Unhandled Error
	Traceback (most recent call last):
	  File "/opt/nightcity/venv/lib/python3.12/site-packages/twisted/internet/posixbase.py", line 491, in _doReadOrWrite
	    why = selectable.doRead()
	  File "/opt/nightcity/venv/lib/python3.12/site-packages/twisted/internet/tcp.py", line 250, in doRead
	    return self._dataReceived(data)
	  File "/opt/nightcity/venv/lib/python3.12/site-packages/twisted/internet/tcp.py", line 255, in _dataReceived
	    rval = self.protocol.dataReceived(data)
	  File "/opt/nightcity/venv/lib/python3.12/site-packages/evennia/server/portal/telnet.py", line 105, in dataReceived
	    super().dataReceived(data)
	  File "/opt/nightcity/venv/lib/python3.12/site-packages/twisted/conch/telnet.py", line 599, in dataReceived
	    self.applicationDataReceived(b"".join(appDataBuffer))
	  File "/opt/nightcity/venv/lib/python3.12/site-packages/evennia/server/portal/telnet.py", line 334, in applicationDataReceived
	    if len(data) > 2 and _HTTP_REGEX.match(data[0]):
	builtins.TypeError: cannot use a string pattern on a bytes-like object
	
|Portal| 2026-03-12 11:11:53 [EE] Malformed telnet input: ('Stumped', b'\x01')
|Portal| 2026-03-12 11:33:18 [!!] Unhandled Error
	Traceback (most recent call last):
	  File "/opt/nightcity/venv/lib/python3.12/site-packages/twisted/internet/posixbase.py", line 491, in _doReadOrWrite
	    why = selectable.doRead()
	  File "/opt/nightcity/venv/lib/python3.12/site-packages/twisted/internet/tcp.py", line 250, in doRead
	    return self._dataReceived(data)
	  File "/opt/nightcity/venv/lib/python3.12/site-packages/twisted/internet/tcp.py", line 255, in _dataReceived
	    rval = self.protocol.dataReceived(data)
	  File "/opt/nightcity/venv/lib/python3.12/site-packages/evennia/server/portal/telnet.py", line 105, in dataReceived
	    super().dataReceived(data)
	  File "/opt/nightcity/venv/lib/python3.12/site-packages/twisted/conch/telnet.py", line 599, in dataReceived
	    self.applicationDataReceived(b"".join(appDataBuffer))
	  File "/opt/nightcity/venv/lib/python3.12/site-packages/evennia/server/portal/telnet.py", line 334, in applicationDataReceived
	    if len(data) > 2 and _HTTP_REGEX.match(data[0]):
	builtins.TypeError: cannot use a string pattern on a bytes-like object
	
|Portal| 2026-03-12 15:41:38 [!!] Unhandled Error
	Traceback (most recent call last):
	  File "/opt/nightcity/venv/lib/python3.12/site-packages/twisted/internet/posixbase.py", line 491, in _doReadOrWrite
	    why = selectable.doRead()
	  File "/opt/nightcity/venv/lib/python3.12/site-packages/twisted/internet/tcp.py", line 250, in doRead
	    return self._dataReceived(data)
	  File "/opt/nightcity/venv/lib/python3.12/site-packages/twisted/internet/tcp.py", line 255, in _dataReceived
	    rval = self.protocol.dataReceived(data)
	  File "/opt/nightcity/venv/lib/python3.12/site-packages/evennia/server/portal/telnet.py", line 105, in dataReceived
	    super().dataReceived(data)
	  File "/opt/nightcity/venv/lib/python3.12/site-packages/twisted/conch/telnet.py", line 599, in dataReceived
	    self.applicationDataReceived(b"".join(appDataBuffer))
	  File "/opt/nightcity/venv/lib/python3.12/site-packages/evennia/server/portal/telnet.py", line 334, in applicationDataReceived
	    if len(data) > 2 and _HTTP_REGEX.match(data[0]):
	builtins.TypeError: cannot use a string pattern on a bytes-like object
	
|Portal| 2026-03-12 15:41:39 [!!] Unhandled Error
	Traceback (most recent call last):
	  File "/opt/nightcity/venv/lib/python3.12/site-packages/twisted/internet/posixbase.py", line 491, in _doReadOrWrite
	    why = selectable.doRead()
	  File "/opt/nightcity/venv/lib/python3.12/site-packages/twisted/internet/tcp.py", line 250, in doRead
	    return self._dataReceived(data)
	  File "/opt/nightcity/venv/lib/python3.12/site-packages/twisted/internet/tcp.py", line 255, in _dataReceived
	    rval = self.protocol.dataReceived(data)
	  File "/opt/nightcity/venv/lib/python3.12/site-packages/evennia/server/portal/telnet.py", line 105, in dataReceived
	    super().dataReceived(data)
	  File "/opt/nightcity/venv/lib/python3.12/site-packages/twisted/conch/telnet.py", line 599, in dataReceived
	    self.applicationDataReceived(b"".join(appDataBuffer))
	  File "/opt/nightcity/venv/lib/python3.12/site-packages/evennia/server/portal/telnet.py", line 334, in applicationDataReceived
	    if len(data) > 2 and _HTTP_REGEX.match(data[0]):
	builtins.TypeError: cannot use a string pattern on a bytes-like object
	
|Portal| 2026-03-12 15:41:39 [!!] Unhandled Error
	Traceback (most recent call last):
	  File "/opt/nightcity/venv/lib/python3.12/site-packages/twisted/internet/posixbase.py", line 491, in _doReadOrWrite
	    why = selectable.doRead()
	  File "/opt/nightcity/venv/lib/python3.12/site-packages/twisted/internet/tcp.py", line 250, in doRead
	    return self._dataReceived(data)
	  File "/opt/nightcity/venv/lib/python3.12/site-packages/twisted/internet/tcp.py", line 255, in _dataReceived
	    rval = self.protocol.dataReceived(data)
	  File "/opt/nightcity/venv/lib/python3.12/site-packages/evennia/server/portal/telnet.py", line 105, in dataReceived
	    super().dataReceived(data)
	  File "/opt/nightcity/venv/lib/python3.12/site-packages/twisted/conch/telnet.py", line 599, in dataReceived
	    self.applicationDataReceived(b"".join(appDataBuffer))
	  File "/opt/nightcity/venv/lib/python3.12/site-packages/evennia/server/portal/telnet.py", line 334, in applicationDataReceived
	    if len(data) > 2 and _HTTP_REGEX.match(data[0]):
	builtins.TypeError: cannot use a string pattern on a bytes-like object
	
|Portal| 2026-03-12 15:41:40 [!!] Unhandled Error
	Traceback (most recent call last):
	  File "/opt/nightcity/venv/lib/python3.12/site-packages/twisted/internet/posixbase.py", line 491, in _doReadOrWrite
	    why = selectable.doRead()
	  File "/opt/nightcity/venv/lib/python3.12/site-packages/twisted/internet/tcp.py", line 250, in doRead
	    return self._dataReceived(data)
	  File "/opt/nightcity/venv/lib/python3.12/site-packages/twisted/internet/tcp.py", line 255, in _dataReceived
	    rval = self.protocol.dataReceived(data)
	  File "/opt/nightcity/venv/lib/python3.12/site-packages/evennia/server/portal/telnet.py", line 105, in dataReceived
	    super().dataReceived(data)
	  File "/opt/nightcity/venv/lib/python3.12/site-packages/twisted/conch/telnet.py", line 599, in dataReceived
	    self.applicationDataReceived(b"".join(appDataBuffer))
	  File "/opt/nightcity/venv/lib/python3.12/site-packages/evennia/server/portal/telnet.py", line 334, in applicationDataReceived
	    if len(data) > 2 and _HTTP_REGEX.match(data[0]):
	builtins.TypeError: cannot use a string pattern on a bytes-like object
	
|Portal| 2026-03-12 15:41:40 [!!] Unhandled Error
	Traceback (most recent call last):
	  File "/opt/nightcity/venv/lib/python3.12/site-packages/twisted/internet/posixbase.py", line 491, in _doReadOrWrite
	    why = selectable.doRead()
	  File "/opt/nightcity/venv/lib/python3.12/site-packages/twisted/internet/tcp.py", line 250, in doRead
	    return self._dataReceived(data)
	  File "/opt/nightcity/venv/lib/python3.12/site-packages/twisted/internet/tcp.py", line 255, in _dataReceived
	    rval = self.protocol.dataReceived(data)
	  File "/opt/nightcity/venv/lib/python3.12/site-packages/evennia/server/portal/telnet.py", line 105, in dataReceived
	    super().dataReceived(data)
	  File "/opt/nightcity/venv/lib/python3.12/site-packages/twisted/conch/telnet.py", line 599, in dataReceived
	    self.applicationDataReceived(b"".join(appDataBuffer))
	  File "/opt/nightcity/venv/lib/python3.12/site-packages/evennia/server/portal/telnet.py", line 334, in applicationDataReceived
	    if len(data) > 2 and _HTTP_REGEX.match(data[0]):
	builtins.TypeError: cannot use a string pattern on a bytes-like object
	
|Portal| 2026-03-12 15:41:43 [!!] Unhandled Error
	Traceback (most recent call last):
	  File "/opt/nightcity/venv/lib/python3.12/site-packages/twisted/internet/posixbase.py", line 491, in _doReadOrWrite
	    why = selectable.doRead()
	  File "/opt/nightcity/venv/lib/python3.12/site-packages/twisted/internet/tcp.py", line 250, in doRead
	    return self._dataReceived(data)
	  File "/opt/nightcity/venv/lib/python3.12/site-packages/twisted/internet/tcp.py", line 255, in _dataReceived
	    rval = self.protocol.dataReceived(data)
	  File "/opt/nightcity/venv/lib/python3.12/site-packages/evennia/server/portal/telnet.py", line 105, in dataReceived
	    super().dataReceived(data)
	  File "/opt/nightcity/venv/lib/python3.12/site-packages/twisted/conch/telnet.py", line 599, in dataReceived
	    self.applicationDataReceived(b"".join(appDataBuffer))
	  File "/opt/nightcity/venv/lib/python3.12/site-packages/evennia/server/portal/telnet.py", line 334, in applicationDataReceived
	    if len(data) > 2 and _HTTP_REGEX.match(data[0]):
	builtins.TypeError: cannot use a string pattern on a bytes-like object
	
|Portal| 2026-03-12 16:24:41 [WW] dropping connection to peer tcp4:85.217.149.45:54972 with abort=False: None
|Portal| 2026-03-12 17:11:41 [..] Timing out client: IPv4Address(type='TCP', host='76.105.8.183', port=60573)
|Portal| 2026-03-12 17:12:16 [..] Timing out client: IPv4Address(type='TCP', host='76.105.8.183', port=60574)
