2026-03-01 11:39:15 [..] Loaded.
2026-03-01 11:39:12 [..] Loading /opt/nightcity/venv/lib/python3.12/site-packages/evennia/server/server.py...
2026-03-01 11:39:15 [..] Loaded.
2026-03-01 11:39:15 [..] twistd 24.11.0 (/opt/nightcity/venv/bin/python3 3.12.3) starting up.
2026-03-01 11:39:15 [..] reactor class: twisted.internet.epollreactor.EPollReactor.
2026-03-01 11:39:15 [..] Webserver starting on 4002
2026-03-01 11:39:15 [..] Initial setup: Creating objects (Account #1 and Limbo room) ...
2026-03-01 11:39:15 [!!] Traceback (most recent call last):
2026-03-01 11:39:15 [!!]   File "/opt/nightcity/venv/lib/python3.12/site-packages/evennia/commands/cmdsethandler.py", line 186, in import_cmdset
2026-03-01 11:39:15 [!!]     raise exc.with_traceback(tb)
2026-03-01 11:39:15 [!!]   File "/opt/nightcity/venv/lib/python3.12/site-packages/evennia/commands/cmdsethandler.py", line 181, in import_cmdset
2026-03-01 11:39:15 [!!]     module = import_module(modpath, package="evennia")
2026-03-01 11:39:15 [!!]              ^^^^^^^^^^^^^^^^^^^^^^^^^^^^^^^^^^^^^^^^^
2026-03-01 11:39:15 [!!]   File "/usr/lib/python3.12/importlib/__init__.py", line 90, in import_module
2026-03-01 11:39:15 [!!]     return _bootstrap._gcd_import(name[level:], package, level)
2026-03-01 11:39:15 [!!]            ^^^^^^^^^^^^^^^^^^^^^^^^^^^^^^^^^^^^^^^^^^^^^^^^^^^^
2026-03-01 11:39:15 [!!]   File "<frozen importlib._bootstrap>", line 1387, in _gcd_import
2026-03-01 11:39:15 [!!]   File "<frozen importlib._bootstrap>", line 1360, in _find_and_load
2026-03-01 11:39:15 [!!]   File "<frozen importlib._bootstrap>", line 1331, in _find_and_load_unlocked
2026-03-01 11:39:15 [!!]   File "<frozen importlib._bootstrap>", line 935, in _load_unlocked
2026-03-01 11:39:15 [!!]   File "<frozen importlib._bootstrap_external>", line 995, in exec_module
2026-03-01 11:39:15 [!!]   File "<frozen importlib._bootstrap>", line 488, in _call_with_frames_removed
2026-03-01 11:39:15 [!!]   File "/opt/nightcity/game/commands/default_cmdsets.py", line 18, in <module>
2026-03-01 11:39:15 [!!]     from .equipment_commands import CmdAddWeapon, CmdAddArmor, CmdAddGear, CmdPopulateWeapons, CmdPopulateArmor, CmdPopulateGear, CmdViewEquipment, CmdPopulateAllEquipment, CmdRemoveEquipment, CmdPopulateCyberware, CmdDepopulateAllEquipment, CmdYes
2026-03-01 11:39:15 [!!] ImportError: cannot import name 'CmdYes' from 'commands.equipment_commands' (/opt/nightcity/game/commands/equipment_commands.py)
2026-03-01 11:39:15 [EE] Traceback (most recent call last):
2026-03-01 11:39:15 [EE]   File "/opt/nightcity/venv/lib/python3.12/site-packages/evennia/commands/cmdsethandler.py", line 186, in import_cmdset
2026-03-01 11:39:15 [EE]     raise exc.with_traceback(tb)
2026-03-01 11:39:15 [EE]   File "/opt/nightcity/venv/lib/python3.12/site-packages/evennia/commands/cmdsethandler.py", line 181, in import_cmdset
2026-03-01 11:39:15 [EE]     module = import_module(modpath, package="evennia")
2026-03-01 11:39:15 [EE]              ^^^^^^^^^^^^^^^^^^^^^^^^^^^^^^^^^^^^^^^^^
2026-03-01 11:39:15 [EE]   File "/usr/lib/python3.12/importlib/__init__.py", line 90, in import_module
2026-03-01 11:39:15 [EE]     return _bootstrap._gcd_import(name[level:], package, level)
2026-03-01 11:39:15 [EE]            ^^^^^^^^^^^^^^^^^^^^^^^^^^^^^^^^^^^^^^^^^^^^^^^^^^^^
2026-03-01 11:39:15 [EE]   File "<frozen importlib._bootstrap>", line 1387, in _gcd_import
2026-03-01 11:39:15 [EE]   File "<frozen importlib._bootstrap>", line 1360, in _find_and_load
2026-03-01 11:39:15 [EE]   File "<frozen importlib._bootstrap>", line 1331, in _find_and_load_unlocked
2026-03-01 11:39:15 [EE]   File "<frozen importlib._bootstrap>", line 935, in _load_unlocked
2026-03-01 11:39:15 [EE]   File "<frozen importlib._bootstrap_external>", line 995, in exec_module
2026-03-01 11:39:15 [EE]   File "<frozen importlib._bootstrap>", line 488, in _call_with_frames_removed
2026-03-01 11:39:15 [EE]   File "/opt/nightcity/game/commands/default_cmdsets.py", line 18, in <module>
2026-03-01 11:39:15 [EE]     from .equipment_commands import CmdAddWeapon, CmdAddArmor, CmdAddGear, CmdPopulateWeapons, CmdPopulateArmor, CmdPopulateGear, CmdViewEquipment, CmdPopulateAllEquipment, CmdRemoveEquipment, CmdPopulateCyberware, CmdDepopulateAllEquipment, CmdYes
2026-03-01 11:39:15 [EE] ImportError: cannot import name 'CmdYes' from 'commands.equipment_commands' (/opt/nightcity/game/commands/equipment_commands.py)
None2026-03-01 11:39:15 [EE] Error loading cmdset 'commands.default_cmdsets.AccountCmdSet'
2026-03-01 11:39:15 [EE] (Traceback was logged 26-03-01 11:39:15)
2026-03-01 11:39:16 [!!] Traceback (most recent call last):
2026-03-01 11:39:16 [!!]   File "/opt/nightcity/venv/lib/python3.12/site-packages/evennia/commands/cmdsethandler.py", line 186, in import_cmdset
2026-03-01 11:39:16 [!!]     raise exc.with_traceback(tb)
2026-03-01 11:39:16 [!!]   File "/opt/nightcity/venv/lib/python3.12/site-packages/evennia/commands/cmdsethandler.py", line 181, in import_cmdset
2026-03-01 11:39:16 [!!]     module = import_module(modpath, package="evennia")
2026-03-01 11:39:16 [!!]              ^^^^^^^^^^^^^^^^^^^^^^^^^^^^^^^^^^^^^^^^^
2026-03-01 11:39:16 [!!]   File "/usr/lib/python3.12/importlib/__init__.py", line 90, in import_module
2026-03-01 11:39:16 [!!]     return _bootstrap._gcd_import(name[level:], package, level)
2026-03-01 11:39:16 [!!]            ^^^^^^^^^^^^^^^^^^^^^^^^^^^^^^^^^^^^^^^^^^^^^^^^^^^^
2026-03-01 11:39:16 [!!]   File "<frozen importlib._bootstrap>", line 1387, in _gcd_import
2026-03-01 11:39:16 [!!]   File "<frozen importlib._bootstrap>", line 1360, in _find_and_load
2026-03-01 11:39:16 [!!]   File "<frozen importlib._bootstrap>", line 1331, in _find_and_load_unlocked
2026-03-01 11:39:16 [!!]   File "<frozen importlib._bootstrap>", line 935, in _load_unlocked
2026-03-01 11:39:16 [!!]   File "<frozen importlib._bootstrap_external>", line 995, in exec_module
2026-03-01 11:39:16 [!!]   File "<frozen importlib._bootstrap>", line 488, in _call_with_frames_removed
2026-03-01 11:39:16 [!!]   File "/opt/nightcity/game/commands/default_cmdsets.py", line 18, in <module>
2026-03-01 11:39:16 [!!]     from .equipment_commands import CmdAddWeapon, CmdAddArmor, CmdAddGear, CmdPopulateWeapons, CmdPopulateArmor, CmdPopulateGear, CmdViewEquipment, CmdPopulateAllEquipment, CmdRemoveEquipment, CmdPopulateCyberware, CmdDepopulateAllEquipment, CmdYes
2026-03-01 11:39:16 [!!] ImportError: cannot import name 'CmdYes' from 'commands.equipment_commands' (/opt/nightcity/game/commands/equipment_commands.py)
2026-03-01 11:39:16 [EE] Traceback (most recent call last):
2026-03-01 11:39:16 [EE]   File "/opt/nightcity/venv/lib/python3.12/site-packages/evennia/commands/cmdsethandler.py", line 186, in import_cmdset
2026-03-01 11:39:16 [EE]     raise exc.with_traceback(tb)
2026-03-01 11:39:16 [EE]   File "/opt/nightcity/venv/lib/python3.12/site-packages/evennia/commands/cmdsethandler.py", line 181, in import_cmdset
2026-03-01 11:39:16 [EE]     module = import_module(modpath, package="evennia")
2026-03-01 11:39:16 [EE]              ^^^^^^^^^^^^^^^^^^^^^^^^^^^^^^^^^^^^^^^^^
2026-03-01 11:39:16 [EE]   File "/usr/lib/python3.12/importlib/__init__.py", line 90, in import_module
2026-03-01 11:39:16 [EE]     return _bootstrap._gcd_import(name[level:], package, level)
2026-03-01 11:39:16 [EE]            ^^^^^^^^^^^^^^^^^^^^^^^^^^^^^^^^^^^^^^^^^^^^^^^^^^^^
2026-03-01 11:39:16 [EE]   File "<frozen importlib._bootstrap>", line 1387, in _gcd_import
2026-03-01 11:39:16 [EE]   File "<frozen importlib._bootstrap>", line 1360, in _find_and_load
2026-03-01 11:39:16 [EE]   File "<frozen importlib._bootstrap>", line 1331, in _find_and_load_unlocked
2026-03-01 11:39:16 [EE]   File "<frozen importlib._bootstrap>", line 935, in _load_unlocked
2026-03-01 11:39:16 [EE]   File "<frozen importlib._bootstrap_external>", line 995, in exec_module
2026-03-01 11:39:16 [EE]   File "<frozen importlib._bootstrap>", line 488, in _call_with_frames_removed
2026-03-01 11:39:16 [EE]   File "/opt/nightcity/game/commands/default_cmdsets.py", line 18, in <module>
2026-03-01 11:39:16 [EE]     from .equipment_commands import CmdAddWeapon, CmdAddArmor, CmdAddGear, CmdPopulateWeapons, CmdPopulateArmor, CmdPopulateGear, CmdViewEquipment, CmdPopulateAllEquipment, CmdRemoveEquipment, CmdPopulateCyberware, CmdDepopulateAllEquipment, CmdYes
2026-03-01 11:39:16 [EE] ImportError: cannot import name 'CmdYes' from 'commands.equipment_commands' (/opt/nightcity/game/commands/equipment_commands.py)
None2026-03-01 11:39:16 [EE] Error loading cmdset 'commands.default_cmdsets.AccountCmdSet'
2026-03-01 11:39:16 [EE] (Traceback was logged 26-03-01 11:39:16)
2026-03-01 11:39:16 [!!] Traceback (most recent call last):
2026-03-01 11:39:16 [!!]   File "/opt/nightcity/venv/lib/python3.12/site-packages/evennia/server/initial_setup.py", line 101, in create_objects
2026-03-01 11:39:16 [!!]     superuser_character = ObjectDB.objects.get(id=1)
2026-03-01 11:39:16 [!!]                           ^^^^^^^^^^^^^^^^^^^^^^^^^^
2026-03-01 11:39:16 [!!]   File "/opt/nightcity/venv/lib/python3.12/site-packages/evennia/utils/idmapper/manager.py", line 33, in get
2026-03-01 11:39:16 [!!]     inst = super().get(*args, **kwargs)
2026-03-01 11:39:16 [!!]            ^^^^^^^^^^^^^^^^^^^^^^^^^^^^
2026-03-01 11:39:16 [!!]   File "/opt/nightcity/venv/lib/python3.12/site-packages/django/db/models/manager.py", line 87, in manager_method
2026-03-01 11:39:16 [!!]     return getattr(self.get_queryset(), name)(*args, **kwargs)
2026-03-01 11:39:16 [!!]            ^^^^^^^^^^^^^^^^^^^^^^^^^^^^^^^^^^^^^^^^^^^^^^^^^^^
2026-03-01 11:39:16 [!!]   File "/opt/nightcity/venv/lib/python3.12/site-packages/django/db/models/query.py", line 639, in get
2026-03-01 11:39:16 [!!]     raise self.model.DoesNotExist(
2026-03-01 11:39:16 [!!] evennia.objects.models.ObjectDB.DoesNotExist: ObjectDB matching query does not exist.
None2026-03-01 11:39:16 [!!] During handling of the above exception, another exception occurred:
None2026-03-01 11:39:16 [!!] Traceback (most recent call last):
2026-03-01 11:39:16 [!!]   File "/opt/nightcity/venv/lib/python3.12/site-packages/evennia/commands/cmdsethandler.py", line 186, in import_cmdset
2026-03-01 11:39:16 [!!]     raise exc.with_traceback(tb)
2026-03-01 11:39:16 [!!]   File "/opt/nightcity/venv/lib/python3.12/site-packages/evennia/commands/cmdsethandler.py", line 181, in import_cmdset
2026-03-01 11:39:16 [!!]     module = import_module(modpath, package="evennia")
2026-03-01 11:39:16 [!!]              ^^^^^^^^^^^^^^^^^^^^^^^^^^^^^^^^^^^^^^^^^
2026-03-01 11:39:16 [!!]   File "/usr/lib/python3.12/importlib/__init__.py", line 90, in import_module
2026-03-01 11:39:16 [!!]     return _bootstrap._gcd_import(name[level:], package, level)
2026-03-01 11:39:16 [!!]            ^^^^^^^^^^^^^^^^^^^^^^^^^^^^^^^^^^^^^^^^^^^^^^^^^^^^
2026-03-01 11:39:16 [!!]   File "<frozen importlib._bootstrap>", line 1387, in _gcd_import
2026-03-01 11:39:16 [!!]   File "<frozen importlib._bootstrap>", line 1360, in _find_and_load
2026-03-01 11:39:16 [!!]   File "<frozen importlib._bootstrap>", line 1331, in _find_and_load_unlocked
2026-03-01 11:39:16 [!!]   File "<frozen importlib._bootstrap>", line 935, in _load_unlocked
2026-03-01 11:39:16 [!!]   File "<frozen importlib._bootstrap_external>", line 995, in exec_module
2026-03-01 11:39:16 [!!]   File "<frozen importlib._bootstrap>", line 488, in _call_with_frames_removed
2026-03-01 11:39:16 [!!]   File "/opt/nightcity/game/commands/default_cmdsets.py", line 18, in <module>
2026-03-01 11:39:16 [!!]     from .equipment_commands import CmdAddWeapon, CmdAddArmor, CmdAddGear, CmdPopulateWeapons, CmdPopulateArmor, CmdPopulateGear, CmdViewEquipment, CmdPopulateAllEquipment, CmdRemoveEquipment, CmdPopulateCyberware, CmdDepopulateAllEquipment, CmdYes
2026-03-01 11:39:16 [!!] ImportError: cannot import name 'CmdYes' from 'commands.equipment_commands' (/opt/nightcity/game/commands/equipment_commands.py)
2026-03-01 11:39:16 [EE] Traceback (most recent call last):
2026-03-01 11:39:16 [EE]   File "/opt/nightcity/venv/lib/python3.12/site-packages/evennia/server/initial_setup.py", line 101, in create_objects
2026-03-01 11:39:16 [EE]     superuser_character = ObjectDB.objects.get(id=1)
2026-03-01 11:39:16 [EE]                           ^^^^^^^^^^^^^^^^^^^^^^^^^^
2026-03-01 11:39:16 [EE]   File "/opt/nightcity/venv/lib/python3.12/site-packages/evennia/utils/idmapper/manager.py", line 33, in get
2026-03-01 11:39:16 [EE]     inst = super().get(*args, **kwargs)
2026-03-01 11:39:16 [EE]            ^^^^^^^^^^^^^^^^^^^^^^^^^^^^
2026-03-01 11:39:16 [EE]   File "/opt/nightcity/venv/lib/python3.12/site-packages/django/db/models/manager.py", line 87, in manager_method
2026-03-01 11:39:16 [EE]     return getattr(self.get_queryset(), name)(*args, **kwargs)
2026-03-01 11:39:16 [EE]            ^^^^^^^^^^^^^^^^^^^^^^^^^^^^^^^^^^^^^^^^^^^^^^^^^^^
2026-03-01 11:39:16 [EE]   File "/opt/nightcity/venv/lib/python3.12/site-packages/django/db/models/query.py", line 639, in get
2026-03-01 11:39:16 [EE]     raise self.model.DoesNotExist(
2026-03-01 11:39:16 [EE] evennia.objects.models.ObjectDB.DoesNotExist: ObjectDB matching query does not exist.
None2026-03-01 11:39:16 [EE] During handling of the above exception, another exception occurred:
None2026-03-01 11:39:16 [EE] Traceback (most recent call last):
2026-03-01 11:39:16 [EE]   File "/opt/nightcity/venv/lib/python3.12/site-packages/evennia/commands/cmdsethandler.py", line 186, in import_cmdset
2026-03-01 11:39:16 [EE]     raise exc.with_traceback(tb)
2026-03-01 11:39:16 [EE]   File "/opt/nightcity/venv/lib/python3.12/site-packages/evennia/commands/cmdsethandler.py", line 181, in import_cmdset
2026-03-01 11:39:16 [EE]     module = import_module(modpath, package="evennia")
2026-03-01 11:39:16 [EE]              ^^^^^^^^^^^^^^^^^^^^^^^^^^^^^^^^^^^^^^^^^
2026-03-01 11:39:16 [EE]   File "/usr/lib/python3.12/importlib/__init__.py", line 90, in import_module
2026-03-01 11:39:16 [EE]     return _bootstrap._gcd_import(name[level:], package, level)
2026-03-01 11:39:16 [EE]            ^^^^^^^^^^^^^^^^^^^^^^^^^^^^^^^^^^^^^^^^^^^^^^^^^^^^
2026-03-01 11:39:16 [EE]   File "<frozen importlib._bootstrap>", line 1387, in _gcd_import
2026-03-01 11:39:16 [EE]   File "<frozen importlib._bootstrap>", line 1360, in _find_and_load
2026-03-01 11:39:16 [EE]   File "<frozen importlib._bootstrap>", line 1331, in _find_and_load_unlocked
2026-03-01 11:39:16 [EE]   File "<frozen importlib._bootstrap>", line 935, in _load_unlocked
2026-03-01 11:39:16 [EE]   File "<frozen importlib._bootstrap_external>", line 995, in exec_module
2026-03-01 11:39:16 [EE]   File "<frozen importlib._bootstrap>", line 488, in _call_with_frames_removed
2026-03-01 11:39:16 [EE]   File "/opt/nightcity/game/commands/default_cmdsets.py", line 18, in <module>
2026-03-01 11:39:16 [EE]     from .equipment_commands import CmdAddWeapon, CmdAddArmor, CmdAddGear, CmdPopulateWeapons, CmdPopulateArmor, CmdPopulateGear, CmdViewEquipment, CmdPopulateAllEquipment, CmdRemoveEquipment, CmdPopulateCyberware, CmdDepopulateAllEquipment, CmdYes
2026-03-01 11:39:16 [EE] ImportError: cannot import name 'CmdYes' from 'commands.equipment_commands' (/opt/nightcity/game/commands/equipment_commands.py)
None2026-03-01 11:39:16 [EE] Error loading cmdset 'commands.default_cmdsets.CharacterCmdSet'
2026-03-01 11:39:16 [EE] (Traceback was logged 26-03-01 11:39:16)
2026-03-01 11:39:16 [DP] obj.cmdset.add() kwarg 'permanent' has changed name to 'persistent'.
2026-03-01 11:39:16 [!!] Traceback (most recent call last):
2026-03-01 11:39:16 [!!]   File "/opt/nightcity/venv/lib/python3.12/site-packages/evennia/server/initial_setup.py", line 101, in create_objects
2026-03-01 11:39:16 [!!]     superuser_character = ObjectDB.objects.get(id=1)
2026-03-01 11:39:16 [!!]                           ^^^^^^^^^^^^^^^^^^^^^^^^^^
2026-03-01 11:39:16 [!!]   File "/opt/nightcity/venv/lib/python3.12/site-packages/evennia/utils/idmapper/manager.py", line 33, in get
2026-03-01 11:39:16 [!!]     inst = super().get(*args, **kwargs)
2026-03-01 11:39:16 [!!]            ^^^^^^^^^^^^^^^^^^^^^^^^^^^^
2026-03-01 11:39:16 [!!]   File "/opt/nightcity/venv/lib/python3.12/site-packages/django/db/models/manager.py", line 87, in manager_method
2026-03-01 11:39:16 [!!]     return getattr(self.get_queryset(), name)(*args, **kwargs)
2026-03-01 11:39:16 [!!]            ^^^^^^^^^^^^^^^^^^^^^^^^^^^^^^^^^^^^^^^^^^^^^^^^^^^
2026-03-01 11:39:16 [!!]   File "/opt/nightcity/venv/lib/python3.12/site-packages/django/db/models/query.py", line 639, in get
2026-03-01 11:39:16 [!!]     raise self.model.DoesNotExist(
2026-03-01 11:39:16 [!!] evennia.objects.models.ObjectDB.DoesNotExist: ObjectDB matching query does not exist.
None2026-03-01 11:39:16 [!!] During handling of the above exception, another exception occurred:
None2026-03-01 11:39:16 [!!] Traceback (most recent call last):
2026-03-01 11:39:16 [!!]   File "/opt/nightcity/venv/lib/python3.12/site-packages/evennia/commands/cmdsethandler.py", line 186, in import_cmdset
2026-03-01 11:39:16 [!!]     raise exc.with_traceback(tb)
2026-03-01 11:39:16 [!!]   File "/opt/nightcity/venv/lib/python3.12/site-packages/evennia/commands/cmdsethandler.py", line 181, in import_cmdset
2026-03-01 11:39:16 [!!]     module = import_module(modpath, package="evennia")
2026-03-01 11:39:16 [!!]              ^^^^^^^^^^^^^^^^^^^^^^^^^^^^^^^^^^^^^^^^^
2026-03-01 11:39:16 [!!]   File "/usr/lib/python3.12/importlib/__init__.py", line 90, in import_module
2026-03-01 11:39:16 [!!]     return _bootstrap._gcd_import(name[level:], package, level)
2026-03-01 11:39:16 [!!]            ^^^^^^^^^^^^^^^^^^^^^^^^^^^^^^^^^^^^^^^^^^^^^^^^^^^^
2026-03-01 11:39:16 [!!]   File "<frozen importlib._bootstrap>", line 1387, in _gcd_import
2026-03-01 11:39:16 [!!]   File "<frozen importlib._bootstrap>", line 1360, in _find_and_load
2026-03-01 11:39:16 [!!]   File "<frozen importlib._bootstrap>", line 1331, in _find_and_load_unlocked
2026-03-01 11:39:16 [!!]   File "<frozen importlib._bootstrap>", line 935, in _load_unlocked
2026-03-01 11:39:16 [!!]   File "<frozen importlib._bootstrap_external>", line 995, in exec_module
2026-03-01 11:39:16 [!!]   File "<frozen importlib._bootstrap>", line 488, in _call_with_frames_removed
2026-03-01 11:39:16 [!!]   File "/opt/nightcity/game/commands/default_cmdsets.py", line 18, in <module>
2026-03-01 11:39:16 [!!]     from .equipment_commands import CmdAddWeapon, CmdAddArmor, CmdAddGear, CmdPopulateWeapons, CmdPopulateArmor, CmdPopulateGear, CmdViewEquipment, CmdPopulateAllEquipment, CmdRemoveEquipment, CmdPopulateCyberware, CmdDepopulateAllEquipment, CmdYes
2026-03-01 11:39:16 [!!] ImportError: cannot import name 'CmdYes' from 'commands.equipment_commands' (/opt/nightcity/game/commands/equipment_commands.py)
2026-03-01 11:39:16 [EE] Traceback (most recent call last):
2026-03-01 11:39:16 [EE]   File "/opt/nightcity/venv/lib/python3.12/site-packages/evennia/server/initial_setup.py", line 101, in create_objects
2026-03-01 11:39:16 [EE]     superuser_character = ObjectDB.objects.get(id=1)
2026-03-01 11:39:16 [EE]                           ^^^^^^^^^^^^^^^^^^^^^^^^^^
2026-03-01 11:39:16 [EE]   File "/opt/nightcity/venv/lib/python3.12/site-packages/evennia/utils/idmapper/manager.py", line 33, in get
2026-03-01 11:39:16 [EE]     inst = super().get(*args, **kwargs)
2026-03-01 11:39:16 [EE]            ^^^^^^^^^^^^^^^^^^^^^^^^^^^^
2026-03-01 11:39:16 [EE]   File "/opt/nightcity/venv/lib/python3.12/site-packages/django/db/models/manager.py", line 87, in manager_method
2026-03-01 11:39:16 [EE]     return getattr(self.get_queryset(), name)(*args, **kwargs)
2026-03-01 11:39:16 [EE]            ^^^^^^^^^^^^^^^^^^^^^^^^^^^^^^^^^^^^^^^^^^^^^^^^^^^
2026-03-01 11:39:16 [EE]   File "/opt/nightcity/venv/lib/python3.12/site-packages/django/db/models/query.py", line 639, in get
2026-03-01 11:39:16 [EE]     raise self.model.DoesNotExist(
2026-03-01 11:39:16 [EE] evennia.objects.models.ObjectDB.DoesNotExist: ObjectDB matching query does not exist.
None2026-03-01 11:39:16 [EE] During handling of the above exception, another exception occurred:
None2026-03-01 11:39:16 [EE] Traceback (most recent call last):
2026-03-01 11:39:16 [EE]   File "/opt/nightcity/venv/lib/python3.12/site-packages/evennia/commands/cmdsethandler.py", line 186, in import_cmdset
2026-03-01 11:39:16 [EE]     raise exc.with_traceback(tb)
2026-03-01 11:39:16 [EE]   File "/opt/nightcity/venv/lib/python3.12/site-packages/evennia/commands/cmdsethandler.py", line 181, in import_cmdset
2026-03-01 11:39:16 [EE]     module = import_module(modpath, package="evennia")
2026-03-01 11:39:16 [EE]              ^^^^^^^^^^^^^^^^^^^^^^^^^^^^^^^^^^^^^^^^^
2026-03-01 11:39:16 [EE]   File "/usr/lib/python3.12/importlib/__init__.py", line 90, in import_module
2026-03-01 11:39:16 [EE]     return _bootstrap._gcd_import(name[level:], package, level)
2026-03-01 11:39:16 [EE]            ^^^^^^^^^^^^^^^^^^^^^^^^^^^^^^^^^^^^^^^^^^^^^^^^^^^^
2026-03-01 11:39:16 [EE]   File "<frozen importlib._bootstrap>", line 1387, in _gcd_import
2026-03-01 11:39:16 [EE]   File "<frozen importlib._bootstrap>", line 1360, in _find_and_load
2026-03-01 11:39:16 [EE]   File "<frozen importlib._bootstrap>", line 1331, in _find_and_load_unlocked
2026-03-01 11:39:16 [EE]   File "<frozen importlib._bootstrap>", line 935, in _load_unlocked
2026-03-01 11:39:16 [EE]   File "<frozen importlib._bootstrap_external>", line 995, in exec_module
2026-03-01 11:39:16 [EE]   File "<frozen importlib._bootstrap>", line 488, in _call_with_frames_removed
2026-03-01 11:39:16 [EE]   File "/opt/nightcity/game/commands/default_cmdsets.py", line 18, in <module>
2026-03-01 11:39:16 [EE]     from .equipment_commands import CmdAddWeapon, CmdAddArmor, CmdAddGear, CmdPopulateWeapons, CmdPopulateArmor, CmdPopulateGear, CmdViewEquipment, CmdPopulateAllEquipment, CmdRemoveEquipment, CmdPopulateCyberware, CmdDepopulateAllEquipment, CmdYes
2026-03-01 11:39:16 [EE] ImportError: cannot import name 'CmdYes' from 'commands.equipment_commands' (/opt/nightcity/game/commands/equipment_commands.py)
None2026-03-01 11:39:16 [EE] Error loading cmdset 'commands.default_cmdsets.CharacterCmdSet'
2026-03-01 11:39:16 [EE] (Traceback was logged 26-03-01 11:39:16)
2026-03-01 11:39:16 [SS] Character Created: Lethe (Caller: Lethe(account 1), IP: None).
2026-03-01 11:39:16 [..] Initial setup: Running at_initial_setup() hook.
2026-03-01 11:39:16 [..] Initial setup: Gathering static resources using 'collectstatic'
None2026-03-01 11:39:16 [..] 0 static files copied to '/opt/nightcity/game/static', 208 unmodified, 1 skipped due to conflict.
2026-03-01 11:39:16 [..] Initial setup complete. Restarting Server once.
2026-03-01 11:39:16 [..] Evennia Server successfully started.
2026-03-01 11:39:17 [..] Server disconnected from the portal.
2026-03-01 11:39:17 [..] Main loop terminated.
2026-03-01 11:39:17 [..] Server Shut Down.
2026-03-01 11:39:22 [..] Loaded.
2026-03-01 11:39:18 [..] Loading /opt/nightcity/venv/lib/python3.12/site-packages/evennia/server/server.py...
2026-03-01 11:39:22 [..] Loaded.
2026-03-01 11:39:22 [..] twistd 24.11.0 (/opt/nightcity/venv/bin/python3 3.12.3) starting up.
2026-03-01 11:39:22 [..] reactor class: twisted.internet.epollreactor.EPollReactor.
2026-03-01 11:39:22 [..] Webserver starting on 4002
2026-03-01 11:39:22 [..] Evennia Server successfully restarted in 'reset' mode.
2026-03-01 11:39:31 [..] Server disconnected from the portal.
2026-03-01 11:39:31 [..] Main loop terminated.
2026-03-01 11:39:31 [..] Server Shut Down.
2026-03-01 11:40:03 [..] Loaded.
2026-03-01 11:39:59 [..] Loading /opt/nightcity/venv/lib/python3.12/site-packages/evennia/server/server.py...
2026-03-01 11:40:03 [..] Loaded.
2026-03-01 11:40:03 [..] twistd 24.11.0 (/opt/nightcity/venv/bin/python3 3.12.3) starting up.
2026-03-01 11:40:03 [..] reactor class: twisted.internet.epollreactor.EPollReactor.
2026-03-01 11:40:03 [..] Webserver starting on 4002
2026-03-01 11:40:03 [..] Evennia Server successfully started.
2026-03-01 11:40:30 [!!] Traceback (most recent call last):
2026-03-01 11:40:30 [!!]   File "/opt/nightcity/venv/lib/python3.12/site-packages/evennia/commands/cmdsethandler.py", line 186, in import_cmdset
2026-03-01 11:40:30 [!!]     raise exc.with_traceback(tb)
2026-03-01 11:40:30 [!!]   File "/opt/nightcity/venv/lib/python3.12/site-packages/evennia/commands/cmdsethandler.py", line 181, in import_cmdset
2026-03-01 11:40:30 [!!]     module = import_module(modpath, package="evennia")
2026-03-01 11:40:30 [!!]              ^^^^^^^^^^^^^^^^^^^^^^^^^^^^^^^^^^^^^^^^^
2026-03-01 11:40:30 [!!]   File "/usr/lib/python3.12/importlib/__init__.py", line 90, in import_module
2026-03-01 11:40:30 [!!]     return _bootstrap._gcd_import(name[level:], package, level)
2026-03-01 11:40:30 [!!]            ^^^^^^^^^^^^^^^^^^^^^^^^^^^^^^^^^^^^^^^^^^^^^^^^^^^^
2026-03-01 11:40:30 [!!]   File "<frozen importlib._bootstrap>", line 1387, in _gcd_import
2026-03-01 11:40:30 [!!]   File "<frozen importlib._bootstrap>", line 1360, in _find_and_load
2026-03-01 11:40:30 [!!]   File "<frozen importlib._bootstrap>", line 1331, in _find_and_load_unlocked
2026-03-01 11:40:30 [!!]   File "<frozen importlib._bootstrap>", line 935, in _load_unlocked
2026-03-01 11:40:30 [!!]   File "<frozen importlib._bootstrap_external>", line 995, in exec_module
2026-03-01 11:40:30 [!!]   File "<frozen importlib._bootstrap>", line 488, in _call_with_frames_removed
2026-03-01 11:40:30 [!!]   File "/opt/nightcity/game/commands/default_cmdsets.py", line 18, in <module>
2026-03-01 11:40:30 [!!]     from .equipment_commands import CmdAddWeapon, CmdAddArmor, CmdAddGear, CmdPopulateWeapons, CmdPopulateArmor, CmdPopulateGear, CmdViewEquipment, CmdPopulateAllEquipment, CmdRemoveEquipment, CmdPopulateCyberware, CmdDepopulateAllEquipment, CmdYes
2026-03-01 11:40:30 [!!] ImportError: cannot import name 'CmdYes' from 'commands.equipment_commands' (/opt/nightcity/game/commands/equipment_commands.py)
2026-03-01 11:40:30 [EE] Traceback (most recent call last):
2026-03-01 11:40:30 [EE]   File "/opt/nightcity/venv/lib/python3.12/site-packages/evennia/commands/cmdsethandler.py", line 186, in import_cmdset
2026-03-01 11:40:30 [EE]     raise exc.with_traceback(tb)
2026-03-01 11:40:30 [EE]   File "/opt/nightcity/venv/lib/python3.12/site-packages/evennia/commands/cmdsethandler.py", line 181, in import_cmdset
2026-03-01 11:40:30 [EE]     module = import_module(modpath, package="evennia")
2026-03-01 11:40:30 [EE]              ^^^^^^^^^^^^^^^^^^^^^^^^^^^^^^^^^^^^^^^^^
2026-03-01 11:40:30 [EE]   File "/usr/lib/python3.12/importlib/__init__.py", line 90, in import_module
2026-03-01 11:40:30 [EE]     return _bootstrap._gcd_import(name[level:], package, level)
2026-03-01 11:40:30 [EE]            ^^^^^^^^^^^^^^^^^^^^^^^^^^^^^^^^^^^^^^^^^^^^^^^^^^^^
2026-03-01 11:40:30 [EE]   File "<frozen importlib._bootstrap>", line 1387, in _gcd_import
2026-03-01 11:40:30 [EE]   File "<frozen importlib._bootstrap>", line 1360, in _find_and_load
2026-03-01 11:40:30 [EE]   File "<frozen importlib._bootstrap>", line 1331, in _find_and_load_unlocked
2026-03-01 11:40:30 [EE]   File "<frozen importlib._bootstrap>", line 935, in _load_unlocked
2026-03-01 11:40:30 [EE]   File "<frozen importlib._bootstrap_external>", line 995, in exec_module
2026-03-01 11:40:30 [EE]   File "<frozen importlib._bootstrap>", line 488, in _call_with_frames_removed
2026-03-01 11:40:30 [EE]   File "/opt/nightcity/game/commands/default_cmdsets.py", line 18, in <module>
2026-03-01 11:40:30 [EE]     from .equipment_commands import CmdAddWeapon, CmdAddArmor, CmdAddGear, CmdPopulateWeapons, CmdPopulateArmor, CmdPopulateGear, CmdViewEquipment, CmdPopulateAllEquipment, CmdRemoveEquipment, CmdPopulateCyberware, CmdDepopulateAllEquipment, CmdYes
2026-03-01 11:40:30 [EE] ImportError: cannot import name 'CmdYes' from 'commands.equipment_commands' (/opt/nightcity/game/commands/equipment_commands.py)
None2026-03-01 11:40:30 [EE] Error loading cmdset 'commands.default_cmdsets.UnloggedinCmdSet'
2026-03-01 11:40:30 [EE] (Traceback was logged 26-03-01 11:40:30)
None2026-03-01 11:40:30 [EE] Error encountered for cmdset at path 'commands.default_cmdsets.UnloggedinCmdSet'.
2026-03-01 11:40:30 [EE] Replacing with fallback 'evennia.commands.default.cmdset_unloggedin.UnloggedinCmdSet'.
2026-03-01 11:40:39 [WW] ip_from_request: No valid IP address found in request. Using remote_addr.
2026-03-01 11:43:03 [!!] Unhandled error in Deferred:
2026-03-01 11:43:03 [!!] 
	Traceback (most recent call last):
	  File "/opt/nightcity/venv/lib/python3.12/site-packages/twisted/internet/defer.py", line 2017, in _inlineCallbacks
	    result = context.run(gen.send, result)
	  File "/opt/nightcity/venv/lib/python3.12/site-packages/evennia/server/service.py", line 514, in shutdown
	    yield [p.at_server_reload() for p in evennia.AccountDB.get_all_cached_instances()]
	builtins.AttributeError: 'AccountDB' object has no attribute 'at_server_reload'
	
2026-03-01 11:43:03 [!!] Unhandled error in Deferred:
2026-03-01 11:43:03 [!!] 
	Traceback (most recent call last):
	  File "/opt/nightcity/venv/lib/python3.12/site-packages/twisted/internet/defer.py", line 2017, in _inlineCallbacks
	    result = context.run(gen.send, result)
	  File "/opt/nightcity/venv/lib/python3.12/site-packages/evennia/server/service.py", line 543, in shutdown
	    (p.unpuppet_all(), p.at_server_shutdown())
	builtins.AttributeError: 'AccountDB' object has no attribute 'unpuppet_all'
	
2026-03-01 11:44:24 [..] Received SIGTERM, shutting down.
2026-03-01 11:44:24 [..] Server disconnected from the portal.
2026-03-01 11:44:24 [..] Main loop terminated.
2026-03-01 11:44:24 [..] Server Shut Down.
2026-03-01 11:44:38 [..] Loaded.
2026-03-01 11:44:35 [..] Loading /opt/nightcity/venv/lib/python3.12/site-packages/evennia/server/server.py...
2026-03-01 11:44:38 [..] Loaded.
2026-03-01 11:44:38 [..] twistd 24.11.0 (/opt/nightcity/venv/bin/python3 3.12.3) starting up.
2026-03-01 11:44:38 [..] reactor class: twisted.internet.epollreactor.EPollReactor.
2026-03-01 11:44:38 [..] Webserver starting on 4002
2026-03-01 11:44:38 [..] Evennia Server successfully started.
2026-03-01 11:45:14 [!!] Traceback (most recent call last):
2026-03-01 11:45:14 [!!]   File "/opt/nightcity/venv/lib/python3.12/site-packages/evennia/commands/cmdsethandler.py", line 186, in import_cmdset
2026-03-01 11:45:14 [!!]     raise exc.with_traceback(tb)
2026-03-01 11:45:14 [!!]   File "/opt/nightcity/venv/lib/python3.12/site-packages/evennia/commands/cmdsethandler.py", line 181, in import_cmdset
2026-03-01 11:45:14 [!!]     module = import_module(modpath, package="evennia")
2026-03-01 11:45:14 [!!]              ^^^^^^^^^^^^^^^^^^^^^^^^^^^^^^^^^^^^^^^^^
2026-03-01 11:45:14 [!!]   File "/usr/lib/python3.12/importlib/__init__.py", line 90, in import_module
2026-03-01 11:45:14 [!!]     return _bootstrap._gcd_import(name[level:], package, level)
2026-03-01 11:45:14 [!!]            ^^^^^^^^^^^^^^^^^^^^^^^^^^^^^^^^^^^^^^^^^^^^^^^^^^^^
2026-03-01 11:45:14 [!!]   File "<frozen importlib._bootstrap>", line 1387, in _gcd_import
2026-03-01 11:45:14 [!!]   File "<frozen importlib._bootstrap>", line 1360, in _find_and_load
2026-03-01 11:45:14 [!!]   File "<frozen importlib._bootstrap>", line 1331, in _find_and_load_unlocked
2026-03-01 11:45:14 [!!]   File "<frozen importlib._bootstrap>", line 935, in _load_unlocked
2026-03-01 11:45:14 [!!]   File "<frozen importlib._bootstrap_external>", line 995, in exec_module
2026-03-01 11:45:14 [!!]   File "<frozen importlib._bootstrap>", line 488, in _call_with_frames_removed
2026-03-01 11:45:14 [!!]   File "/opt/nightcity/game/commands/default_cmdsets.py", line 43, in <module>
2026-03-01 11:45:14 [!!]     from .CmdWeather import CmdWeather
2026-03-01 11:45:14 [!!]   File "/opt/nightcity/game/commands/CmdWeather.py", line 1, in <module>
2026-03-01 11:45:14 [!!]     import requests
2026-03-01 11:45:14 [!!] ModuleNotFoundError: No module named 'requests'
2026-03-01 11:45:14 [EE] Traceback (most recent call last):
2026-03-01 11:45:14 [EE]   File "/opt/nightcity/venv/lib/python3.12/site-packages/evennia/commands/cmdsethandler.py", line 186, in import_cmdset
2026-03-01 11:45:14 [EE]     raise exc.with_traceback(tb)
2026-03-01 11:45:14 [EE]   File "/opt/nightcity/venv/lib/python3.12/site-packages/evennia/commands/cmdsethandler.py", line 181, in import_cmdset
2026-03-01 11:45:14 [EE]     module = import_module(modpath, package="evennia")
2026-03-01 11:45:14 [EE]              ^^^^^^^^^^^^^^^^^^^^^^^^^^^^^^^^^^^^^^^^^
2026-03-01 11:45:14 [EE]   File "/usr/lib/python3.12/importlib/__init__.py", line 90, in import_module
2026-03-01 11:45:14 [EE]     return _bootstrap._gcd_import(name[level:], package, level)
2026-03-01 11:45:14 [EE]            ^^^^^^^^^^^^^^^^^^^^^^^^^^^^^^^^^^^^^^^^^^^^^^^^^^^^
2026-03-01 11:45:14 [EE]   File "<frozen importlib._bootstrap>", line 1387, in _gcd_import
2026-03-01 11:45:14 [EE]   File "<frozen importlib._bootstrap>", line 1360, in _find_and_load
2026-03-01 11:45:14 [EE]   File "<frozen importlib._bootstrap>", line 1331, in _find_and_load_unlocked
2026-03-01 11:45:14 [EE]   File "<frozen importlib._bootstrap>", line 935, in _load_unlocked
2026-03-01 11:45:14 [EE]   File "<frozen importlib._bootstrap_external>", line 995, in exec_module
2026-03-01 11:45:14 [EE]   File "<frozen importlib._bootstrap>", line 488, in _call_with_frames_removed
2026-03-01 11:45:14 [EE]   File "/opt/nightcity/game/commands/default_cmdsets.py", line 43, in <module>
2026-03-01 11:45:14 [EE]     from .CmdWeather import CmdWeather
2026-03-01 11:45:14 [EE]   File "/opt/nightcity/game/commands/CmdWeather.py", line 1, in <module>
2026-03-01 11:45:14 [EE]     import requests
2026-03-01 11:45:14 [EE] ModuleNotFoundError: No module named 'requests'
None2026-03-01 11:45:14 [EE] Error loading cmdset 'commands.default_cmdsets.UnloggedinCmdSet'
2026-03-01 11:45:14 [EE] (Traceback was logged 26-03-01 11:45:14)
None2026-03-01 11:45:14 [EE] Error encountered for cmdset at path 'commands.default_cmdsets.UnloggedinCmdSet'.
2026-03-01 11:45:14 [EE] Replacing with fallback 'evennia.commands.default.cmdset_unloggedin.UnloggedinCmdSet'.
2026-03-01 11:45:15 [WW] ip_from_request: No valid IP address found in request. Using remote_addr.
2026-03-01 11:53:38 [WW] Warning: Idmapper flush called more than once in 5.0 min interval. Check memory usage.
2026-03-01 13:52:08 [!!] Traceback (most recent call last):
2026-03-01 13:52:08 [!!]   File "/opt/nightcity/venv/lib/python3.12/site-packages/evennia/commands/cmdsethandler.py", line 186, in import_cmdset
2026-03-01 13:52:08 [!!]     raise exc.with_traceback(tb)
2026-03-01 13:52:08 [!!]   File "/opt/nightcity/venv/lib/python3.12/site-packages/evennia/commands/cmdsethandler.py", line 181, in import_cmdset
2026-03-01 13:52:08 [!!]     module = import_module(modpath, package="evennia")
2026-03-01 13:52:08 [!!]              ^^^^^^^^^^^^^^^^^^^^^^^^^^^^^^^^^^^^^^^^^
2026-03-01 13:52:08 [!!]   File "/usr/lib/python3.12/importlib/__init__.py", line 90, in import_module
2026-03-01 13:52:08 [!!]     return _bootstrap._gcd_import(name[level:], package, level)
2026-03-01 13:52:08 [!!]            ^^^^^^^^^^^^^^^^^^^^^^^^^^^^^^^^^^^^^^^^^^^^^^^^^^^^
2026-03-01 13:52:08 [!!]   File "<frozen importlib._bootstrap>", line 1387, in _gcd_import
2026-03-01 13:52:08 [!!]   File "<frozen importlib._bootstrap>", line 1360, in _find_and_load
2026-03-01 13:52:08 [!!]   File "<frozen importlib._bootstrap>", line 1331, in _find_and_load_unlocked
2026-03-01 13:52:08 [!!]   File "<frozen importlib._bootstrap>", line 935, in _load_unlocked
2026-03-01 13:52:08 [!!]   File "<frozen importlib._bootstrap_external>", line 995, in exec_module
2026-03-01 13:52:08 [!!]   File "<frozen importlib._bootstrap>", line 488, in _call_with_frames_removed
2026-03-01 13:52:08 [!!]   File "/opt/nightcity/game/commands/default_cmdsets.py", line 43, in <module>
2026-03-01 13:52:08 [!!]     from .CmdWeather import CmdWeather
2026-03-01 13:52:08 [!!]   File "/opt/nightcity/game/commands/CmdWeather.py", line 1, in <module>
2026-03-01 13:52:08 [!!]     import requests
2026-03-01 13:52:08 [!!] ModuleNotFoundError: No module named 'requests'
2026-03-01 13:52:08 [EE] Traceback (most recent call last):
2026-03-01 13:52:08 [EE]   File "/opt/nightcity/venv/lib/python3.12/site-packages/evennia/commands/cmdsethandler.py", line 186, in import_cmdset
2026-03-01 13:52:08 [EE]     raise exc.with_traceback(tb)
2026-03-01 13:52:08 [EE]   File "/opt/nightcity/venv/lib/python3.12/site-packages/evennia/commands/cmdsethandler.py", line 181, in import_cmdset
2026-03-01 13:52:08 [EE]     module = import_module(modpath, package="evennia")
2026-03-01 13:52:08 [EE]              ^^^^^^^^^^^^^^^^^^^^^^^^^^^^^^^^^^^^^^^^^
2026-03-01 13:52:08 [EE]   File "/usr/lib/python3.12/importlib/__init__.py", line 90, in import_module
2026-03-01 13:52:08 [EE]     return _bootstrap._gcd_import(name[level:], package, level)
2026-03-01 13:52:08 [EE]            ^^^^^^^^^^^^^^^^^^^^^^^^^^^^^^^^^^^^^^^^^^^^^^^^^^^^
2026-03-01 13:52:08 [EE]   File "<frozen importlib._bootstrap>", line 1387, in _gcd_import
2026-03-01 13:52:08 [EE]   File "<frozen importlib._bootstrap>", line 1360, in _find_and_load
2026-03-01 13:52:08 [EE]   File "<frozen importlib._bootstrap>", line 1331, in _find_and_load_unlocked
2026-03-01 13:52:08 [EE]   File "<frozen importlib._bootstrap>", line 935, in _load_unlocked
2026-03-01 13:52:08 [EE]   File "<frozen importlib._bootstrap_external>", line 995, in exec_module
2026-03-01 13:52:08 [EE]   File "<frozen importlib._bootstrap>", line 488, in _call_with_frames_removed
2026-03-01 13:52:08 [EE]   File "/opt/nightcity/game/commands/default_cmdsets.py", line 43, in <module>
2026-03-01 13:52:08 [EE]     from .CmdWeather import CmdWeather
2026-03-01 13:52:08 [EE]   File "/opt/nightcity/game/commands/CmdWeather.py", line 1, in <module>
2026-03-01 13:52:08 [EE]     import requests
2026-03-01 13:52:08 [EE] ModuleNotFoundError: No module named 'requests'
None2026-03-01 13:52:08 [EE] Error loading cmdset 'commands.default_cmdsets.UnloggedinCmdSet'
2026-03-01 13:52:08 [EE] (Traceback was logged 26-03-01 13:52:08)
None2026-03-01 13:52:08 [EE] Error encountered for cmdset at path 'commands.default_cmdsets.UnloggedinCmdSet'.
2026-03-01 13:52:08 [EE] Replacing with fallback 'evennia.commands.default.cmdset_unloggedin.UnloggedinCmdSet'.
2026-03-01 14:35:47 [!!] Traceback (most recent call last):
2026-03-01 14:35:47 [!!]   File "/opt/nightcity/venv/lib/python3.12/site-packages/evennia/commands/cmdsethandler.py", line 186, in import_cmdset
2026-03-01 14:35:47 [!!]     raise exc.with_traceback(tb)
2026-03-01 14:35:47 [!!]   File "/opt/nightcity/venv/lib/python3.12/site-packages/evennia/commands/cmdsethandler.py", line 181, in import_cmdset
2026-03-01 14:35:47 [!!]     module = import_module(modpath, package="evennia")
2026-03-01 14:35:47 [!!]              ^^^^^^^^^^^^^^^^^^^^^^^^^^^^^^^^^^^^^^^^^
2026-03-01 14:35:47 [!!]   File "/usr/lib/python3.12/importlib/__init__.py", line 90, in import_module
2026-03-01 14:35:47 [!!]     return _bootstrap._gcd_import(name[level:], package, level)
2026-03-01 14:35:47 [!!]            ^^^^^^^^^^^^^^^^^^^^^^^^^^^^^^^^^^^^^^^^^^^^^^^^^^^^
2026-03-01 14:35:47 [!!]   File "<frozen importlib._bootstrap>", line 1387, in _gcd_import
2026-03-01 14:35:47 [!!]   File "<frozen importlib._bootstrap>", line 1360, in _find_and_load
2026-03-01 14:35:47 [!!]   File "<frozen importlib._bootstrap>", line 1331, in _find_and_load_unlocked
2026-03-01 14:35:47 [!!]   File "<frozen importlib._bootstrap>", line 935, in _load_unlocked
2026-03-01 14:35:47 [!!]   File "<frozen importlib._bootstrap_external>", line 995, in exec_module
2026-03-01 14:35:47 [!!]   File "<frozen importlib._bootstrap>", line 488, in _call_with_frames_removed
2026-03-01 14:35:47 [!!]   File "/opt/nightcity/game/commands/default_cmdsets.py", line 43, in <module>
2026-03-01 14:35:47 [!!]     from .CmdWeather import CmdWeather
2026-03-01 14:35:47 [!!]   File "/opt/nightcity/game/commands/CmdWeather.py", line 1, in <module>
2026-03-01 14:35:47 [!!]     import requests
2026-03-01 14:35:47 [!!] ModuleNotFoundError: No module named 'requests'
2026-03-01 14:35:47 [EE] Traceback (most recent call last):
2026-03-01 14:35:47 [EE]   File "/opt/nightcity/venv/lib/python3.12/site-packages/evennia/commands/cmdsethandler.py", line 186, in import_cmdset
2026-03-01 14:35:47 [EE]     raise exc.with_traceback(tb)
2026-03-01 14:35:47 [EE]   File "/opt/nightcity/venv/lib/python3.12/site-packages/evennia/commands/cmdsethandler.py", line 181, in import_cmdset
2026-03-01 14:35:47 [EE]     module = import_module(modpath, package="evennia")
2026-03-01 14:35:47 [EE]              ^^^^^^^^^^^^^^^^^^^^^^^^^^^^^^^^^^^^^^^^^
2026-03-01 14:35:47 [EE]   File "/usr/lib/python3.12/importlib/__init__.py", line 90, in import_module
2026-03-01 14:35:47 [EE]     return _bootstrap._gcd_import(name[level:], package, level)
2026-03-01 14:35:47 [EE]            ^^^^^^^^^^^^^^^^^^^^^^^^^^^^^^^^^^^^^^^^^^^^^^^^^^^^
2026-03-01 14:35:47 [EE]   File "<frozen importlib._bootstrap>", line 1387, in _gcd_import
2026-03-01 14:35:47 [EE]   File "<frozen importlib._bootstrap>", line 1360, in _find_and_load
2026-03-01 14:35:47 [EE]   File "<frozen importlib._bootstrap>", line 1331, in _find_and_load_unlocked
2026-03-01 14:35:47 [EE]   File "<frozen importlib._bootstrap>", line 935, in _load_unlocked
2026-03-01 14:35:47 [EE]   File "<frozen importlib._bootstrap_external>", line 995, in exec_module
2026-03-01 14:35:47 [EE]   File "<frozen importlib._bootstrap>", line 488, in _call_with_frames_removed
2026-03-01 14:35:47 [EE]   File "/opt/nightcity/game/commands/default_cmdsets.py", line 43, in <module>
2026-03-01 14:35:47 [EE]     from .CmdWeather import CmdWeather
2026-03-01 14:35:47 [EE]   File "/opt/nightcity/game/commands/CmdWeather.py", line 1, in <module>
2026-03-01 14:35:47 [EE]     import requests
2026-03-01 14:35:47 [EE] ModuleNotFoundError: No module named 'requests'
None2026-03-01 14:35:47 [EE] Error loading cmdset 'commands.default_cmdsets.UnloggedinCmdSet'
2026-03-01 14:35:47 [EE] (Traceback was logged 26-03-01 14:35:47)
None2026-03-01 14:35:47 [EE] Error encountered for cmdset at path 'commands.default_cmdsets.UnloggedinCmdSet'.
2026-03-01 14:35:47 [EE] Replacing with fallback 'evennia.commands.default.cmdset_unloggedin.UnloggedinCmdSet'.
2026-03-01 14:35:47 [!!] Traceback (most recent call last):
2026-03-01 14:35:47 [!!]   File "/opt/nightcity/venv/lib/python3.12/site-packages/evennia/commands/cmdsethandler.py", line 186, in import_cmdset
2026-03-01 14:35:47 [!!]     raise exc.with_traceback(tb)
2026-03-01 14:35:47 [!!]   File "/opt/nightcity/venv/lib/python3.12/site-packages/evennia/commands/cmdsethandler.py", line 181, in import_cmdset
2026-03-01 14:35:47 [!!]     module = import_module(modpath, package="evennia")
2026-03-01 14:35:47 [!!]              ^^^^^^^^^^^^^^^^^^^^^^^^^^^^^^^^^^^^^^^^^
2026-03-01 14:35:47 [!!]   File "/usr/lib/python3.12/importlib/__init__.py", line 90, in import_module
2026-03-01 14:35:47 [!!]     return _bootstrap._gcd_import(name[level:], package, level)
2026-03-01 14:35:47 [!!]            ^^^^^^^^^^^^^^^^^^^^^^^^^^^^^^^^^^^^^^^^^^^^^^^^^^^^
2026-03-01 14:35:47 [!!]   File "<frozen importlib._bootstrap>", line 1387, in _gcd_import
2026-03-01 14:35:47 [!!]   File "<frozen importlib._bootstrap>", line 1360, in _find_and_load
2026-03-01 14:35:47 [!!]   File "<frozen importlib._bootstrap>", line 1331, in _find_and_load_unlocked
2026-03-01 14:35:47 [!!]   File "<frozen importlib._bootstrap>", line 935, in _load_unlocked
2026-03-01 14:35:47 [!!]   File "<frozen importlib._bootstrap_external>", line 995, in exec_module
2026-03-01 14:35:47 [!!]   File "<frozen importlib._bootstrap>", line 488, in _call_with_frames_removed
2026-03-01 14:35:47 [!!]   File "/opt/nightcity/game/commands/default_cmdsets.py", line 43, in <module>
2026-03-01 14:35:47 [!!]     from .CmdWeather import CmdWeather
2026-03-01 14:35:47 [!!]   File "/opt/nightcity/game/commands/CmdWeather.py", line 1, in <module>
2026-03-01 14:35:47 [!!]     import requests
2026-03-01 14:35:47 [!!] ModuleNotFoundError: No module named 'requests'
2026-03-01 14:35:47 [EE] Traceback (most recent call last):
2026-03-01 14:35:47 [EE]   File "/opt/nightcity/venv/lib/python3.12/site-packages/evennia/commands/cmdsethandler.py", line 186, in import_cmdset
2026-03-01 14:35:47 [EE]     raise exc.with_traceback(tb)
2026-03-01 14:35:47 [EE]   File "/opt/nightcity/venv/lib/python3.12/site-packages/evennia/commands/cmdsethandler.py", line 181, in import_cmdset
2026-03-01 14:35:47 [EE]     module = import_module(modpath, package="evennia")
2026-03-01 14:35:47 [EE]              ^^^^^^^^^^^^^^^^^^^^^^^^^^^^^^^^^^^^^^^^^
2026-03-01 14:35:47 [EE]   File "/usr/lib/python3.12/importlib/__init__.py", line 90, in import_module
2026-03-01 14:35:47 [EE]     return _bootstrap._gcd_import(name[level:], package, level)
2026-03-01 14:35:47 [EE]            ^^^^^^^^^^^^^^^^^^^^^^^^^^^^^^^^^^^^^^^^^^^^^^^^^^^^
2026-03-01 14:35:47 [EE]   File "<frozen importlib._bootstrap>", line 1387, in _gcd_import
2026-03-01 14:35:47 [EE]   File "<frozen importlib._bootstrap>", line 1360, in _find_and_load
2026-03-01 14:35:47 [EE]   File "<frozen importlib._bootstrap>", line 1331, in _find_and_load_unlocked
2026-03-01 14:35:47 [EE]   File "<frozen importlib._bootstrap>", line 935, in _load_unlocked
2026-03-01 14:35:47 [EE]   File "<frozen importlib._bootstrap_external>", line 995, in exec_module
2026-03-01 14:35:47 [EE]   File "<frozen importlib._bootstrap>", line 488, in _call_with_frames_removed
2026-03-01 14:35:47 [EE]   File "/opt/nightcity/game/commands/default_cmdsets.py", line 43, in <module>
2026-03-01 14:35:47 [EE]     from .CmdWeather import CmdWeather
2026-03-01 14:35:47 [EE]   File "/opt/nightcity/game/commands/CmdWeather.py", line 1, in <module>
2026-03-01 14:35:47 [EE]     import requests
2026-03-01 14:35:47 [EE] ModuleNotFoundError: No module named 'requests'
None2026-03-01 14:35:47 [EE] Error loading cmdset 'commands.default_cmdsets.UnloggedinCmdSet'
2026-03-01 14:35:47 [EE] (Traceback was logged 26-03-01 14:35:47)
None2026-03-01 14:35:47 [EE] Error encountered for cmdset at path 'commands.default_cmdsets.UnloggedinCmdSet'.
2026-03-01 14:35:47 [EE] Replacing with fallback 'evennia.commands.default.cmdset_unloggedin.UnloggedinCmdSet'.
2026-03-01 14:36:06 [!!] Traceback (most recent call last):
2026-03-01 14:36:06 [!!]   File "/opt/nightcity/venv/lib/python3.12/site-packages/evennia/commands/cmdsethandler.py", line 186, in import_cmdset
2026-03-01 14:36:06 [!!]     raise exc.with_traceback(tb)
2026-03-01 14:36:06 [!!]   File "/opt/nightcity/venv/lib/python3.12/site-packages/evennia/commands/cmdsethandler.py", line 181, in import_cmdset
2026-03-01 14:36:06 [!!]     module = import_module(modpath, package="evennia")
2026-03-01 14:36:06 [!!]              ^^^^^^^^^^^^^^^^^^^^^^^^^^^^^^^^^^^^^^^^^
2026-03-01 14:36:06 [!!]   File "/usr/lib/python3.12/importlib/__init__.py", line 90, in import_module
2026-03-01 14:36:06 [!!]     return _bootstrap._gcd_import(name[level:], package, level)
2026-03-01 14:36:06 [!!]            ^^^^^^^^^^^^^^^^^^^^^^^^^^^^^^^^^^^^^^^^^^^^^^^^^^^^
2026-03-01 14:36:06 [!!]   File "<frozen importlib._bootstrap>", line 1387, in _gcd_import
2026-03-01 14:36:06 [!!]   File "<frozen importlib._bootstrap>", line 1360, in _find_and_load
2026-03-01 14:36:06 [!!]   File "<frozen importlib._bootstrap>", line 1331, in _find_and_load_unlocked
2026-03-01 14:36:06 [!!]   File "<frozen importlib._bootstrap>", line 935, in _load_unlocked
2026-03-01 14:36:06 [!!]   File "<frozen importlib._bootstrap_external>", line 995, in exec_module
2026-03-01 14:36:06 [!!]   File "<frozen importlib._bootstrap>", line 488, in _call_with_frames_removed
2026-03-01 14:36:06 [!!]   File "/opt/nightcity/game/commands/default_cmdsets.py", line 43, in <module>
2026-03-01 14:36:06 [!!]     from .CmdWeather import CmdWeather
2026-03-01 14:36:06 [!!]   File "/opt/nightcity/game/commands/CmdWeather.py", line 1, in <module>
2026-03-01 14:36:06 [!!]     import requests
2026-03-01 14:36:06 [!!] ModuleNotFoundError: No module named 'requests'
2026-03-01 14:36:06 [EE] Traceback (most recent call last):
2026-03-01 14:36:06 [EE]   File "/opt/nightcity/venv/lib/python3.12/site-packages/evennia/commands/cmdsethandler.py", line 186, in import_cmdset
2026-03-01 14:36:06 [EE]     raise exc.with_traceback(tb)
2026-03-01 14:36:06 [EE]   File "/opt/nightcity/venv/lib/python3.12/site-packages/evennia/commands/cmdsethandler.py", line 181, in import_cmdset
2026-03-01 14:36:06 [EE]     module = import_module(modpath, package="evennia")
2026-03-01 14:36:06 [EE]              ^^^^^^^^^^^^^^^^^^^^^^^^^^^^^^^^^^^^^^^^^
2026-03-01 14:36:06 [EE]   File "/usr/lib/python3.12/importlib/__init__.py", line 90, in import_module
2026-03-01 14:36:06 [EE]     return _bootstrap._gcd_import(name[level:], package, level)
2026-03-01 14:36:06 [EE]            ^^^^^^^^^^^^^^^^^^^^^^^^^^^^^^^^^^^^^^^^^^^^^^^^^^^^
2026-03-01 14:36:06 [EE]   File "<frozen importlib._bootstrap>", line 1387, in _gcd_import
2026-03-01 14:36:06 [EE]   File "<frozen importlib._bootstrap>", line 1360, in _find_and_load
2026-03-01 14:36:06 [EE]   File "<frozen importlib._bootstrap>", line 1331, in _find_and_load_unlocked
2026-03-01 14:36:06 [EE]   File "<frozen importlib._bootstrap>", line 935, in _load_unlocked
2026-03-01 14:36:06 [EE]   File "<frozen importlib._bootstrap_external>", line 995, in exec_module
2026-03-01 14:36:06 [EE]   File "<frozen importlib._bootstrap>", line 488, in _call_with_frames_removed
2026-03-01 14:36:06 [EE]   File "/opt/nightcity/game/commands/default_cmdsets.py", line 43, in <module>
2026-03-01 14:36:06 [EE]     from .CmdWeather import CmdWeather
2026-03-01 14:36:06 [EE]   File "/opt/nightcity/game/commands/CmdWeather.py", line 1, in <module>
2026-03-01 14:36:06 [EE]     import requests
2026-03-01 14:36:06 [EE] ModuleNotFoundError: No module named 'requests'
None2026-03-01 14:36:06 [EE] Error loading cmdset 'commands.default_cmdsets.UnloggedinCmdSet'
2026-03-01 14:36:06 [EE] (Traceback was logged 26-03-01 14:36:06)
None2026-03-01 14:36:06 [EE] Error encountered for cmdset at path 'commands.default_cmdsets.UnloggedinCmdSet'.
2026-03-01 14:36:06 [EE] Replacing with fallback 'evennia.commands.default.cmdset_unloggedin.UnloggedinCmdSet'.
2026-03-01 14:36:07 [!!] Traceback (most recent call last):
2026-03-01 14:36:07 [!!]   File "/opt/nightcity/venv/lib/python3.12/site-packages/evennia/commands/cmdsethandler.py", line 186, in import_cmdset
2026-03-01 14:36:07 [!!]     raise exc.with_traceback(tb)
2026-03-01 14:36:07 [!!]   File "/opt/nightcity/venv/lib/python3.12/site-packages/evennia/commands/cmdsethandler.py", line 181, in import_cmdset
2026-03-01 14:36:07 [!!]     module = import_module(modpath, package="evennia")
2026-03-01 14:36:07 [!!]              ^^^^^^^^^^^^^^^^^^^^^^^^^^^^^^^^^^^^^^^^^
2026-03-01 14:36:07 [!!]   File "/usr/lib/python3.12/importlib/__init__.py", line 90, in import_module
2026-03-01 14:36:07 [!!]     return _bootstrap._gcd_import(name[level:], package, level)
2026-03-01 14:36:07 [!!]            ^^^^^^^^^^^^^^^^^^^^^^^^^^^^^^^^^^^^^^^^^^^^^^^^^^^^
2026-03-01 14:36:07 [!!]   File "<frozen importlib._bootstrap>", line 1387, in _gcd_import
2026-03-01 14:36:07 [!!]   File "<frozen importlib._bootstrap>", line 1360, in _find_and_load
2026-03-01 14:36:07 [!!]   File "<frozen importlib._bootstrap>", line 1331, in _find_and_load_unlocked
2026-03-01 14:36:07 [!!]   File "<frozen importlib._bootstrap>", line 935, in _load_unlocked
2026-03-01 14:36:07 [!!]   File "<frozen importlib._bootstrap_external>", line 995, in exec_module
2026-03-01 14:36:07 [!!]   File "<frozen importlib._bootstrap>", line 488, in _call_with_frames_removed
2026-03-01 14:36:07 [!!]   File "/opt/nightcity/game/commands/default_cmdsets.py", line 43, in <module>
2026-03-01 14:36:07 [!!]     from .CmdWeather import CmdWeather
2026-03-01 14:36:07 [!!]   File "/opt/nightcity/game/commands/CmdWeather.py", line 1, in <module>
2026-03-01 14:36:07 [!!]     import requests
2026-03-01 14:36:07 [!!] ModuleNotFoundError: No module named 'requests'
2026-03-01 14:36:07 [EE] Traceback (most recent call last):
2026-03-01 14:36:07 [EE]   File "/opt/nightcity/venv/lib/python3.12/site-packages/evennia/commands/cmdsethandler.py", line 186, in import_cmdset
2026-03-01 14:36:07 [EE]     raise exc.with_traceback(tb)
2026-03-01 14:36:07 [EE]   File "/opt/nightcity/venv/lib/python3.12/site-packages/evennia/commands/cmdsethandler.py", line 181, in import_cmdset
2026-03-01 14:36:07 [EE]     module = import_module(modpath, package="evennia")
2026-03-01 14:36:07 [EE]              ^^^^^^^^^^^^^^^^^^^^^^^^^^^^^^^^^^^^^^^^^
2026-03-01 14:36:07 [EE]   File "/usr/lib/python3.12/importlib/__init__.py", line 90, in import_module
2026-03-01 14:36:07 [EE]     return _bootstrap._gcd_import(name[level:], package, level)
2026-03-01 14:36:07 [EE]            ^^^^^^^^^^^^^^^^^^^^^^^^^^^^^^^^^^^^^^^^^^^^^^^^^^^^
2026-03-01 14:36:07 [EE]   File "<frozen importlib._bootstrap>", line 1387, in _gcd_import
2026-03-01 14:36:07 [EE]   File "<frozen importlib._bootstrap>", line 1360, in _find_and_load
2026-03-01 14:36:07 [EE]   File "<frozen importlib._bootstrap>", line 1331, in _find_and_load_unlocked
2026-03-01 14:36:07 [EE]   File "<frozen importlib._bootstrap>", line 935, in _load_unlocked
2026-03-01 14:36:07 [EE]   File "<frozen importlib._bootstrap_external>", line 995, in exec_module
2026-03-01 14:36:07 [EE]   File "<frozen importlib._bootstrap>", line 488, in _call_with_frames_removed
2026-03-01 14:36:07 [EE]   File "/opt/nightcity/game/commands/default_cmdsets.py", line 43, in <module>
2026-03-01 14:36:07 [EE]     from .CmdWeather import CmdWeather
2026-03-01 14:36:07 [EE]   File "/opt/nightcity/game/commands/CmdWeather.py", line 1, in <module>
2026-03-01 14:36:07 [EE]     import requests
2026-03-01 14:36:07 [EE] ModuleNotFoundError: No module named 'requests'
None2026-03-01 14:36:07 [EE] Error loading cmdset 'commands.default_cmdsets.UnloggedinCmdSet'
2026-03-01 14:36:07 [EE] (Traceback was logged 26-03-01 14:36:07)
None2026-03-01 14:36:07 [EE] Error encountered for cmdset at path 'commands.default_cmdsets.UnloggedinCmdSet'.
2026-03-01 14:36:07 [EE] Replacing with fallback 'evennia.commands.default.cmdset_unloggedin.UnloggedinCmdSet'.
2026-03-01 17:25:58 [!!] Traceback (most recent call last):
2026-03-01 17:25:58 [!!]   File "/opt/nightcity/venv/lib/python3.12/site-packages/evennia/commands/cmdsethandler.py", line 186, in import_cmdset
2026-03-01 17:25:58 [!!]     raise exc.with_traceback(tb)
2026-03-01 17:25:58 [!!]   File "/opt/nightcity/venv/lib/python3.12/site-packages/evennia/commands/cmdsethandler.py", line 181, in import_cmdset
2026-03-01 17:25:58 [!!]     module = import_module(modpath, package="evennia")
2026-03-01 17:25:58 [!!]              ^^^^^^^^^^^^^^^^^^^^^^^^^^^^^^^^^^^^^^^^^
2026-03-01 17:25:58 [!!]   File "/usr/lib/python3.12/importlib/__init__.py", line 90, in import_module
2026-03-01 17:25:58 [!!]     return _bootstrap._gcd_import(name[level:], package, level)
2026-03-01 17:25:58 [!!]            ^^^^^^^^^^^^^^^^^^^^^^^^^^^^^^^^^^^^^^^^^^^^^^^^^^^^
2026-03-01 17:25:58 [!!]   File "<frozen importlib._bootstrap>", line 1387, in _gcd_import
2026-03-01 17:25:58 [!!]   File "<frozen importlib._bootstrap>", line 1360, in _find_and_load
2026-03-01 17:25:58 [!!]   File "<frozen importlib._bootstrap>", line 1331, in _find_and_load_unlocked
2026-03-01 17:25:58 [!!]   File "<frozen importlib._bootstrap>", line 935, in _load_unlocked
2026-03-01 17:25:58 [!!]   File "<frozen importlib._bootstrap_external>", line 995, in exec_module
2026-03-01 17:25:58 [!!]   File "<frozen importlib._bootstrap>", line 488, in _call_with_frames_removed
2026-03-01 17:25:58 [!!]   File "/opt/nightcity/game/commands/default_cmdsets.py", line 43, in <module>
2026-03-01 17:25:58 [!!]     from .CmdWeather import CmdWeather
2026-03-01 17:25:58 [!!]   File "/opt/nightcity/game/commands/CmdWeather.py", line 1, in <module>
2026-03-01 17:25:58 [!!]     import requests
2026-03-01 17:25:58 [!!] ModuleNotFoundError: No module named 'requests'
2026-03-01 17:25:58 [EE] Traceback (most recent call last):
2026-03-01 17:25:58 [EE]   File "/opt/nightcity/venv/lib/python3.12/site-packages/evennia/commands/cmdsethandler.py", line 186, in import_cmdset
2026-03-01 17:25:58 [EE]     raise exc.with_traceback(tb)
2026-03-01 17:25:58 [EE]   File "/opt/nightcity/venv/lib/python3.12/site-packages/evennia/commands/cmdsethandler.py", line 181, in import_cmdset
2026-03-01 17:25:58 [EE]     module = import_module(modpath, package="evennia")
2026-03-01 17:25:58 [EE]              ^^^^^^^^^^^^^^^^^^^^^^^^^^^^^^^^^^^^^^^^^
2026-03-01 17:25:58 [EE]   File "/usr/lib/python3.12/importlib/__init__.py", line 90, in import_module
2026-03-01 17:25:58 [EE]     return _bootstrap._gcd_import(name[level:], package, level)
2026-03-01 17:25:58 [EE]            ^^^^^^^^^^^^^^^^^^^^^^^^^^^^^^^^^^^^^^^^^^^^^^^^^^^^
2026-03-01 17:25:58 [EE]   File "<frozen importlib._bootstrap>", line 1387, in _gcd_import
2026-03-01 17:25:58 [EE]   File "<frozen importlib._bootstrap>", line 1360, in _find_and_load
2026-03-01 17:25:58 [EE]   File "<frozen importlib._bootstrap>", line 1331, in _find_and_load_unlocked
2026-03-01 17:25:58 [EE]   File "<frozen importlib._bootstrap>", line 935, in _load_unlocked
2026-03-01 17:25:58 [EE]   File "<frozen importlib._bootstrap_external>", line 995, in exec_module
2026-03-01 17:25:58 [EE]   File "<frozen importlib._bootstrap>", line 488, in _call_with_frames_removed
2026-03-01 17:25:58 [EE]   File "/opt/nightcity/game/commands/default_cmdsets.py", line 43, in <module>
2026-03-01 17:25:58 [EE]     from .CmdWeather import CmdWeather
2026-03-01 17:25:58 [EE]   File "/opt/nightcity/game/commands/CmdWeather.py", line 1, in <module>
2026-03-01 17:25:58 [EE]     import requests
2026-03-01 17:25:58 [EE] ModuleNotFoundError: No module named 'requests'
None2026-03-01 17:25:58 [EE] Error loading cmdset 'commands.default_cmdsets.UnloggedinCmdSet'
2026-03-01 17:25:58 [EE] (Traceback was logged 26-03-01 17:25:58)
None2026-03-01 17:25:58 [EE] Error encountered for cmdset at path 'commands.default_cmdsets.UnloggedinCmdSet'.
2026-03-01 17:25:58 [EE] Replacing with fallback 'evennia.commands.default.cmdset_unloggedin.UnloggedinCmdSet'.
2026-03-01 17:26:24 [!!] Traceback (most recent call last):
2026-03-01 17:26:24 [!!]   File "/opt/nightcity/venv/lib/python3.12/site-packages/evennia/commands/cmdsethandler.py", line 186, in import_cmdset
2026-03-01 17:26:24 [!!]     raise exc.with_traceback(tb)
2026-03-01 17:26:24 [!!]   File "/opt/nightcity/venv/lib/python3.12/site-packages/evennia/commands/cmdsethandler.py", line 181, in import_cmdset
2026-03-01 17:26:24 [!!]     module = import_module(modpath, package="evennia")
2026-03-01 17:26:24 [!!]              ^^^^^^^^^^^^^^^^^^^^^^^^^^^^^^^^^^^^^^^^^
2026-03-01 17:26:24 [!!]   File "/usr/lib/python3.12/importlib/__init__.py", line 90, in import_module
2026-03-01 17:26:24 [!!]     return _bootstrap._gcd_import(name[level:], package, level)
2026-03-01 17:26:24 [!!]            ^^^^^^^^^^^^^^^^^^^^^^^^^^^^^^^^^^^^^^^^^^^^^^^^^^^^
2026-03-01 17:26:24 [!!]   File "<frozen importlib._bootstrap>", line 1387, in _gcd_import
2026-03-01 17:26:24 [!!]   File "<frozen importlib._bootstrap>", line 1360, in _find_and_load
2026-03-01 17:26:24 [!!]   File "<frozen importlib._bootstrap>", line 1331, in _find_and_load_unlocked
2026-03-01 17:26:24 [!!]   File "<frozen importlib._bootstrap>", line 935, in _load_unlocked
2026-03-01 17:26:24 [!!]   File "<frozen importlib._bootstrap_external>", line 995, in exec_module
2026-03-01 17:26:24 [!!]   File "<frozen importlib._bootstrap>", line 488, in _call_with_frames_removed
2026-03-01 17:26:24 [!!]   File "/opt/nightcity/game/commands/default_cmdsets.py", line 43, in <module>
2026-03-01 17:26:24 [!!]     from .CmdWeather import CmdWeather
2026-03-01 17:26:24 [!!]   File "/opt/nightcity/game/commands/CmdWeather.py", line 1, in <module>
2026-03-01 17:26:24 [!!]     import requests
2026-03-01 17:26:24 [!!] ModuleNotFoundError: No module named 'requests'
2026-03-01 17:26:24 [EE] Traceback (most recent call last):
2026-03-01 17:26:24 [EE]   File "/opt/nightcity/venv/lib/python3.12/site-packages/evennia/commands/cmdsethandler.py", line 186, in import_cmdset
2026-03-01 17:26:24 [EE]     raise exc.with_traceback(tb)
2026-03-01 17:26:24 [EE]   File "/opt/nightcity/venv/lib/python3.12/site-packages/evennia/commands/cmdsethandler.py", line 181, in import_cmdset
2026-03-01 17:26:24 [EE]     module = import_module(modpath, package="evennia")
2026-03-01 17:26:24 [EE]              ^^^^^^^^^^^^^^^^^^^^^^^^^^^^^^^^^^^^^^^^^
2026-03-01 17:26:24 [EE]   File "/usr/lib/python3.12/importlib/__init__.py", line 90, in import_module
2026-03-01 17:26:24 [EE]     return _bootstrap._gcd_import(name[level:], package, level)
2026-03-01 17:26:24 [EE]            ^^^^^^^^^^^^^^^^^^^^^^^^^^^^^^^^^^^^^^^^^^^^^^^^^^^^
2026-03-01 17:26:24 [EE]   File "<frozen importlib._bootstrap>", line 1387, in _gcd_import
2026-03-01 17:26:24 [EE]   File "<frozen importlib._bootstrap>", line 1360, in _find_and_load
2026-03-01 17:26:24 [EE]   File "<frozen importlib._bootstrap>", line 1331, in _find_and_load_unlocked
2026-03-01 17:26:24 [EE]   File "<frozen importlib._bootstrap>", line 935, in _load_unlocked
2026-03-01 17:26:24 [EE]   File "<frozen importlib._bootstrap_external>", line 995, in exec_module
2026-03-01 17:26:24 [EE]   File "<frozen importlib._bootstrap>", line 488, in _call_with_frames_removed
2026-03-01 17:26:24 [EE]   File "/opt/nightcity/game/commands/default_cmdsets.py", line 43, in <module>
2026-03-01 17:26:24 [EE]     from .CmdWeather import CmdWeather
2026-03-01 17:26:24 [EE]   File "/opt/nightcity/game/commands/CmdWeather.py", line 1, in <module>
2026-03-01 17:26:24 [EE]     import requests
2026-03-01 17:26:24 [EE] ModuleNotFoundError: No module named 'requests'
None2026-03-01 17:26:24 [EE] Error loading cmdset 'commands.default_cmdsets.UnloggedinCmdSet'
2026-03-01 17:26:24 [EE] (Traceback was logged 26-03-01 17:26:24)
None2026-03-01 17:26:24 [EE] Error encountered for cmdset at path 'commands.default_cmdsets.UnloggedinCmdSet'.
2026-03-01 17:26:24 [EE] Replacing with fallback 'evennia.commands.default.cmdset_unloggedin.UnloggedinCmdSet'.
2026-03-01 17:27:33 [SS] Authentication Success: Mnemosyne(account 2) (IP: 23.240.246.195).
2026-03-01 17:27:33 [!!] Traceback (most recent call last):
2026-03-01 17:27:33 [!!]   File "/opt/nightcity/venv/lib/python3.12/site-packages/evennia/commands/cmdsethandler.py", line 186, in import_cmdset
2026-03-01 17:27:33 [!!]     raise exc.with_traceback(tb)
2026-03-01 17:27:33 [!!]   File "/opt/nightcity/venv/lib/python3.12/site-packages/evennia/commands/cmdsethandler.py", line 181, in import_cmdset
2026-03-01 17:27:33 [!!]     module = import_module(modpath, package="evennia")
2026-03-01 17:27:33 [!!]              ^^^^^^^^^^^^^^^^^^^^^^^^^^^^^^^^^^^^^^^^^
2026-03-01 17:27:33 [!!]   File "/usr/lib/python3.12/importlib/__init__.py", line 90, in import_module
2026-03-01 17:27:33 [!!]     return _bootstrap._gcd_import(name[level:], package, level)
2026-03-01 17:27:33 [!!]            ^^^^^^^^^^^^^^^^^^^^^^^^^^^^^^^^^^^^^^^^^^^^^^^^^^^^
2026-03-01 17:27:33 [!!]   File "<frozen importlib._bootstrap>", line 1387, in _gcd_import
2026-03-01 17:27:33 [!!]   File "<frozen importlib._bootstrap>", line 1360, in _find_and_load
2026-03-01 17:27:33 [!!]   File "<frozen importlib._bootstrap>", line 1331, in _find_and_load_unlocked
2026-03-01 17:27:33 [!!]   File "<frozen importlib._bootstrap>", line 935, in _load_unlocked
2026-03-01 17:27:33 [!!]   File "<frozen importlib._bootstrap_external>", line 995, in exec_module
2026-03-01 17:27:33 [!!]   File "<frozen importlib._bootstrap>", line 488, in _call_with_frames_removed
2026-03-01 17:27:33 [!!]   File "/opt/nightcity/game/commands/default_cmdsets.py", line 43, in <module>
2026-03-01 17:27:33 [!!]     from .CmdWeather import CmdWeather
2026-03-01 17:27:33 [!!]   File "/opt/nightcity/game/commands/CmdWeather.py", line 1, in <module>
2026-03-01 17:27:33 [!!]     import requests
2026-03-01 17:27:33 [!!] ModuleNotFoundError: No module named 'requests'
2026-03-01 17:27:33 [EE] Traceback (most recent call last):
2026-03-01 17:27:33 [EE]   File "/opt/nightcity/venv/lib/python3.12/site-packages/evennia/commands/cmdsethandler.py", line 186, in import_cmdset
2026-03-01 17:27:33 [EE]     raise exc.with_traceback(tb)
2026-03-01 17:27:33 [EE]   File "/opt/nightcity/venv/lib/python3.12/site-packages/evennia/commands/cmdsethandler.py", line 181, in import_cmdset
2026-03-01 17:27:33 [EE]     module = import_module(modpath, package="evennia")
2026-03-01 17:27:33 [EE]              ^^^^^^^^^^^^^^^^^^^^^^^^^^^^^^^^^^^^^^^^^
2026-03-01 17:27:33 [EE]   File "/usr/lib/python3.12/importlib/__init__.py", line 90, in import_module
2026-03-01 17:27:33 [EE]     return _bootstrap._gcd_import(name[level:], package, level)
2026-03-01 17:27:33 [EE]            ^^^^^^^^^^^^^^^^^^^^^^^^^^^^^^^^^^^^^^^^^^^^^^^^^^^^
2026-03-01 17:27:33 [EE]   File "<frozen importlib._bootstrap>", line 1387, in _gcd_import
2026-03-01 17:27:33 [EE]   File "<frozen importlib._bootstrap>", line 1360, in _find_and_load
2026-03-01 17:27:33 [EE]   File "<frozen importlib._bootstrap>", line 1331, in _find_and_load_unlocked
2026-03-01 17:27:33 [EE]   File "<frozen importlib._bootstrap>", line 935, in _load_unlocked
2026-03-01 17:27:33 [EE]   File "<frozen importlib._bootstrap_external>", line 995, in exec_module
2026-03-01 17:27:33 [EE]   File "<frozen importlib._bootstrap>", line 488, in _call_with_frames_removed
2026-03-01 17:27:33 [EE]   File "/opt/nightcity/game/commands/default_cmdsets.py", line 43, in <module>
2026-03-01 17:27:33 [EE]     from .CmdWeather import CmdWeather
2026-03-01 17:27:33 [EE]   File "/opt/nightcity/game/commands/CmdWeather.py", line 1, in <module>
2026-03-01 17:27:33 [EE]     import requests
2026-03-01 17:27:33 [EE] ModuleNotFoundError: No module named 'requests'
None2026-03-01 17:27:33 [EE] Error loading cmdset 'commands.default_cmdsets.SessionCmdSet'
2026-03-01 17:27:33 [EE] (Traceback was logged 26-03-01 17:27:33)
None2026-03-01 17:27:33 [EE] Error encountered for cmdset at path 'commands.default_cmdsets.SessionCmdSet'.
2026-03-01 17:27:33 [EE] Replacing with fallback 'evennia.commands.default.cmdset_session.SessionCmdSet'.
2026-03-01 17:27:33 [!!] Traceback (most recent call last):
2026-03-01 17:27:33 [!!]   File "/opt/nightcity/venv/lib/python3.12/site-packages/evennia/commands/cmdhandler.py", line 629, in _run_command
2026-03-01 17:27:33 [!!]     ret = cmd.func()
2026-03-01 17:27:33 [!!]           ^^^^^^^^^^
2026-03-01 17:27:33 [!!]   File "/opt/nightcity/venv/lib/python3.12/site-packages/evennia/commands/default/unloggedin.py", line 153, in func
2026-03-01 17:27:33 [!!]     session.sessionhandler.login(session, account)
2026-03-01 17:27:33 [!!]   File "/opt/nightcity/venv/lib/python3.12/site-packages/evennia/server/sessionhandler.py", line 534, in login
2026-03-01 17:27:33 [!!]     account.at_pre_login()
2026-03-01 17:27:33 [!!]     ^^^^^^^^^^^^^^^^^^^^
2026-03-01 17:27:33 [!!] AttributeError: 'AccountDB' object has no attribute 'at_pre_login'
2026-03-01 17:27:33 [EE] User input was: 'connect Mnemosyne **************
2026-03-01 17:27:33 [EE] '.
2026-03-01 17:28:14 [!!] Traceback (most recent call last):
2026-03-01 17:28:14 [!!]   File "/opt/nightcity/venv/lib/python3.12/site-packages/evennia/server/sessionhandler.py", line 875, in call_inputfuncs
2026-03-01 17:28:14 [!!]     _INPUT_FUNCS[cname](session, *cmdargs, **cmdkwargs)
2026-03-01 17:28:14 [!!]   File "/opt/nightcity/venv/lib/python3.12/site-packages/evennia/server/inputfuncs.py", line 101, in text
2026-03-01 17:28:14 [!!]     txt = session.account.nicks.nickreplace(
2026-03-01 17:28:14 [!!]           ^^^^^^^^^^^^^^^^^^^^^
2026-03-01 17:28:14 [!!] AttributeError: 'AccountDB' object has no attribute 'nicks'. Did you mean: 'locks'?
2026-03-01 17:31:42 [..] Received SIGTERM, shutting down.
2026-03-01 17:31:42 [..] Server disconnected from the portal.
2026-03-01 17:31:42 [..] Main loop terminated.
2026-03-01 17:31:42 [..] Server Shut Down.
2026-03-01 17:31:54 [..] Loaded.
2026-03-01 17:31:52 [..] Loading /opt/nightcity/venv/lib/python3.12/site-packages/evennia/server/server.py...
2026-03-01 17:31:54 [..] Loaded.
2026-03-01 17:31:54 [..] twistd 24.11.0 (/opt/nightcity/venv/bin/python3 3.12.3) starting up.
2026-03-01 17:31:54 [..] reactor class: twisted.internet.epollreactor.EPollReactor.
2026-03-01 17:31:54 [..] Webserver starting on 4002
2026-03-01 17:31:55 [..] Evennia Server successfully started.
2026-03-01 17:35:21 [!!] Traceback (most recent call last):
2026-03-01 17:35:21 [!!]   File "/opt/nightcity/venv/lib/python3.12/site-packages/evennia/commands/cmdsethandler.py", line 186, in import_cmdset
2026-03-01 17:35:21 [!!]     raise exc.with_traceback(tb)
2026-03-01 17:35:21 [!!]   File "/opt/nightcity/venv/lib/python3.12/site-packages/evennia/commands/cmdsethandler.py", line 181, in import_cmdset
2026-03-01 17:35:21 [!!]     module = import_module(modpath, package="evennia")
2026-03-01 17:35:21 [!!]              ^^^^^^^^^^^^^^^^^^^^^^^^^^^^^^^^^^^^^^^^^
2026-03-01 17:35:21 [!!]   File "/usr/lib/python3.12/importlib/__init__.py", line 90, in import_module
2026-03-01 17:35:21 [!!]     return _bootstrap._gcd_import(name[level:], package, level)
2026-03-01 17:35:21 [!!]            ^^^^^^^^^^^^^^^^^^^^^^^^^^^^^^^^^^^^^^^^^^^^^^^^^^^^
2026-03-01 17:35:21 [!!]   File "<frozen importlib._bootstrap>", line 1387, in _gcd_import
2026-03-01 17:35:21 [!!]   File "<frozen importlib._bootstrap>", line 1360, in _find_and_load
2026-03-01 17:35:21 [!!]   File "<frozen importlib._bootstrap>", line 1331, in _find_and_load_unlocked
2026-03-01 17:35:21 [!!]   File "<frozen importlib._bootstrap>", line 935, in _load_unlocked
2026-03-01 17:35:21 [!!]   File "<frozen importlib._bootstrap_external>", line 995, in exec_module
2026-03-01 17:35:21 [!!]   File "<frozen importlib._bootstrap>", line 488, in _call_with_frames_removed
2026-03-01 17:35:21 [!!]   File "/opt/nightcity/game/commands/default_cmdsets.py", line 43, in <module>
2026-03-01 17:35:21 [!!]     from .CmdWeather import CmdWeather
2026-03-01 17:35:21 [!!]   File "/opt/nightcity/game/commands/CmdWeather.py", line 4, in <module>
2026-03-01 17:35:21 [!!]     import ephem
2026-03-01 17:35:21 [!!] ModuleNotFoundError: No module named 'ephem'
2026-03-01 17:35:21 [EE] Traceback (most recent call last):
2026-03-01 17:35:21 [EE]   File "/opt/nightcity/venv/lib/python3.12/site-packages/evennia/commands/cmdsethandler.py", line 186, in import_cmdset
2026-03-01 17:35:21 [EE]     raise exc.with_traceback(tb)
2026-03-01 17:35:21 [EE]   File "/opt/nightcity/venv/lib/python3.12/site-packages/evennia/commands/cmdsethandler.py", line 181, in import_cmdset
2026-03-01 17:35:21 [EE]     module = import_module(modpath, package="evennia")
2026-03-01 17:35:21 [EE]              ^^^^^^^^^^^^^^^^^^^^^^^^^^^^^^^^^^^^^^^^^
2026-03-01 17:35:21 [EE]   File "/usr/lib/python3.12/importlib/__init__.py", line 90, in import_module
2026-03-01 17:35:21 [EE]     return _bootstrap._gcd_import(name[level:], package, level)
2026-03-01 17:35:21 [EE]            ^^^^^^^^^^^^^^^^^^^^^^^^^^^^^^^^^^^^^^^^^^^^^^^^^^^^
2026-03-01 17:35:21 [EE]   File "<frozen importlib._bootstrap>", line 1387, in _gcd_import
2026-03-01 17:35:21 [EE]   File "<frozen importlib._bootstrap>", line 1360, in _find_and_load
2026-03-01 17:35:21 [EE]   File "<frozen importlib._bootstrap>", line 1331, in _find_and_load_unlocked
2026-03-01 17:35:21 [EE]   File "<frozen importlib._bootstrap>", line 935, in _load_unlocked
2026-03-01 17:35:21 [EE]   File "<frozen importlib._bootstrap_external>", line 995, in exec_module
2026-03-01 17:35:21 [EE]   File "<frozen importlib._bootstrap>", line 488, in _call_with_frames_removed
2026-03-01 17:35:21 [EE]   File "/opt/nightcity/game/commands/default_cmdsets.py", line 43, in <module>
2026-03-01 17:35:21 [EE]     from .CmdWeather import CmdWeather
2026-03-01 17:35:21 [EE]   File "/opt/nightcity/game/commands/CmdWeather.py", line 4, in <module>
2026-03-01 17:35:21 [EE]     import ephem
2026-03-01 17:35:21 [EE] ModuleNotFoundError: No module named 'ephem'
None2026-03-01 17:35:21 [EE] Error loading cmdset 'commands.default_cmdsets.UnloggedinCmdSet'
2026-03-01 17:35:21 [EE] (Traceback was logged 26-03-01 17:35:21)
None2026-03-01 17:35:21 [EE] Error encountered for cmdset at path 'commands.default_cmdsets.UnloggedinCmdSet'.
2026-03-01 17:35:21 [EE] Replacing with fallback 'evennia.commands.default.cmdset_unloggedin.UnloggedinCmdSet'.
2026-03-01 17:35:36 [SS] Authentication Success: Mnemosyne(account 2) (IP: 23.240.246.195).
2026-03-01 17:35:36 [!!] Traceback (most recent call last):
2026-03-01 17:35:36 [!!]   File "/opt/nightcity/venv/lib/python3.12/site-packages/evennia/commands/cmdsethandler.py", line 186, in import_cmdset
2026-03-01 17:35:36 [!!]     raise exc.with_traceback(tb)
2026-03-01 17:35:36 [!!]   File "/opt/nightcity/venv/lib/python3.12/site-packages/evennia/commands/cmdsethandler.py", line 181, in import_cmdset
2026-03-01 17:35:36 [!!]     module = import_module(modpath, package="evennia")
2026-03-01 17:35:36 [!!]              ^^^^^^^^^^^^^^^^^^^^^^^^^^^^^^^^^^^^^^^^^
2026-03-01 17:35:36 [!!]   File "/usr/lib/python3.12/importlib/__init__.py", line 90, in import_module
2026-03-01 17:35:36 [!!]     return _bootstrap._gcd_import(name[level:], package, level)
2026-03-01 17:35:36 [!!]            ^^^^^^^^^^^^^^^^^^^^^^^^^^^^^^^^^^^^^^^^^^^^^^^^^^^^
2026-03-01 17:35:36 [!!]   File "<frozen importlib._bootstrap>", line 1387, in _gcd_import
2026-03-01 17:35:36 [!!]   File "<frozen importlib._bootstrap>", line 1360, in _find_and_load
2026-03-01 17:35:36 [!!]   File "<frozen importlib._bootstrap>", line 1331, in _find_and_load_unlocked
2026-03-01 17:35:36 [!!]   File "<frozen importlib._bootstrap>", line 935, in _load_unlocked
2026-03-01 17:35:36 [!!]   File "<frozen importlib._bootstrap_external>", line 995, in exec_module
2026-03-01 17:35:36 [!!]   File "<frozen importlib._bootstrap>", line 488, in _call_with_frames_removed
2026-03-01 17:35:36 [!!]   File "/opt/nightcity/game/commands/default_cmdsets.py", line 43, in <module>
2026-03-01 17:35:36 [!!]     from .CmdWeather import CmdWeather
2026-03-01 17:35:36 [!!]   File "/opt/nightcity/game/commands/CmdWeather.py", line 4, in <module>
2026-03-01 17:35:36 [!!]     import ephem
2026-03-01 17:35:36 [!!] ModuleNotFoundError: No module named 'ephem'
2026-03-01 17:35:36 [EE] Traceback (most recent call last):
2026-03-01 17:35:36 [EE]   File "/opt/nightcity/venv/lib/python3.12/site-packages/evennia/commands/cmdsethandler.py", line 186, in import_cmdset
2026-03-01 17:35:36 [EE]     raise exc.with_traceback(tb)
2026-03-01 17:35:36 [EE]   File "/opt/nightcity/venv/lib/python3.12/site-packages/evennia/commands/cmdsethandler.py", line 181, in import_cmdset
2026-03-01 17:35:36 [EE]     module = import_module(modpath, package="evennia")
2026-03-01 17:35:36 [EE]              ^^^^^^^^^^^^^^^^^^^^^^^^^^^^^^^^^^^^^^^^^
2026-03-01 17:35:36 [EE]   File "/usr/lib/python3.12/importlib/__init__.py", line 90, in import_module
2026-03-01 17:35:36 [EE]     return _bootstrap._gcd_import(name[level:], package, level)
2026-03-01 17:35:36 [EE]            ^^^^^^^^^^^^^^^^^^^^^^^^^^^^^^^^^^^^^^^^^^^^^^^^^^^^
2026-03-01 17:35:36 [EE]   File "<frozen importlib._bootstrap>", line 1387, in _gcd_import
2026-03-01 17:35:36 [EE]   File "<frozen importlib._bootstrap>", line 1360, in _find_and_load
2026-03-01 17:35:36 [EE]   File "<frozen importlib._bootstrap>", line 1331, in _find_and_load_unlocked
2026-03-01 17:35:36 [EE]   File "<frozen importlib._bootstrap>", line 935, in _load_unlocked
2026-03-01 17:35:36 [EE]   File "<frozen importlib._bootstrap_external>", line 995, in exec_module
2026-03-01 17:35:36 [EE]   File "<frozen importlib._bootstrap>", line 488, in _call_with_frames_removed
2026-03-01 17:35:36 [EE]   File "/opt/nightcity/game/commands/default_cmdsets.py", line 43, in <module>
2026-03-01 17:35:36 [EE]     from .CmdWeather import CmdWeather
2026-03-01 17:35:36 [EE]   File "/opt/nightcity/game/commands/CmdWeather.py", line 4, in <module>
2026-03-01 17:35:36 [EE]     import ephem
2026-03-01 17:35:36 [EE] ModuleNotFoundError: No module named 'ephem'
None2026-03-01 17:35:36 [EE] Error loading cmdset 'commands.default_cmdsets.SessionCmdSet'
2026-03-01 17:35:36 [EE] (Traceback was logged 26-03-01 17:35:36)
None2026-03-01 17:35:36 [EE] Error encountered for cmdset at path 'commands.default_cmdsets.SessionCmdSet'.
2026-03-01 17:35:36 [EE] Replacing with fallback 'evennia.commands.default.cmdset_session.SessionCmdSet'.
2026-03-01 17:35:36 [..] Logged in: Mnemosyne(account 2) 23.240.246.195 (1 session(s) total)
2026-03-01 17:36:47 [..] Server disconnected from the portal.
2026-03-01 17:36:47 [..] Main loop terminated.
2026-03-01 17:36:47 [..] Server Shut Down.
2026-03-01 17:37:03 [..] Loaded.
2026-03-01 17:36:58 [..] Loading /opt/nightcity/venv/lib/python3.12/site-packages/evennia/server/server.py...
2026-03-01 17:37:03 [..] Loaded.
2026-03-01 17:37:03 [..] twistd 24.11.0 (/opt/nightcity/venv/bin/python3 3.12.3) starting up.
2026-03-01 17:37:03 [..] reactor class: twisted.internet.epollreactor.EPollReactor.
2026-03-01 17:37:03 [..] Webserver starting on 4002
2026-03-01 17:37:03 [..] Evennia Server successfully started.
2026-03-01 17:38:39 [!!] Traceback (most recent call last):
2026-03-01 17:38:39 [!!]   File "/opt/nightcity/venv/lib/python3.12/site-packages/evennia/commands/cmdsethandler.py", line 186, in import_cmdset
2026-03-01 17:38:39 [!!]     raise exc.with_traceback(tb)
2026-03-01 17:38:39 [!!]   File "/opt/nightcity/venv/lib/python3.12/site-packages/evennia/commands/cmdsethandler.py", line 181, in import_cmdset
2026-03-01 17:38:39 [!!]     module = import_module(modpath, package="evennia")
2026-03-01 17:38:39 [!!]              ^^^^^^^^^^^^^^^^^^^^^^^^^^^^^^^^^^^^^^^^^
2026-03-01 17:38:39 [!!]   File "/usr/lib/python3.12/importlib/__init__.py", line 90, in import_module
2026-03-01 17:38:39 [!!]     return _bootstrap._gcd_import(name[level:], package, level)
2026-03-01 17:38:39 [!!]            ^^^^^^^^^^^^^^^^^^^^^^^^^^^^^^^^^^^^^^^^^^^^^^^^^^^^
2026-03-01 17:38:39 [!!]   File "<frozen importlib._bootstrap>", line 1387, in _gcd_import
2026-03-01 17:38:39 [!!]   File "<frozen importlib._bootstrap>", line 1360, in _find_and_load
2026-03-01 17:38:39 [!!]   File "<frozen importlib._bootstrap>", line 1331, in _find_and_load_unlocked
2026-03-01 17:38:39 [!!]   File "<frozen importlib._bootstrap>", line 935, in _load_unlocked
2026-03-01 17:38:39 [!!]   File "<frozen importlib._bootstrap_external>", line 995, in exec_module
2026-03-01 17:38:39 [!!]   File "<frozen importlib._bootstrap>", line 488, in _call_with_frames_removed
2026-03-01 17:38:39 [!!]   File "/opt/nightcity/game/commands/default_cmdsets.py", line 48, in <module>
2026-03-01 17:38:39 [!!]     from .CmdWho import CmdWho
2026-03-01 17:38:39 [!!]   File "/opt/nightcity/game/commands/CmdWho.py", line 14, in <module>
2026-03-01 17:38:39 [!!]     from world.factions import faction, faction_list
2026-03-01 17:38:39 [!!] ImportError: cannot import name 'faction' from 'world.factions' (unknown location). Did you mean: 'factions'?
2026-03-01 17:38:39 [EE] Traceback (most recent call last):
2026-03-01 17:38:39 [EE]   File "/opt/nightcity/venv/lib/python3.12/site-packages/evennia/commands/cmdsethandler.py", line 186, in import_cmdset
2026-03-01 17:38:39 [EE]     raise exc.with_traceback(tb)
2026-03-01 17:38:39 [EE]   File "/opt/nightcity/venv/lib/python3.12/site-packages/evennia/commands/cmdsethandler.py", line 181, in import_cmdset
2026-03-01 17:38:39 [EE]     module = import_module(modpath, package="evennia")
2026-03-01 17:38:39 [EE]              ^^^^^^^^^^^^^^^^^^^^^^^^^^^^^^^^^^^^^^^^^
2026-03-01 17:38:39 [EE]   File "/usr/lib/python3.12/importlib/__init__.py", line 90, in import_module
2026-03-01 17:38:39 [EE]     return _bootstrap._gcd_import(name[level:], package, level)
2026-03-01 17:38:39 [EE]            ^^^^^^^^^^^^^^^^^^^^^^^^^^^^^^^^^^^^^^^^^^^^^^^^^^^^
2026-03-01 17:38:39 [EE]   File "<frozen importlib._bootstrap>", line 1387, in _gcd_import
2026-03-01 17:38:39 [EE]   File "<frozen importlib._bootstrap>", line 1360, in _find_and_load
2026-03-01 17:38:39 [EE]   File "<frozen importlib._bootstrap>", line 1331, in _find_and_load_unlocked
2026-03-01 17:38:39 [EE]   File "<frozen importlib._bootstrap>", line 935, in _load_unlocked
2026-03-01 17:38:39 [EE]   File "<frozen importlib._bootstrap_external>", line 995, in exec_module
2026-03-01 17:38:39 [EE]   File "<frozen importlib._bootstrap>", line 488, in _call_with_frames_removed
2026-03-01 17:38:39 [EE]   File "/opt/nightcity/game/commands/default_cmdsets.py", line 48, in <module>
2026-03-01 17:38:39 [EE]     from .CmdWho import CmdWho
2026-03-01 17:38:39 [EE]   File "/opt/nightcity/game/commands/CmdWho.py", line 14, in <module>
2026-03-01 17:38:39 [EE]     from world.factions import faction, faction_list
2026-03-01 17:38:39 [EE] ImportError: cannot import name 'faction' from 'world.factions' (unknown location). Did you mean: 'factions'?
None2026-03-01 17:38:39 [EE] Error loading cmdset 'commands.default_cmdsets.UnloggedinCmdSet'
2026-03-01 17:38:39 [EE] (Traceback was logged 26-03-01 17:38:39)
None2026-03-01 17:38:39 [EE] Error encountered for cmdset at path 'commands.default_cmdsets.UnloggedinCmdSet'.
2026-03-01 17:38:39 [EE] Replacing with fallback 'evennia.commands.default.cmdset_unloggedin.UnloggedinCmdSet'.
2026-03-01 17:38:57 [SS] Authentication Success: Lethe(account 1) (IP: 182.177.12.226).
2026-03-01 17:38:57 [!!] Traceback (most recent call last):
2026-03-01 17:38:57 [!!]   File "/opt/nightcity/venv/lib/python3.12/site-packages/evennia/commands/cmdsethandler.py", line 186, in import_cmdset
2026-03-01 17:38:57 [!!]     raise exc.with_traceback(tb)
2026-03-01 17:38:57 [!!]   File "/opt/nightcity/venv/lib/python3.12/site-packages/evennia/commands/cmdsethandler.py", line 181, in import_cmdset
2026-03-01 17:38:57 [!!]     module = import_module(modpath, package="evennia")
2026-03-01 17:38:57 [!!]              ^^^^^^^^^^^^^^^^^^^^^^^^^^^^^^^^^^^^^^^^^
2026-03-01 17:38:57 [!!]   File "/usr/lib/python3.12/importlib/__init__.py", line 90, in import_module
2026-03-01 17:38:57 [!!]     return _bootstrap._gcd_import(name[level:], package, level)
2026-03-01 17:38:57 [!!]            ^^^^^^^^^^^^^^^^^^^^^^^^^^^^^^^^^^^^^^^^^^^^^^^^^^^^
2026-03-01 17:38:57 [!!]   File "<frozen importlib._bootstrap>", line 1387, in _gcd_import
2026-03-01 17:38:57 [!!]   File "<frozen importlib._bootstrap>", line 1360, in _find_and_load
2026-03-01 17:38:57 [!!]   File "<frozen importlib._bootstrap>", line 1331, in _find_and_load_unlocked
2026-03-01 17:38:57 [!!]   File "<frozen importlib._bootstrap>", line 935, in _load_unlocked
2026-03-01 17:38:57 [!!]   File "<frozen importlib._bootstrap_external>", line 995, in exec_module
2026-03-01 17:38:57 [!!]   File "<frozen importlib._bootstrap>", line 488, in _call_with_frames_removed
2026-03-01 17:38:57 [!!]   File "/opt/nightcity/game/commands/default_cmdsets.py", line 48, in <module>
2026-03-01 17:38:57 [!!]     from .CmdWho import CmdWho
2026-03-01 17:38:57 [!!]   File "/opt/nightcity/game/commands/CmdWho.py", line 14, in <module>
2026-03-01 17:38:57 [!!]     from world.factions import faction, faction_list
2026-03-01 17:38:57 [!!] ImportError: cannot import name 'faction' from 'world.factions' (unknown location). Did you mean: 'factions'?
2026-03-01 17:38:57 [EE] Traceback (most recent call last):
2026-03-01 17:38:57 [EE]   File "/opt/nightcity/venv/lib/python3.12/site-packages/evennia/commands/cmdsethandler.py", line 186, in import_cmdset
2026-03-01 17:38:57 [EE]     raise exc.with_traceback(tb)
2026-03-01 17:38:57 [EE]   File "/opt/nightcity/venv/lib/python3.12/site-packages/evennia/commands/cmdsethandler.py", line 181, in import_cmdset
2026-03-01 17:38:57 [EE]     module = import_module(modpath, package="evennia")
2026-03-01 17:38:57 [EE]              ^^^^^^^^^^^^^^^^^^^^^^^^^^^^^^^^^^^^^^^^^
2026-03-01 17:38:57 [EE]   File "/usr/lib/python3.12/importlib/__init__.py", line 90, in import_module
2026-03-01 17:38:57 [EE]     return _bootstrap._gcd_import(name[level:], package, level)
2026-03-01 17:38:57 [EE]            ^^^^^^^^^^^^^^^^^^^^^^^^^^^^^^^^^^^^^^^^^^^^^^^^^^^^
2026-03-01 17:38:57 [EE]   File "<frozen importlib._bootstrap>", line 1387, in _gcd_import
2026-03-01 17:38:57 [EE]   File "<frozen importlib._bootstrap>", line 1360, in _find_and_load
2026-03-01 17:38:57 [EE]   File "<frozen importlib._bootstrap>", line 1331, in _find_and_load_unlocked
2026-03-01 17:38:57 [EE]   File "<frozen importlib._bootstrap>", line 935, in _load_unlocked
2026-03-01 17:38:57 [EE]   File "<frozen importlib._bootstrap_external>", line 995, in exec_module
2026-03-01 17:38:57 [EE]   File "<frozen importlib._bootstrap>", line 488, in _call_with_frames_removed
2026-03-01 17:38:57 [EE]   File "/opt/nightcity/game/commands/default_cmdsets.py", line 48, in <module>
2026-03-01 17:38:57 [EE]     from .CmdWho import CmdWho
2026-03-01 17:38:57 [EE]   File "/opt/nightcity/game/commands/CmdWho.py", line 14, in <module>
2026-03-01 17:38:57 [EE]     from world.factions import faction, faction_list
2026-03-01 17:38:57 [EE] ImportError: cannot import name 'faction' from 'world.factions' (unknown location). Did you mean: 'factions'?
None2026-03-01 17:38:57 [EE] Error loading cmdset 'commands.default_cmdsets.SessionCmdSet'
2026-03-01 17:38:57 [EE] (Traceback was logged 26-03-01 17:38:57)
None2026-03-01 17:38:57 [EE] Error encountered for cmdset at path 'commands.default_cmdsets.SessionCmdSet'.
2026-03-01 17:38:57 [EE] Replacing with fallback 'evennia.commands.default.cmdset_session.SessionCmdSet'.
2026-03-01 17:38:57 [..] Logged in: Lethe(account 1) 182.177.12.226 (1 session(s) total)
2026-03-01 17:39:39 [!!] Traceback (most recent call last):
2026-03-01 17:39:39 [!!]   File "/opt/nightcity/venv/lib/python3.12/site-packages/evennia/commands/cmdsethandler.py", line 186, in import_cmdset
2026-03-01 17:39:39 [!!]     raise exc.with_traceback(tb)
2026-03-01 17:39:39 [!!]   File "/opt/nightcity/venv/lib/python3.12/site-packages/evennia/commands/cmdsethandler.py", line 181, in import_cmdset
2026-03-01 17:39:39 [!!]     module = import_module(modpath, package="evennia")
2026-03-01 17:39:39 [!!]              ^^^^^^^^^^^^^^^^^^^^^^^^^^^^^^^^^^^^^^^^^
2026-03-01 17:39:39 [!!]   File "/usr/lib/python3.12/importlib/__init__.py", line 90, in import_module
2026-03-01 17:39:39 [!!]     return _bootstrap._gcd_import(name[level:], package, level)
2026-03-01 17:39:39 [!!]            ^^^^^^^^^^^^^^^^^^^^^^^^^^^^^^^^^^^^^^^^^^^^^^^^^^^^
2026-03-01 17:39:39 [!!]   File "<frozen importlib._bootstrap>", line 1387, in _gcd_import
2026-03-01 17:39:39 [!!]   File "<frozen importlib._bootstrap>", line 1360, in _find_and_load
2026-03-01 17:39:39 [!!]   File "<frozen importlib._bootstrap>", line 1331, in _find_and_load_unlocked
2026-03-01 17:39:39 [!!]   File "<frozen importlib._bootstrap>", line 935, in _load_unlocked
2026-03-01 17:39:39 [!!]   File "<frozen importlib._bootstrap_external>", line 995, in exec_module
2026-03-01 17:39:39 [!!]   File "<frozen importlib._bootstrap>", line 488, in _call_with_frames_removed
2026-03-01 17:39:39 [!!]   File "/opt/nightcity/game/commands/default_cmdsets.py", line 48, in <module>
2026-03-01 17:39:39 [!!]     from .CmdWho import CmdWho
2026-03-01 17:39:39 [!!]   File "/opt/nightcity/game/commands/CmdWho.py", line 14, in <module>
2026-03-01 17:39:39 [!!]     from world.factions import faction, faction_list
2026-03-01 17:39:39 [!!] ImportError: cannot import name 'faction' from 'world.factions' (unknown location). Did you mean: 'factions'?
2026-03-01 17:39:39 [EE] Traceback (most recent call last):
2026-03-01 17:39:39 [EE]   File "/opt/nightcity/venv/lib/python3.12/site-packages/evennia/commands/cmdsethandler.py", line 186, in import_cmdset
2026-03-01 17:39:39 [EE]     raise exc.with_traceback(tb)
2026-03-01 17:39:39 [EE]   File "/opt/nightcity/venv/lib/python3.12/site-packages/evennia/commands/cmdsethandler.py", line 181, in import_cmdset
2026-03-01 17:39:39 [EE]     module = import_module(modpath, package="evennia")
2026-03-01 17:39:39 [EE]              ^^^^^^^^^^^^^^^^^^^^^^^^^^^^^^^^^^^^^^^^^
2026-03-01 17:39:39 [EE]   File "/usr/lib/python3.12/importlib/__init__.py", line 90, in import_module
2026-03-01 17:39:39 [EE]     return _bootstrap._gcd_import(name[level:], package, level)
2026-03-01 17:39:39 [EE]            ^^^^^^^^^^^^^^^^^^^^^^^^^^^^^^^^^^^^^^^^^^^^^^^^^^^^
2026-03-01 17:39:39 [EE]   File "<frozen importlib._bootstrap>", line 1387, in _gcd_import
2026-03-01 17:39:39 [EE]   File "<frozen importlib._bootstrap>", line 1360, in _find_and_load
2026-03-01 17:39:39 [EE]   File "<frozen importlib._bootstrap>", line 1331, in _find_and_load_unlocked
2026-03-01 17:39:39 [EE]   File "<frozen importlib._bootstrap>", line 935, in _load_unlocked
2026-03-01 17:39:39 [EE]   File "<frozen importlib._bootstrap_external>", line 995, in exec_module
2026-03-01 17:39:39 [EE]   File "<frozen importlib._bootstrap>", line 488, in _call_with_frames_removed
2026-03-01 17:39:39 [EE]   File "/opt/nightcity/game/commands/default_cmdsets.py", line 48, in <module>
2026-03-01 17:39:39 [EE]     from .CmdWho import CmdWho
2026-03-01 17:39:39 [EE]   File "/opt/nightcity/game/commands/CmdWho.py", line 14, in <module>
2026-03-01 17:39:39 [EE]     from world.factions import faction, faction_list
2026-03-01 17:39:39 [EE] ImportError: cannot import name 'faction' from 'world.factions' (unknown location). Did you mean: 'factions'?
None2026-03-01 17:39:39 [EE] Error loading cmdset 'commands.default_cmdsets.UnloggedinCmdSet'
2026-03-01 17:39:39 [EE] (Traceback was logged 26-03-01 17:39:39)
None2026-03-01 17:39:39 [EE] Error encountered for cmdset at path 'commands.default_cmdsets.UnloggedinCmdSet'.
2026-03-01 17:39:39 [EE] Replacing with fallback 'evennia.commands.default.cmdset_unloggedin.UnloggedinCmdSet'.
2026-03-01 17:40:24 [..] Server disconnected from the portal.
2026-03-01 17:40:24 [..] Main loop terminated.
2026-03-01 17:40:24 [..] Server Shut Down.
2026-03-01 17:40:38 [..] Loaded.
2026-03-01 17:40:36 [..] Loading /opt/nightcity/venv/lib/python3.12/site-packages/evennia/server/server.py...
2026-03-01 17:40:38 [..] Loaded.
2026-03-01 17:40:38 [..] twistd 24.11.0 (/opt/nightcity/venv/bin/python3 3.12.3) starting up.
2026-03-01 17:40:38 [..] reactor class: twisted.internet.epollreactor.EPollReactor.
2026-03-01 17:40:38 [..] Webserver starting on 4002
2026-03-01 17:40:38 [..] Evennia Server successfully started.
2026-03-01 17:41:22 [SS] Authentication Success: Mnemosyne(account 2) (IP: 23.240.246.195).
2026-03-01 17:41:22 [..] Logged in: Mnemosyne(account 2) 23.240.246.195 (1 session(s) total)
2026-03-01 17:43:48 [SS] Authentication Success: Lethe(account 1) (IP: 182.177.12.226).
2026-03-01 17:43:48 [..] Logged in: Lethe(account 1) 182.177.12.226 (1 session(s) total)
2026-03-01 17:45:36 [..] Logged out: Lethe(account 1) 182.177.12.226 (0 sessions(s) remaining)
2026-03-01 17:46:09 [..] Server disconnected from the portal.
2026-03-01 17:46:09 [..] Main loop terminated.
2026-03-01 17:46:09 [..] Server Shut Down.
2026-03-01 17:46:23 [..] Loaded.
2026-03-01 17:46:20 [..] Loading /opt/nightcity/venv/lib/python3.12/site-packages/evennia/server/server.py...
2026-03-01 17:46:23 [..] Loaded.
2026-03-01 17:46:23 [..] twistd 24.11.0 (/opt/nightcity/venv/bin/python3 3.12.3) starting up.
2026-03-01 17:46:23 [..] reactor class: twisted.internet.epollreactor.EPollReactor.
2026-03-01 17:46:23 [..] Webserver starting on 4002
2026-03-01 17:46:23 [..] Evennia Server successfully started.
2026-03-01 17:48:09 [SS] Authentication Success: Lethe(account 1) (IP: 182.177.12.226).
2026-03-01 17:48:09 [..] Logged in: Lethe(account 1) 182.177.12.226 (1 session(s) total)
2026-03-01 17:49:26 [..] Server disconnected from the portal.
2026-03-01 17:49:26 [..] Main loop terminated.
2026-03-01 17:49:26 [..] Server Shut Down.
2026-03-01 17:49:38 [..] Loaded.
2026-03-01 17:49:36 [..] Loading /opt/nightcity/venv/lib/python3.12/site-packages/evennia/server/server.py...
2026-03-01 17:49:38 [..] Loaded.
2026-03-01 17:49:38 [..] twistd 24.11.0 (/opt/nightcity/venv/bin/python3 3.12.3) starting up.
2026-03-01 17:49:38 [..] reactor class: twisted.internet.epollreactor.EPollReactor.
2026-03-01 17:49:39 [..] Webserver starting on 4002
2026-03-01 17:49:39 [..] Evennia Server successfully started.
2026-03-01 17:52:10 [SS] Authentication Success: Lethe(account 1) (IP: 182.177.12.226).
2026-03-01 17:52:10 [..] Logged in: Lethe(account 1) 182.177.12.226 (1 session(s) total)
2026-03-01 17:52:21 [!!] Traceback (most recent call last):
2026-03-01 17:52:21 [!!]   File "/opt/nightcity/venv/lib/python3.12/site-packages/evennia/commands/cmdhandler.py", line 629, in _run_command
2026-03-01 17:52:21 [!!]     ret = cmd.func()
2026-03-01 17:52:21 [!!]           ^^^^^^^^^^
2026-03-01 17:52:21 [!!]   File "/opt/nightcity/game/commands/multichar_commands.py", line 63, in func
2026-03-01 17:52:21 [!!]     chargen_rooms = search_object(
2026-03-01 17:52:21 [!!]                     ^^^^^^^^^^^^^^
2026-03-01 17:52:21 [!!]   File "/opt/nightcity/venv/lib/python3.12/site-packages/evennia/utils/search.py", line 129, in search_object
2026-03-01 17:52:21 [!!]     return ObjectDB.objects.search_object(*args, **kwargs)
2026-03-01 17:52:21 [!!]            ^^^^^^^^^^^^^^^^^^^^^^^^^^^^^^^^^^^^^^^^^^^^^^^
2026-03-01 17:52:21 [!!] TypeError: ObjectDBManager.search_object() missing 1 required positional argument: 'searchdata'
2026-03-01 17:52:21 [EE] User input was: '+charcreate Test
2026-03-01 17:52:21 [EE] '.
2026-03-01 17:53:21 [..] Server disconnected from the portal.
2026-03-01 17:53:21 [..] Main loop terminated.
2026-03-01 17:53:21 [..] Server Shut Down.
2026-03-01 17:53:34 [..] Loaded.
2026-03-01 17:53:32 [..] Loading /opt/nightcity/venv/lib/python3.12/site-packages/evennia/server/server.py...
2026-03-01 17:53:34 [..] Loaded.
2026-03-01 17:53:34 [..] twistd 24.11.0 (/opt/nightcity/venv/bin/python3 3.12.3) starting up.
2026-03-01 17:53:34 [..] reactor class: twisted.internet.epollreactor.EPollReactor.
2026-03-01 17:53:35 [..] Webserver starting on 4002
2026-03-01 17:53:35 [..] Evennia Server successfully started.
2026-03-01 17:54:22 [SS] Authentication Success: Lethe(account 1) (IP: 182.177.12.226).
2026-03-01 17:54:22 [..] Logged in: Lethe(account 1) 182.177.12.226 (1 session(s) total)
2026-03-01 17:54:27 [DP] obj.cmdset.add() kwarg 'permanent' has changed name to 'persistent'.
2026-03-01 17:55:08 [SS] Authentication Success: Mnemosyne(account 2) (IP: 23.240.246.195).
2026-03-01 17:55:08 [..] Logged in: Mnemosyne(account 2) 23.240.246.195 (1 session(s) total)
2026-03-01 17:55:14 [DP] obj.cmdset.add() kwarg 'permanent' has changed name to 'persistent'.
2026-03-01 17:55:47 [!!] Traceback (most recent call last):
2026-03-01 17:55:47 [!!]   File "/opt/nightcity/venv/lib/python3.12/site-packages/evennia/commands/cmdhandler.py", line 629, in _run_command
2026-03-01 17:55:47 [!!]     ret = cmd.func()
2026-03-01 17:55:47 [!!]           ^^^^^^^^^^
2026-03-01 17:55:47 [!!]   File "/opt/nightcity/game/commands/character_commands.py", line 495, in func
2026-03-01 17:55:47 [!!]     attr_value = char.db.get(full_attr_name, 0)
2026-03-01 17:55:47 [!!]                  ^^^^^^^^^^^^^^^^^^^^^^^^^^^^^^
2026-03-01 17:55:47 [!!] TypeError: 'NoneType' object is not callable
2026-03-01 17:55:47 [EE] User input was: '+roll ref evasion
2026-03-01 17:55:47 [EE] '.
2026-03-01 17:56:53 [..] Server disconnected from the portal.
2026-03-01 17:56:53 [..] Main loop terminated.
2026-03-01 17:56:53 [..] Server Shut Down.
2026-03-01 17:57:06 [..] Loaded.
2026-03-01 17:57:04 [..] Loading /opt/nightcity/venv/lib/python3.12/site-packages/evennia/server/server.py...
2026-03-01 17:57:06 [..] Loaded.
2026-03-01 17:57:06 [..] twistd 24.11.0 (/opt/nightcity/venv/bin/python3 3.12.3) starting up.
2026-03-01 17:57:06 [..] reactor class: twisted.internet.epollreactor.EPollReactor.
2026-03-01 17:57:07 [..] Webserver starting on 4002
2026-03-01 17:57:07 [..] Evennia Server successfully started.
2026-03-01 17:57:28 [SS] Authentication Success: Lethe(account 1) (IP: 182.177.12.226).
2026-03-01 17:57:28 [..] Logged in: Lethe(account 1) 182.177.12.226 (1 session(s) total)
2026-03-01 17:58:49 [..] Logged out: Lethe(account 1) 182.177.12.226 (0 sessions(s) remaining)
2026-03-01 17:59:24 [SS] Authentication Success: Mnemosyne(account 2) (IP: 23.240.246.195).
2026-03-01 17:59:24 [..] Logged in: Mnemosyne(account 2) 23.240.246.195 (1 session(s) total)
2026-03-01 17:59:43 [SS] Puppet Success: (Caller: Mnemosyne(account 2), Target: Test, IP: 23.240.246.195).
2026-03-01 18:01:45 [!!] Traceback (most recent call last):
2026-03-01 18:01:45 [!!]   File "/opt/nightcity/venv/lib/python3.12/site-packages/evennia/commands/cmdhandler.py", line 629, in _run_command
2026-03-01 18:01:45 [!!]     ret = cmd.func()
2026-03-01 18:01:45 [!!]           ^^^^^^^^^^
2026-03-01 18:01:45 [!!]   File "/opt/nightcity/game/commands/CmdFinger.py", line 273, in func
2026-03-01 18:01:45 [!!]     target = Character.get_by_alias(search_term.lower())
2026-03-01 18:01:45 [!!]              ^^^^^^^^^^^^^^^^^^^^^^
2026-03-01 18:01:45 [!!] AttributeError: type object 'Character' has no attribute 'get_by_alias'
2026-03-01 18:01:45 [EE] User input was: '+finger test
2026-03-01 18:01:45 [EE] '.
2026-03-01 18:04:21 [..] Server disconnected from the portal.
2026-03-01 18:04:21 [..] Main loop terminated.
2026-03-01 18:04:21 [..] Server Shut Down.
2026-03-01 18:04:34 [..] Loaded.
2026-03-01 18:04:32 [..] Loading /opt/nightcity/venv/lib/python3.12/site-packages/evennia/server/server.py...
2026-03-01 18:04:34 [..] Loaded.
2026-03-01 18:04:34 [..] twistd 24.11.0 (/opt/nightcity/venv/bin/python3 3.12.3) starting up.
2026-03-01 18:04:34 [..] reactor class: twisted.internet.epollreactor.EPollReactor.
2026-03-01 18:04:35 [..] Webserver starting on 4002
2026-03-01 18:04:35 [..] Evennia Server successfully started.
2026-03-01 18:05:50 [SS] Authentication Success: Lethe(account 1) (IP: 182.177.12.226).
2026-03-01 18:05:50 [..] Logged in: Lethe(account 1) 182.177.12.226 (1 session(s) total)
2026-03-01 18:29:05 [SS] Authentication Success: Mnemosyne(account 2) (IP: 23.240.246.195).
2026-03-01 18:29:05 [..] Logged in: Mnemosyne(account 2) 23.240.246.195 (1 session(s) total)
2026-03-01 18:29:14 [SS] Puppet Success: (Caller: Mnemosyne(account 2), Target: Test, IP: 23.240.246.195).
2026-03-01 18:29:20 [SS] Puppet Success: (Caller: Mnemosyne(account 2), Target: Test, IP: 23.240.246.195).
2026-03-01 18:35:51 [..] Logged out: Mnemosyne(account 2) 23.240.246.195 (0 sessions(s) remaining)
2026-03-01 18:36:02 [SS] Authentication Success: Mnemosyne(account 2) (IP: 23.240.246.195).
2026-03-01 18:36:02 [..] Logged in: Mnemosyne(account 2) 23.240.246.195 (1 session(s) total)
2026-03-01 18:36:23 [SS] Character Deleted: Test (Caller: Mnemosyne(account 2), IP: 23.240.246.195).
2026-03-01 18:36:45 [DP] obj.cmdset.add() kwarg 'permanent' has changed name to 'persistent'.
2026-03-01 18:36:46 [SS] Character Created: CGTest (Caller: Mnemosyne(account 2), IP: 23.240.246.195).
2026-03-01 18:36:59 [SS] Puppet Success: (Caller: Mnemosyne(account 2), Target: CGTest, IP: 23.240.246.195).
2026-03-01 18:37:34 [..] Logged out: Mnemosyne(account 2) 23.240.246.195 (0 sessions(s) remaining)
2026-03-01 18:37:44 [SS] Authentication Success: Mnemosyne(account 2) (IP: 23.240.246.195).
2026-03-01 18:37:44 [..] Logged in: Mnemosyne(account 2) 23.240.246.195 (1 session(s) total)
2026-03-01 18:37:57 [SS] Puppet Success: (Caller: Mnemosyne(account 2), Target: CGTest, IP: 23.240.246.195).
2026-03-01 19:25:12 [..] Logged out: Lethe(account 1) 182.177.12.226 (0 sessions(s) remaining)
2026-03-01 20:40:08 [WW] ip_from_request: No valid IP address found in request. Using remote_addr.
2026-03-01 21:06:11 [..] CGTest is accessing the hustle menu
2026-03-01 21:06:11 [..] Entering hustle_menu for CGTest
2026-03-01 21:06:11 [..] No hustle available for CGTest
2026-03-01 23:22:40 [SS] Puppet Success: (Caller: Mnemosyne(account 2), Target: CGTest, IP: 23.240.246.195).
2026-03-01 23:59:29 [WW] ip_from_request: No valid IP address found in request. Using remote_addr.
2026-03-02 02:52:39 [!!] Traceback (most recent call last):
2026-03-02 02:52:39 [!!]   File "/opt/nightcity/venv/lib/python3.12/site-packages/evennia/objects/objects.py", line 1330, in move_to
2026-03-02 02:52:39 [!!]     self.at_post_move(source_location, move_type=move_type, **kwargs)
2026-03-02 02:52:39 [!!]   File "/opt/nightcity/game/typeclasses/characters.py", line 625, in at_post_move
2026-03-02 02:52:39 [!!]     super().at_post_move(source_location, **kwargs)
2026-03-02 02:52:39 [!!]   File "/opt/nightcity/venv/lib/python3.12/site-packages/evennia/objects/objects.py", line 3233, in at_post_move
2026-03-02 02:52:39 [!!]     self.msg(text=(self.at_look(self.location), {"type": "look"}))
2026-03-02 02:52:39 [!!]                    ^^^^^^^^^^^^^^^^^^^^^^^^^^^
2026-03-02 02:52:39 [!!]   File "/opt/nightcity/venv/lib/python3.12/site-packages/evennia/objects/objects.py", line 2681, in at_look
2026-03-02 02:52:39 [!!]     description = target.return_appearance(self, **kwargs)
2026-03-02 02:52:39 [!!]                   ^^^^^^^^^^^^^^^^^^^^^^^^^^^^^^^^^^^^^^^^
2026-03-02 02:52:39 [!!]   File "/opt/nightcity/game/typeclasses/chargen.py", line 78, in return_appearance
2026-03-02 02:52:39 [!!]     remaining_stat_points, remaining_skill_points = self.get_remaining_points(looker)
2026-03-02 02:52:39 [!!]                                                     ^^^^^^^^^^^^^^^^^^^^^^^^^^^^^^^^^
2026-03-02 02:52:39 [!!]   File "/opt/nightcity/game/typeclasses/chargen.py", line 24, in get_remaining_points
2026-03-02 02:52:39 [!!]     return character.get_remaining_points()
2026-03-02 02:52:39 [!!]            ^^^^^^^^^^^^^^^^^^^^^^^^^^^^^^^^
2026-03-02 02:52:39 [!!]   File "/opt/nightcity/game/typeclasses/characters.py", line 1311, in get_remaining_points
2026-03-02 02:52:39 [!!]     stat_points_spent, skill_points_spent = self.calculate_spent_points()
2026-03-02 02:52:39 [!!]                                             ^^^^^^^^^^^^^^^^^^^^^^^^^^^^^
2026-03-02 02:52:39 [!!]   File "/opt/nightcity/game/typeclasses/characters.py", line 996, in calculate_spent_points
2026-03-02 02:52:39 [!!]     language_points = sum(level for _, level in self.languages.items())
2026-03-02 02:52:39 [!!]                                                 ^^^^^^^^^^^^^^^^^^^^
2026-03-02 02:52:39 [!!] AttributeError: 'NoneType' object has no attribute 'items'
2026-03-02 02:52:51 [!!] Traceback (most recent call last):
2026-03-02 02:52:51 [!!]   File "/opt/nightcity/venv/lib/python3.12/site-packages/evennia/commands/cmdhandler.py", line 629, in _run_command
2026-03-02 02:52:51 [!!]     ret = cmd.func()
2026-03-02 02:52:51 [!!]           ^^^^^^^^^^
2026-03-02 02:52:51 [!!]   File "/opt/nightcity/venv/lib/python3.12/site-packages/evennia/commands/default/general.py", line 90, in func
2026-03-02 02:52:51 [!!]     desc = caller.at_look(target)
2026-03-02 02:52:51 [!!]            ^^^^^^^^^^^^^^^^^^^^^^
2026-03-02 02:52:51 [!!]   File "/opt/nightcity/venv/lib/python3.12/site-packages/evennia/objects/objects.py", line 2681, in at_look
2026-03-02 02:52:51 [!!]     description = target.return_appearance(self, **kwargs)
2026-03-02 02:52:51 [!!]                   ^^^^^^^^^^^^^^^^^^^^^^^^^^^^^^^^^^^^^^^^
2026-03-02 02:52:51 [!!]   File "/opt/nightcity/game/typeclasses/chargen.py", line 78, in return_appearance
2026-03-02 02:52:51 [!!]     remaining_stat_points, remaining_skill_points = self.get_remaining_points(looker)
2026-03-02 02:52:51 [!!]                                                     ^^^^^^^^^^^^^^^^^^^^^^^^^^^^^^^^^
2026-03-02 02:52:51 [!!]   File "/opt/nightcity/game/typeclasses/chargen.py", line 24, in get_remaining_points
2026-03-02 02:52:51 [!!]     return character.get_remaining_points()
2026-03-02 02:52:51 [!!]            ^^^^^^^^^^^^^^^^^^^^^^^^^^^^^^^^
2026-03-02 02:52:51 [!!]   File "/opt/nightcity/game/typeclasses/characters.py", line 1311, in get_remaining_points
2026-03-02 02:52:51 [!!]     stat_points_spent, skill_points_spent = self.calculate_spent_points()
2026-03-02 02:52:51 [!!]                                             ^^^^^^^^^^^^^^^^^^^^^^^^^^^^^
2026-03-02 02:52:51 [!!]   File "/opt/nightcity/game/typeclasses/characters.py", line 996, in calculate_spent_points
2026-03-02 02:52:51 [!!]     language_points = sum(level for _, level in self.languages.items())
2026-03-02 02:52:51 [!!]                                                 ^^^^^^^^^^^^^^^^^^^^
2026-03-02 02:52:51 [!!] AttributeError: 'NoneType' object has no attribute 'items'
2026-03-02 02:52:51 [EE] User input was: 'l
2026-03-02 02:52:51 [EE] '.
2026-03-02 02:53:34 [!!] Traceback (most recent call last):
2026-03-02 02:53:34 [!!]   File "/opt/nightcity/venv/lib/python3.12/site-packages/evennia/objects/objects.py", line 1330, in move_to
2026-03-02 02:53:34 [!!]     self.at_post_move(source_location, move_type=move_type, **kwargs)
2026-03-02 02:53:34 [!!]   File "/opt/nightcity/game/typeclasses/characters.py", line 625, in at_post_move
2026-03-02 02:53:34 [!!]     super().at_post_move(source_location, **kwargs)
2026-03-02 02:53:34 [!!]   File "/opt/nightcity/venv/lib/python3.12/site-packages/evennia/objects/objects.py", line 3233, in at_post_move
2026-03-02 02:53:34 [!!]     self.msg(text=(self.at_look(self.location), {"type": "look"}))
2026-03-02 02:53:34 [!!]                    ^^^^^^^^^^^^^^^^^^^^^^^^^^^
2026-03-02 02:53:34 [!!]   File "/opt/nightcity/venv/lib/python3.12/site-packages/evennia/objects/objects.py", line 2681, in at_look
2026-03-02 02:53:34 [!!]     description = target.return_appearance(self, **kwargs)
2026-03-02 02:53:34 [!!]                   ^^^^^^^^^^^^^^^^^^^^^^^^^^^^^^^^^^^^^^^^
2026-03-02 02:53:34 [!!]   File "/opt/nightcity/game/typeclasses/chargen.py", line 78, in return_appearance
2026-03-02 02:53:34 [!!]     remaining_stat_points, remaining_skill_points = self.get_remaining_points(looker)
2026-03-02 02:53:34 [!!]                                                     ^^^^^^^^^^^^^^^^^^^^^^^^^^^^^^^^^
2026-03-02 02:53:34 [!!]   File "/opt/nightcity/game/typeclasses/chargen.py", line 24, in get_remaining_points
2026-03-02 02:53:34 [!!]     return character.get_remaining_points()
2026-03-02 02:53:34 [!!]            ^^^^^^^^^^^^^^^^^^^^^^^^^^^^^^^^
2026-03-02 02:53:34 [!!]   File "/opt/nightcity/game/typeclasses/characters.py", line 1311, in get_remaining_points
2026-03-02 02:53:34 [!!]     stat_points_spent, skill_points_spent = self.calculate_spent_points()
2026-03-02 02:53:34 [!!]                                             ^^^^^^^^^^^^^^^^^^^^^^^^^^^^^
2026-03-02 02:53:34 [!!]   File "/opt/nightcity/game/typeclasses/characters.py", line 996, in calculate_spent_points
2026-03-02 02:53:34 [!!]     language_points = sum(level for _, level in self.languages.items())
2026-03-02 02:53:34 [!!]                                                 ^^^^^^^^^^^^^^^^^^^^
2026-03-02 02:53:34 [!!] AttributeError: 'NoneType' object has no attribute 'items'
2026-03-02 02:55:18 [!!] Traceback (most recent call last):
2026-03-02 02:55:18 [!!]   File "/opt/nightcity/venv/lib/python3.12/site-packages/evennia/commands/cmdhandler.py", line 629, in _run_command
2026-03-02 02:55:18 [!!]     ret = cmd.func()
2026-03-02 02:55:18 [!!]           ^^^^^^^^^^
2026-03-02 02:55:18 [!!]   File "/opt/nightcity/game/commands/chargen.py", line 152, in func
2026-03-02 02:55:18 [!!]     if self.caller.db.get('role') or self.caller.db.get('full_name'):
2026-03-02 02:55:18 [!!]        ^^^^^^^^^^^^^^^^^^^^^^^^^^
2026-03-02 02:55:18 [!!] TypeError: 'NoneType' object is not callable
2026-03-02 02:55:18 [EE] User input was: 'chargen complete_package solo CGTest
2026-03-02 02:55:18 [EE] '.
2026-03-02 03:21:43 [WW] ip_from_request: No valid IP address found in request. Using remote_addr.
2026-03-02 05:33:00 [WW] ip_from_request: No valid IP address found in request. Using remote_addr.
2026-03-02 05:33:08 [WW] ip_from_request: No valid IP address found in request. Using remote_addr.
2026-03-02 05:52:58 [WW] ip_from_request: No valid IP address found in request. Using remote_addr.
2026-03-02 07:10:35 [WW] ip_from_request: No valid IP address found in request. Using remote_addr.
2026-03-02 08:59:23 [..] Server disconnected from the portal.
2026-03-02 08:59:23 [..] Main loop terminated.
2026-03-02 08:59:23 [..] Server Shut Down.
2026-03-02 08:59:37 [..] Loaded.
2026-03-02 08:59:35 [..] Loading /opt/nightcity/venv/lib/python3.12/site-packages/evennia/server/server.py...
2026-03-02 08:59:37 [..] Loaded.
2026-03-02 08:59:37 [..] twistd 24.11.0 (/opt/nightcity/venv/bin/python3 3.12.3) starting up.
2026-03-02 08:59:37 [..] reactor class: twisted.internet.epollreactor.EPollReactor.
2026-03-02 08:59:38 [..] Webserver starting on 4002
2026-03-02 08:59:38 [..] Evennia Server successfully started.
2026-03-02 09:00:57 [SS] Authentication Success: Lethe(account 1) (IP: 182.177.12.226).
2026-03-02 09:00:57 [..] Logged in: Lethe(account 1) 182.177.12.226 (1 session(s) total)
2026-03-02 09:02:04 [!!] Traceback (most recent call last):
2026-03-02 09:02:04 [!!]   File "/opt/nightcity/venv/lib/python3.12/site-packages/evennia/objects/objects.py", line 1330, in move_to
2026-03-02 09:02:04 [!!]     self.at_post_move(source_location, move_type=move_type, **kwargs)
2026-03-02 09:02:04 [!!]   File "/opt/nightcity/game/typeclasses/characters.py", line 627, in at_post_move
2026-03-02 09:02:04 [!!]     super().at_post_move(source_location, **kwargs)
2026-03-02 09:02:04 [!!]   File "/opt/nightcity/venv/lib/python3.12/site-packages/evennia/objects/objects.py", line 3233, in at_post_move
2026-03-02 09:02:04 [!!]     self.msg(text=(self.at_look(self.location), {"type": "look"}))
2026-03-02 09:02:04 [!!]                    ^^^^^^^^^^^^^^^^^^^^^^^^^^^
2026-03-02 09:02:04 [!!]   File "/opt/nightcity/venv/lib/python3.12/site-packages/evennia/objects/objects.py", line 2681, in at_look
2026-03-02 09:02:04 [!!]     description = target.return_appearance(self, **kwargs)
2026-03-02 09:02:04 [!!]                   ^^^^^^^^^^^^^^^^^^^^^^^^^^^^^^^^^^^^^^^^
2026-03-02 09:02:04 [!!]   File "/opt/nightcity/game/typeclasses/chargen.py", line 78, in return_appearance
2026-03-02 09:02:04 [!!]     remaining_stat_points, remaining_skill_points = self.get_remaining_points(looker)
2026-03-02 09:02:04 [!!]                                                     ^^^^^^^^^^^^^^^^^^^^^^^^^^^^^^^^^
2026-03-02 09:02:04 [!!]   File "/opt/nightcity/game/typeclasses/chargen.py", line 24, in get_remaining_points
2026-03-02 09:02:04 [!!]     return character.get_remaining_points()
2026-03-02 09:02:04 [!!]            ^^^^^^^^^^^^^^^^^^^^^^^^^^^^^^^^
2026-03-02 09:02:04 [!!]   File "/opt/nightcity/game/typeclasses/characters.py", line 1313, in get_remaining_points
2026-03-02 09:02:04 [!!]     stat_points_spent, skill_points_spent = self.calculate_spent_points()
2026-03-02 09:02:04 [!!]                                             ^^^^^^^^^^^^^^^^^^^^^^^^^^^^^
2026-03-02 09:02:04 [!!]   File "/opt/nightcity/game/typeclasses/characters.py", line 998, in calculate_spent_points
2026-03-02 09:02:04 [!!]     language_points = sum(level for _, level in self.languages.items())
2026-03-02 09:02:04 [!!]                                                 ^^^^^^^^^^^^^^^^^^^^
2026-03-02 09:02:04 [!!] AttributeError: 'NoneType' object has no attribute 'items'
2026-03-02 09:03:30 [..] Server disconnected from the portal.
2026-03-02 09:03:30 [..] Main loop terminated.
2026-03-02 09:03:30 [..] Server Shut Down.
2026-03-02 09:03:44 [..] Loaded.
2026-03-02 09:03:41 [..] Loading /opt/nightcity/venv/lib/python3.12/site-packages/evennia/server/server.py...
2026-03-02 09:03:44 [..] Loaded.
2026-03-02 09:03:44 [..] twistd 24.11.0 (/opt/nightcity/venv/bin/python3 3.12.3) starting up.
2026-03-02 09:03:44 [..] reactor class: twisted.internet.epollreactor.EPollReactor.
2026-03-02 09:03:44 [..] Webserver starting on 4002
2026-03-02 09:03:44 [..] Evennia Server successfully started.
2026-03-02 09:04:42 [SS] Authentication Success: Lethe(account 1) (IP: 182.177.12.226).
2026-03-02 09:04:42 [..] Logged in: Lethe(account 1) 182.177.12.226 (1 session(s) total)
2026-03-02 09:06:11 [EE] Error in create_character for Test Character: Cannot resolve keyword 'character' into field. Choices are: active, character_object, character_object_id, character_sheet, character_sheet_id, cyberware, cyberware_id, id, installed, inventory, netrunner_deck
2026-03-02 09:08:49 [..] Logged out: Lethe(account 1) 182.177.12.226 (0 sessions(s) remaining)
2026-03-02 09:09:20 [..] Server disconnected from the portal.
2026-03-02 09:09:20 [..] Main loop terminated.
2026-03-02 09:09:20 [..] Server Shut Down.
2026-03-02 09:09:33 [..] Loaded.
2026-03-02 09:09:30 [..] Loading /opt/nightcity/venv/lib/python3.12/site-packages/evennia/server/server.py...
2026-03-02 09:09:33 [..] Loaded.
2026-03-02 09:09:33 [..] twistd 24.11.0 (/opt/nightcity/venv/bin/python3 3.12.3) starting up.
2026-03-02 09:09:33 [..] reactor class: twisted.internet.epollreactor.EPollReactor.
2026-03-02 09:09:33 [..] Webserver starting on 4002
2026-03-02 09:09:33 [..] Evennia Server successfully started.
2026-03-02 09:09:56 [SS] Authentication Success: Lethe(account 1) (IP: 182.177.12.226).
2026-03-02 09:09:56 [..] Logged in: Lethe(account 1) 182.177.12.226 (1 session(s) total)
2026-03-02 09:11:20 [EE] Error in create_character for Test Character: Model instances passed to related filters must be saved.
2026-03-02 09:13:19 [..] Server disconnected from the portal.
2026-03-02 09:13:19 [..] Main loop terminated.
2026-03-02 09:13:19 [..] Server Shut Down.
2026-03-02 09:13:33 [..] Loaded.
2026-03-02 09:13:30 [..] Loading /opt/nightcity/venv/lib/python3.12/site-packages/evennia/server/server.py...
2026-03-02 09:13:33 [..] Loaded.
2026-03-02 09:13:33 [..] twistd 24.11.0 (/opt/nightcity/venv/bin/python3 3.12.3) starting up.
2026-03-02 09:13:33 [..] reactor class: twisted.internet.epollreactor.EPollReactor.
2026-03-02 09:13:33 [..] Webserver starting on 4002
2026-03-02 09:13:33 [..] Evennia Server successfully started.
2026-03-02 09:14:06 [SS] Authentication Success: Lethe(account 1) (IP: 182.177.12.226).
2026-03-02 09:14:06 [..] Logged in: Lethe(account 1) 182.177.12.226 (1 session(s) total)
2026-03-02 09:14:20 [!!] Traceback (most recent call last):
2026-03-02 09:14:20 [!!]   File "/opt/nightcity/venv/lib/python3.12/site-packages/evennia/commands/cmdhandler.py", line 629, in _run_command
2026-03-02 09:14:20 [!!]     ret = cmd.func()
2026-03-02 09:14:20 [!!]           ^^^^^^^^^^
2026-03-02 09:14:20 [!!]   File "/opt/nightcity/game/commands/chargen.py", line 128, in func
2026-03-02 09:14:20 [!!]     method, role, full_name = self.caller.ndb._chargen_confirm
2026-03-02 09:14:20 [!!]     ^^^^^^^^^^^^^^^^^^^^^^^
2026-03-02 09:14:20 [!!] TypeError: cannot unpack non-iterable NoneType object
2026-03-02 09:14:20 [EE] User input was: 'chargen yes
2026-03-02 09:14:20 [EE] '.
2026-03-02 09:15:21 [..] Adding language: Streetslang, level: 4
2026-03-02 09:15:21 [..] Added language Streetslang at level 4
2026-03-02 09:15:21 [..] Adding language: Streetslang, level: 4
2026-03-02 09:15:21 [..] Added language Streetslang at level 4
2026-03-02 09:17:04 [..] Logged out: Lethe(account 1) 182.177.12.226 (0 sessions(s) remaining)
2026-03-02 09:22:33 [WW] Warning: Idmapper flush called more than once in 5.0 min interval. Check memory usage.
2026-03-02 10:48:33 [WW] ip_from_request: No valid IP address found in request. Using remote_addr.
2026-03-02 12:57:21 [WW] ip_from_request: No valid IP address found in request. Using remote_addr.
2026-03-02 14:01:56 [WW] ip_from_request: No valid IP address found in request. Using remote_addr.
2026-03-02 15:37:47 [SS] Authentication Success: Mnemosyne(account 2) (IP: 24.43.130.218).
2026-03-02 15:37:47 [..] Logged in: Mnemosyne(account 2) 24.43.130.218 (1 session(s) total)
2026-03-02 15:37:52 [SS] Puppet Success: (Caller: Mnemosyne(account 2), Target: CGTest, IP: 24.43.130.218).
2026-03-02 16:16:38 [SS] Password successfully changed for Katral(account None).
2026-03-02 16:16:38 [SS] Account Created: Katral(account 3) (IP: 176.10.144.40).
2026-03-02 16:16:47 [SS] Authentication Success: Katral(account 3) (IP: 176.10.144.40).
2026-03-02 16:16:47 [..] Logged in: Katral(account 3) 176.10.144.40 (1 session(s) total)
2026-03-02 16:16:57 [DP] obj.cmdset.add() kwarg 'permanent' has changed name to 'persistent'.
2026-03-02 16:17:38 [!!] Traceback (most recent call last):
2026-03-02 16:17:38 [!!]   File "/opt/nightcity/venv/lib/python3.12/site-packages/evennia/commands/cmdhandler.py", line 629, in _run_command
2026-03-02 16:17:38 [!!]     ret = cmd.func()
2026-03-02 16:17:38 [!!]           ^^^^^^^^^^
2026-03-02 16:17:38 [!!]   File "/opt/nightcity/venv/lib/python3.12/site-packages/evennia/commands/default/help.py", line 615, in func
2026-03-02 16:17:38 [!!]     cmd_help_topics, db_help_topics, file_help_topics = self.collect_topics(
2026-03-02 16:17:38 [!!]                                                         ^^^^^^^^^^^^^^^^^^^^
2026-03-02 16:17:38 [!!]   File "/opt/nightcity/venv/lib/python3.12/site-packages/evennia/commands/default/help.py", line 424, in collect_topics
2026-03-02 16:17:38 [!!]     cmd_help_topics = [cmd for cmd in cmdset if cmd and cmd.access(caller, "cmd")]
2026-03-02 16:17:38 [!!]                                                         ^^^^^^^^^^^^^^^^^^^^^^^^^
2026-03-02 16:17:38 [!!]   File "/opt/nightcity/venv/lib/python3.12/site-packages/evennia/commands/command.py", line 400, in access
2026-03-02 16:17:38 [!!]     return self.lockhandler.check(srcobj, access_type, default=default)
2026-03-02 16:17:38 [!!]            ^^^^^^^^^^^^^^^^^^^^^^^^^^^^^^^^^^^^^^^^^^^^^^^^^^^^^^^^^^^^
2026-03-02 16:17:38 [!!]   File "/opt/nightcity/venv/lib/python3.12/site-packages/evennia/locks/lockhandler.py", line 582, in check
2026-03-02 16:17:38 [!!]     true_false = tuple(
2026-03-02 16:17:38 [!!]                  ^^^^^^
2026-03-02 16:17:38 [!!]   File "/opt/nightcity/venv/lib/python3.12/site-packages/evennia/locks/lockhandler.py", line 583, in <genexpr>
2026-03-02 16:17:38 [!!]     bool(tup[0](accessing_obj, self.obj, *tup[1], access_type=access_type, **tup[2]))
2026-03-02 16:17:38 [!!]          ^^^^^^^^^^^^^^^^^^^^^^^^^^^^^^^^^^^^^^^^^^^^^^^^^^^^^^^^^^^^^^^^^^^^^^^^^^^
2026-03-02 16:17:38 [!!]   File "/opt/nightcity/game/server/conf/lockfuncs.py", line 50, in role
2026-03-02 16:17:38 [!!]     return accessing_obj.character_sheet.role == required_role
2026-03-02 16:17:38 [!!]            ^^^^^^^^^^^^^^^^^^^^^^^^^^^^^^^^^^
2026-03-02 16:17:38 [!!] AttributeError: 'NoneType' object has no attribute 'role'
2026-03-02 16:17:38 [EE] User input was: '+help chargen
2026-03-02 16:17:38 [EE] '.
2026-03-02 16:17:53 [!!] Traceback (most recent call last):
2026-03-02 16:17:53 [!!]   File "/opt/nightcity/venv/lib/python3.12/site-packages/evennia/commands/cmdhandler.py", line 629, in _run_command
2026-03-02 16:17:53 [!!]     ret = cmd.func()
2026-03-02 16:17:53 [!!]           ^^^^^^^^^^
2026-03-02 16:17:53 [!!]   File "/opt/nightcity/venv/lib/python3.12/site-packages/evennia/commands/default/help.py", line 615, in func
2026-03-02 16:17:53 [!!]     cmd_help_topics, db_help_topics, file_help_topics = self.collect_topics(
2026-03-02 16:17:53 [!!]                                                         ^^^^^^^^^^^^^^^^^^^^
2026-03-02 16:17:53 [!!]   File "/opt/nightcity/venv/lib/python3.12/site-packages/evennia/commands/default/help.py", line 424, in collect_topics
2026-03-02 16:17:53 [!!]     cmd_help_topics = [cmd for cmd in cmdset if cmd and cmd.access(caller, "cmd")]
2026-03-02 16:17:53 [!!]                                                         ^^^^^^^^^^^^^^^^^^^^^^^^^
2026-03-02 16:17:53 [!!]   File "/opt/nightcity/venv/lib/python3.12/site-packages/evennia/commands/command.py", line 400, in access
2026-03-02 16:17:53 [!!]     return self.lockhandler.check(srcobj, access_type, default=default)
2026-03-02 16:17:53 [!!]            ^^^^^^^^^^^^^^^^^^^^^^^^^^^^^^^^^^^^^^^^^^^^^^^^^^^^^^^^^^^^
2026-03-02 16:17:53 [!!]   File "/opt/nightcity/venv/lib/python3.12/site-packages/evennia/locks/lockhandler.py", line 582, in check
2026-03-02 16:17:53 [!!]     true_false = tuple(
2026-03-02 16:17:53 [!!]                  ^^^^^^
2026-03-02 16:17:53 [!!]   File "/opt/nightcity/venv/lib/python3.12/site-packages/evennia/locks/lockhandler.py", line 583, in <genexpr>
2026-03-02 16:17:53 [!!]     bool(tup[0](accessing_obj, self.obj, *tup[1], access_type=access_type, **tup[2]))
2026-03-02 16:17:53 [!!]          ^^^^^^^^^^^^^^^^^^^^^^^^^^^^^^^^^^^^^^^^^^^^^^^^^^^^^^^^^^^^^^^^^^^^^^^^^^^
2026-03-02 16:17:53 [!!]   File "/opt/nightcity/game/server/conf/lockfuncs.py", line 50, in role
2026-03-02 16:17:53 [!!]     return accessing_obj.character_sheet.role == required_role
2026-03-02 16:17:53 [!!]            ^^^^^^^^^^^^^^^^^^^^^^^^^^^^^^^^^^
2026-03-02 16:17:53 [!!] AttributeError: 'NoneType' object has no attribute 'role'
2026-03-02 16:17:53 [EE] User input was: '+help chargen
2026-03-02 16:17:53 [EE] '.
2026-03-02 16:21:39 [EE] Error in create_character for Testing_Man: 'DbHolder' object does not support item assignment
2026-03-02 16:26:37 [EE] Error in create_character for CGtest: 'DbHolder' object does not support item assignment
2026-03-02 16:28:43 [!!] Traceback (most recent call last):
2026-03-02 16:28:43 [!!]   File "/opt/nightcity/venv/lib/python3.12/site-packages/evennia/commands/cmdhandler.py", line 750, in cmdhandler
2026-03-02 16:28:43 [!!]     raise ExecSystemCommand(syscmd, sysarg)
2026-03-02 16:28:43 [!!] evennia.commands.cmdhandler.ExecSystemCommand: (<evennia.utils.evmenu.CmdGetInput object at 0x7342681bc680>, 'yes')
None2026-03-02 16:28:43 [!!] During handling of the above exception, another exception occurred:
None2026-03-02 16:28:43 [!!] Traceback (most recent call last):
2026-03-02 16:28:43 [!!]   File "/opt/nightcity/venv/lib/python3.12/site-packages/django/db/backends/utils.py", line 105, in _execute
2026-03-02 16:28:43 [!!]     return self.cursor.execute(sql, params)
2026-03-02 16:28:43 [!!]            ^^^^^^^^^^^^^^^^^^^^^^^^^^^^^^^^
2026-03-02 16:28:43 [!!]   File "/opt/nightcity/venv/lib/python3.12/site-packages/django/db/backends/sqlite3/base.py", line 359, in execute
2026-03-02 16:28:43 [!!]     return super().execute(query, params)
2026-03-02 16:28:43 [!!]            ^^^^^^^^^^^^^^^^^^^^^^^^^^^^^^
2026-03-02 16:28:43 [!!] sqlite3.OperationalError: no such table: netrunning_netrunnerdeck
None2026-03-02 16:28:43 [!!] The above exception was the direct cause of the following exception:
None2026-03-02 16:28:43 [!!] Traceback (most recent call last):
2026-03-02 16:28:43 [!!]   File "/opt/nightcity/venv/lib/python3.12/site-packages/evennia/utils/evmenu.py", line 1537, in func
2026-03-02 16:28:43 [!!]     ok = not callback(caller, prompt, result, *args, **kwargs)
2026-03-02 16:28:43 [!!]              ^^^^^^^^^^^^^^^^^^^^^^^^^^^^^^^^^^^^^^^^^^^^^^^^^
2026-03-02 16:28:43 [!!]   File "/opt/nightcity/venv/lib/python3.12/site-packages/evennia/commands/default/account.py", line 213, in _callback
2026-03-02 16:28:43 [!!]     delobj.delete()
2026-03-02 16:28:43 [!!]   File "/opt/nightcity/venv/lib/python3.12/site-packages/evennia/objects/objects.py", line 1583, in delete
2026-03-02 16:28:43 [!!]     super().delete()
2026-03-02 16:28:43 [!!]   File "/opt/nightcity/venv/lib/python3.12/site-packages/evennia/typeclasses/models.py", line 777, in delete
2026-03-02 16:28:43 [!!]     super().delete()
2026-03-02 16:28:43 [!!]   File "/opt/nightcity/venv/lib/python3.12/site-packages/evennia/utils/idmapper/models.py", line 422, in delete
2026-03-02 16:28:43 [!!]     super().delete(*args, **kwargs)
2026-03-02 16:28:43 [!!]   File "/opt/nightcity/venv/lib/python3.12/site-packages/django/db/models/base.py", line 1300, in delete
2026-03-02 16:28:43 [!!]     return collector.delete()
2026-03-02 16:28:43 [!!]            ^^^^^^^^^^^^^^^^^^
2026-03-02 16:28:43 [!!]   File "/opt/nightcity/venv/lib/python3.12/site-packages/django/db/models/deletion.py", line 489, in delete
2026-03-02 16:28:43 [!!]     combined_updates.update(**{field.name: value})
2026-03-02 16:28:43 [!!]   File "/opt/nightcity/venv/lib/python3.12/site-packages/django/db/models/query.py", line 1300, in update
2026-03-02 16:28:43 [!!]     rows = query.get_compiler(self.db).execute_sql(ROW_COUNT)
2026-03-02 16:28:43 [!!]            ^^^^^^^^^^^^^^^^^^^^^^^^^^^^^^^^^^^^^^^^^^^^^^^^^^
2026-03-02 16:28:43 [!!]   File "/opt/nightcity/venv/lib/python3.12/site-packages/django/db/models/sql/compiler.py", line 2111, in execute_sql
2026-03-02 16:28:43 [!!]     row_count = super().execute_sql(result_type)
2026-03-02 16:28:43 [!!]                 ^^^^^^^^^^^^^^^^^^^^^^^^^^^^^^^^
2026-03-02 16:28:43 [!!]   File "/opt/nightcity/venv/lib/python3.12/site-packages/django/db/models/sql/compiler.py", line 1624, in execute_sql
2026-03-02 16:28:43 [!!]     cursor.execute(sql, params)
2026-03-02 16:28:43 [!!]   File "/opt/nightcity/venv/lib/python3.12/site-packages/django/db/backends/utils.py", line 79, in execute
2026-03-02 16:28:43 [!!]     return self._execute_with_wrappers(
2026-03-02 16:28:43 [!!]            ^^^^^^^^^^^^^^^^^^^^^^^^^^^^
2026-03-02 16:28:43 [!!]   File "/opt/nightcity/venv/lib/python3.12/site-packages/django/db/backends/utils.py", line 92, in _execute_with_wrappers
2026-03-02 16:28:43 [!!]     return executor(sql, params, many, context)
2026-03-02 16:28:43 [!!]            ^^^^^^^^^^^^^^^^^^^^^^^^^^^^^^^^^^^^
2026-03-02 16:28:43 [!!]   File "/opt/nightcity/venv/lib/python3.12/site-packages/django/db/backends/utils.py", line 100, in _execute
2026-03-02 16:28:43 [!!]     with self.db.wrap_database_errors:
2026-03-02 16:28:43 [!!]   File "/opt/nightcity/venv/lib/python3.12/site-packages/django/db/utils.py", line 94, in __exit__
2026-03-02 16:28:43 [!!]     raise dj_exc_value.with_traceback(traceback) from exc_value
2026-03-02 16:28:43 [!!]   File "/opt/nightcity/venv/lib/python3.12/site-packages/django/db/backends/utils.py", line 105, in _execute
2026-03-02 16:28:43 [!!]     return self.cursor.execute(sql, params)
2026-03-02 16:28:43 [!!]            ^^^^^^^^^^^^^^^^^^^^^^^^^^^^^^^^
2026-03-02 16:28:43 [!!]   File "/opt/nightcity/venv/lib/python3.12/site-packages/django/db/backends/sqlite3/base.py", line 359, in execute
2026-03-02 16:28:43 [!!]     return super().execute(query, params)
2026-03-02 16:28:43 [!!]            ^^^^^^^^^^^^^^^^^^^^^^^^^^^^^^
2026-03-02 16:28:43 [!!] django.db.utils.OperationalError: no such table: netrunning_netrunnerdeck
2026-03-02 16:28:43 [!!] Error in get_input
2026-03-02 16:28:53 [..] Logged out: Katral(account 3) 176.10.144.40 (0 sessions(s) remaining) (quit)
2026-03-02 16:31:53 [DP] obj.cmdset.add() kwarg 'permanent' has changed name to 'persistent'.
2026-03-02 16:31:54 [SS] Character Created: Mnemosyne (Caller: Mnemosyne(account 2), IP: 24.43.130.218).
2026-03-02 16:31:58 [SS] Puppet Success: (Caller: Mnemosyne(account 2), Target: Mnemosyne, IP: 24.43.130.218).
2026-03-02 17:41:55 [WW] ip_from_request: No valid IP address found in request. Using remote_addr.
2026-03-02 17:57:52 [SS] Password successfully changed for Soma(account None).
2026-03-02 17:57:52 [SS] Account Created: Soma(account 4) (IP: 76.105.8.183).
2026-03-02 17:57:57 [SS] Authentication Success: Soma(account 4) (IP: 76.105.8.183).
2026-03-02 17:57:57 [..] Logged in: Soma(account 4) 76.105.8.183 (1 session(s) total)
2026-03-02 17:58:09 [DP] obj.cmdset.add() kwarg 'permanent' has changed name to 'persistent'.
2026-03-02 17:58:09 [SS] Character Created: Soma (Caller: Soma(account 4), IP: 76.105.8.183).
2026-03-02 17:58:11 [SS] Puppet Success: (Caller: Soma(account 4), Target: Soma, IP: 76.105.8.183).
2026-03-02 17:58:47 [!!] Traceback (most recent call last):
2026-03-02 17:58:47 [!!]   File "/opt/nightcity/venv/lib/python3.12/site-packages/evennia/commands/cmdhandler.py", line 738, in cmdhandler
2026-03-02 17:58:47 [!!]     cmdset.get_all_cmd_keys_and_aliases(caller),
2026-03-02 17:58:47 [!!]     ^^^^^^^^^^^^^^^^^^^^^^^^^^^^^^^^^^^^^^^^^^^
2026-03-02 17:58:47 [!!]   File "/opt/nightcity/venv/lib/python3.12/site-packages/evennia/commands/cmdset.py", line 698, in get_all_cmd_keys_and_aliases
2026-03-02 17:58:47 [!!]     [names.extend(cmd._keyaliases) for cmd in self.commands if cmd.access(caller)]
2026-03-02 17:58:47 [!!]                                                                ^^^^^^^^^^^^^^^^^^
2026-03-02 17:58:47 [!!]   File "/opt/nightcity/venv/lib/python3.12/site-packages/evennia/commands/command.py", line 400, in access
2026-03-02 17:58:47 [!!]     return self.lockhandler.check(srcobj, access_type, default=default)
2026-03-02 17:58:47 [!!]            ^^^^^^^^^^^^^^^^^^^^^^^^^^^^^^^^^^^^^^^^^^^^^^^^^^^^^^^^^^^^
2026-03-02 17:58:47 [!!]   File "/opt/nightcity/venv/lib/python3.12/site-packages/evennia/locks/lockhandler.py", line 582, in check
2026-03-02 17:58:47 [!!]     true_false = tuple(
2026-03-02 17:58:47 [!!]                  ^^^^^^
2026-03-02 17:58:47 [!!]   File "/opt/nightcity/venv/lib/python3.12/site-packages/evennia/locks/lockhandler.py", line 583, in <genexpr>
2026-03-02 17:58:47 [!!]     bool(tup[0](accessing_obj, self.obj, *tup[1], access_type=access_type, **tup[2]))
2026-03-02 17:58:47 [!!]          ^^^^^^^^^^^^^^^^^^^^^^^^^^^^^^^^^^^^^^^^^^^^^^^^^^^^^^^^^^^^^^^^^^^^^^^^^^^
2026-03-02 17:58:47 [!!]   File "/opt/nightcity/game/server/conf/lockfuncs.py", line 50, in role
2026-03-02 17:58:47 [!!]     return accessing_obj.character_sheet.role == required_role
2026-03-02 17:58:47 [!!]            ^^^^^^^^^^^^^^^^^^^^^^^^^^^^^^^^^^
2026-03-02 17:58:47 [!!] AttributeError: 'NoneType' object has no attribute 'role'
2026-03-02 18:01:07 [!!] Traceback (most recent call last):
2026-03-02 18:01:07 [!!]   File "/opt/nightcity/venv/lib/python3.12/site-packages/evennia/commands/cmdhandler.py", line 629, in _run_command
2026-03-02 18:01:07 [!!]     ret = cmd.func()
2026-03-02 18:01:07 [!!]           ^^^^^^^^^^
2026-03-02 18:01:07 [!!]   File "/opt/nightcity/venv/lib/python3.12/site-packages/evennia/commands/default/help.py", line 615, in func
2026-03-02 18:01:07 [!!]     cmd_help_topics, db_help_topics, file_help_topics = self.collect_topics(
2026-03-02 18:01:07 [!!]                                                         ^^^^^^^^^^^^^^^^^^^^
2026-03-02 18:01:07 [!!]   File "/opt/nightcity/venv/lib/python3.12/site-packages/evennia/commands/default/help.py", line 424, in collect_topics
2026-03-02 18:01:07 [!!]     cmd_help_topics = [cmd for cmd in cmdset if cmd and cmd.access(caller, "cmd")]
2026-03-02 18:01:07 [!!]                                                         ^^^^^^^^^^^^^^^^^^^^^^^^^
2026-03-02 18:01:07 [!!]   File "/opt/nightcity/venv/lib/python3.12/site-packages/evennia/commands/command.py", line 400, in access
2026-03-02 18:01:07 [!!]     return self.lockhandler.check(srcobj, access_type, default=default)
2026-03-02 18:01:07 [!!]            ^^^^^^^^^^^^^^^^^^^^^^^^^^^^^^^^^^^^^^^^^^^^^^^^^^^^^^^^^^^^
2026-03-02 18:01:07 [!!]   File "/opt/nightcity/venv/lib/python3.12/site-packages/evennia/locks/lockhandler.py", line 582, in check
2026-03-02 18:01:07 [!!]     true_false = tuple(
2026-03-02 18:01:07 [!!]                  ^^^^^^
2026-03-02 18:01:07 [!!]   File "/opt/nightcity/venv/lib/python3.12/site-packages/evennia/locks/lockhandler.py", line 583, in <genexpr>
2026-03-02 18:01:07 [!!]     bool(tup[0](accessing_obj, self.obj, *tup[1], access_type=access_type, **tup[2]))
2026-03-02 18:01:07 [!!]          ^^^^^^^^^^^^^^^^^^^^^^^^^^^^^^^^^^^^^^^^^^^^^^^^^^^^^^^^^^^^^^^^^^^^^^^^^^^
2026-03-02 18:01:07 [!!]   File "/opt/nightcity/game/server/conf/lockfuncs.py", line 50, in role
2026-03-02 18:01:07 [!!]     return accessing_obj.character_sheet.role == required_role
2026-03-02 18:01:07 [!!]            ^^^^^^^^^^^^^^^^^^^^^^^^^^^^^^^^^^
2026-03-02 18:01:07 [!!] AttributeError: 'NoneType' object has no attribute 'role'
2026-03-02 18:01:07 [EE] User input was: '+help chargen
2026-03-02 18:01:07 [EE] '.
2026-03-02 18:01:49 [!!] Traceback (most recent call last):
2026-03-02 18:01:49 [!!]   File "/opt/nightcity/venv/lib/python3.12/site-packages/evennia/commands/cmdhandler.py", line 629, in _run_command
2026-03-02 18:01:49 [!!]     ret = cmd.func()
2026-03-02 18:01:49 [!!]           ^^^^^^^^^^
2026-03-02 18:01:49 [!!]   File "/opt/nightcity/venv/lib/python3.12/site-packages/evennia/commands/default/help.py", line 585, in func
2026-03-02 18:01:49 [!!]     cmd_help_topics, db_help_topics, file_help_topics = self.collect_topics(
2026-03-02 18:01:49 [!!]                                                         ^^^^^^^^^^^^^^^^^^^^
2026-03-02 18:01:49 [!!]   File "/opt/nightcity/venv/lib/python3.12/site-packages/evennia/commands/default/help.py", line 424, in collect_topics
2026-03-02 18:01:49 [!!]     cmd_help_topics = [cmd for cmd in cmdset if cmd and cmd.access(caller, "cmd")]
2026-03-02 18:01:49 [!!]                                                         ^^^^^^^^^^^^^^^^^^^^^^^^^
2026-03-02 18:01:49 [!!]   File "/opt/nightcity/venv/lib/python3.12/site-packages/evennia/commands/command.py", line 400, in access
2026-03-02 18:01:49 [!!]     return self.lockhandler.check(srcobj, access_type, default=default)
2026-03-02 18:01:49 [!!]            ^^^^^^^^^^^^^^^^^^^^^^^^^^^^^^^^^^^^^^^^^^^^^^^^^^^^^^^^^^^^
2026-03-02 18:01:49 [!!]   File "/opt/nightcity/venv/lib/python3.12/site-packages/evennia/locks/lockhandler.py", line 582, in check
2026-03-02 18:01:49 [!!]     true_false = tuple(
2026-03-02 18:01:49 [!!]                  ^^^^^^
2026-03-02 18:01:49 [!!]   File "/opt/nightcity/venv/lib/python3.12/site-packages/evennia/locks/lockhandler.py", line 583, in <genexpr>
2026-03-02 18:01:49 [!!]     bool(tup[0](accessing_obj, self.obj, *tup[1], access_type=access_type, **tup[2]))
2026-03-02 18:01:49 [!!]          ^^^^^^^^^^^^^^^^^^^^^^^^^^^^^^^^^^^^^^^^^^^^^^^^^^^^^^^^^^^^^^^^^^^^^^^^^^^
2026-03-02 18:01:49 [!!]   File "/opt/nightcity/game/server/conf/lockfuncs.py", line 50, in role
2026-03-02 18:01:49 [!!]     return accessing_obj.character_sheet.role == required_role
2026-03-02 18:01:49 [!!]            ^^^^^^^^^^^^^^^^^^^^^^^^^^^^^^^^^^
2026-03-02 18:01:49 [!!] AttributeError: 'NoneType' object has no attribute 'role'
2026-03-02 18:01:49 [EE] User input was: '+help
2026-03-02 18:01:49 [EE] '.
2026-03-02 18:10:27 [..] Server disconnected from the portal.
2026-03-02 18:10:27 [..] Main loop terminated.
2026-03-02 18:10:27 [..] Server Shut Down.
2026-03-02 18:10:35 [..] Loaded.
2026-03-02 18:10:28 [..] Loading /opt/nightcity/venv/lib/python3.12/site-packages/evennia/server/server.py...
2026-03-02 18:10:35 [..] Loaded.
2026-03-02 18:10:35 [..] twistd 24.11.0 (/opt/nightcity/venv/bin/python3 3.12.3) starting up.
2026-03-02 18:10:35 [..] reactor class: twisted.internet.epollreactor.EPollReactor.
2026-03-02 18:10:36 [..] Webserver starting on 4002
2026-03-02 18:10:36 [..] Server successfully reloaded.
2026-03-02 18:10:37 [..] Server disconnected from the portal.
2026-03-02 18:10:37 [..] Main loop terminated.
2026-03-02 18:10:37 [..] Server Shut Down.
2026-03-02 18:11:56 [..] Loaded.
2026-03-02 18:11:53 [..] Loading /opt/nightcity/venv/lib/python3.12/site-packages/evennia/server/server.py...
2026-03-02 18:11:56 [..] Loaded.
2026-03-02 18:11:56 [..] twistd 24.11.0 (/opt/nightcity/venv/bin/python3 3.12.3) starting up.
2026-03-02 18:11:56 [..] reactor class: twisted.internet.epollreactor.EPollReactor.
2026-03-02 18:11:56 [..] Webserver starting on 4002
2026-03-02 18:11:56 [..] Evennia Server successfully started.
2026-03-02 18:12:25 [SS] Authentication Success: Soma(account 4) (IP: 76.105.8.183).
2026-03-02 18:12:25 [..] Logged in: Soma(account 4) 76.105.8.183 (1 session(s) total)
2026-03-02 18:12:35 [SS] Puppet Success: (Caller: Soma(account 4), Target: Soma, IP: 76.105.8.183).
2026-03-02 18:13:13 [EE] Error in create_character for Soma: 'DbHolder' object does not support item assignment
2026-03-02 18:13:44 [SS] Authentication Success: Mnemosyne(account 2) (IP: 24.43.130.218).
2026-03-02 18:13:44 [..] Logged in: Mnemosyne(account 2) 24.43.130.218 (1 session(s) total)
2026-03-02 18:13:48 [SS] Puppet Success: (Caller: Mnemosyne(account 2), Target: Mnemosyne, IP: 24.43.130.218).
2026-03-02 18:18:28 [..] Server disconnected from the portal.
2026-03-02 18:18:28 [..] Main loop terminated.
2026-03-02 18:18:28 [..] Server Shut Down.
2026-03-02 18:18:32 [..] Loaded.
2026-03-02 18:18:29 [..] Loading /opt/nightcity/venv/lib/python3.12/site-packages/evennia/server/server.py...
2026-03-02 18:18:32 [..] Loaded.
2026-03-02 18:18:32 [..] twistd 24.11.0 (/opt/nightcity/venv/bin/python3 3.12.3) starting up.
2026-03-02 18:18:32 [..] reactor class: twisted.internet.epollreactor.EPollReactor.
2026-03-02 18:18:32 [..] Webserver starting on 4002
2026-03-02 18:18:32 [..] Server successfully reloaded.
2026-03-02 18:19:04 [..] CmdChargen.func() called with args: edgerunner rockerboy Soma
2026-03-02 18:19:04 [..] Parsed args - method: edgerunner, role: Rockerboy, full_name: Soma
2026-03-02 18:19:04 [..] Chargen command called with method: edgerunner, role: Rockerboy, full_name: Soma
2026-03-02 18:19:04 [!!] Traceback (most recent call last):
2026-03-02 18:19:04 [!!]   File "/opt/nightcity/venv/lib/python3.12/site-packages/evennia/commands/cmdhandler.py", line 629, in _run_command
2026-03-02 18:19:04 [!!]     ret = cmd.func()
2026-03-02 18:19:04 [!!]           ^^^^^^^^^^
2026-03-02 18:19:04 [!!]   File "/opt/nightcity/game/commands/chargen.py", line 161, in func
2026-03-02 18:19:04 [!!]     if self.caller.db.get('role'):
2026-03-02 18:19:04 [!!]        ^^^^^^^^^^^^^^^^^^^^^^^^^^
2026-03-02 18:19:04 [!!] TypeError: 'NoneType' object is not callable
2026-03-02 18:19:04 [EE] User input was: 'chargen edgerunner rockerboy Soma
2026-03-02 18:19:04 [EE] '.
2026-03-02 18:21:02 [..] Server disconnected from the portal.
2026-03-02 18:21:02 [..] Main loop terminated.
2026-03-02 18:21:02 [..] Server Shut Down.
2026-03-02 18:21:06 [..] Loaded.
2026-03-02 18:21:03 [..] Loading /opt/nightcity/venv/lib/python3.12/site-packages/evennia/server/server.py...
2026-03-02 18:21:06 [..] Loaded.
2026-03-02 18:21:06 [..] twistd 24.11.0 (/opt/nightcity/venv/bin/python3 3.12.3) starting up.
2026-03-02 18:21:06 [..] reactor class: twisted.internet.epollreactor.EPollReactor.
2026-03-02 18:21:06 [..] Webserver starting on 4002
2026-03-02 18:21:06 [..] Server successfully reloaded.
2026-03-02 18:21:08 [..] CmdChargen.func() called with args: edgerunner rockerboy Soma
2026-03-02 18:21:08 [..] Parsed args - method: edgerunner, role: Rockerboy, full_name: Soma
2026-03-02 18:21:08 [..] Chargen command called with method: edgerunner, role: Rockerboy, full_name: Soma
2026-03-02 18:21:08 [..] Waiting for user confirmation.
2026-03-02 18:21:11 [..] CmdChargen.func() called with args: 
2026-03-02 18:21:11 [!!] Traceback (most recent call last):
2026-03-02 18:21:11 [!!]   File "/opt/nightcity/venv/lib/python3.12/site-packages/django/db/backends/utils.py", line 105, in _execute
2026-03-02 18:21:11 [!!]     return self.cursor.execute(sql, params)
2026-03-02 18:21:11 [!!]            ^^^^^^^^^^^^^^^^^^^^^^^^^^^^^^^^
2026-03-02 18:21:11 [!!]   File "/opt/nightcity/venv/lib/python3.12/site-packages/django/db/backends/sqlite3/base.py", line 359, in execute
2026-03-02 18:21:11 [!!]     return super().execute(query, params)
2026-03-02 18:21:11 [!!]            ^^^^^^^^^^^^^^^^^^^^^^^^^^^^^^
2026-03-02 18:21:11 [!!] sqlite3.OperationalError: no such table: netrunning_netrunnerdeck
None2026-03-02 18:21:11 [!!] The above exception was the direct cause of the following exception:
None2026-03-02 18:21:11 [!!] Traceback (most recent call last):
2026-03-02 18:21:11 [!!]   File "/opt/nightcity/venv/lib/python3.12/site-packages/evennia/commands/cmdhandler.py", line 629, in _run_command
2026-03-02 18:21:11 [!!]     ret = cmd.func()
2026-03-02 18:21:11 [!!]           ^^^^^^^^^^
2026-03-02 18:21:11 [!!]   File "/opt/nightcity/game/commands/chargen.py", line 120, in func
2026-03-02 18:21:11 [!!]     self.reset_character()
2026-03-02 18:21:11 [!!]   File "/opt/nightcity/game/commands/chargen.py", line 327, in reset_character
2026-03-02 18:21:11 [!!]     char.character_sheet.delete()
2026-03-02 18:21:11 [!!]   File "/opt/nightcity/venv/lib/python3.12/site-packages/evennia/utils/idmapper/models.py", line 422, in delete
2026-03-02 18:21:11 [!!]     super().delete(*args, **kwargs)
2026-03-02 18:21:11 [!!]   File "/opt/nightcity/venv/lib/python3.12/site-packages/django/db/models/base.py", line 1300, in delete
2026-03-02 18:21:11 [!!]     return collector.delete()
2026-03-02 18:21:11 [!!]            ^^^^^^^^^^^^^^^^^^
2026-03-02 18:21:11 [!!]   File "/opt/nightcity/venv/lib/python3.12/site-packages/django/db/models/deletion.py", line 489, in delete
2026-03-02 18:21:11 [!!]     combined_updates.update(**{field.name: value})
2026-03-02 18:21:11 [!!]   File "/opt/nightcity/venv/lib/python3.12/site-packages/django/db/models/query.py", line 1300, in update
2026-03-02 18:21:11 [!!]     rows = query.get_compiler(self.db).execute_sql(ROW_COUNT)
2026-03-02 18:21:11 [!!]            ^^^^^^^^^^^^^^^^^^^^^^^^^^^^^^^^^^^^^^^^^^^^^^^^^^
2026-03-02 18:21:11 [!!]   File "/opt/nightcity/venv/lib/python3.12/site-packages/django/db/models/sql/compiler.py", line 2111, in execute_sql
2026-03-02 18:21:11 [!!]     row_count = super().execute_sql(result_type)
2026-03-02 18:21:11 [!!]                 ^^^^^^^^^^^^^^^^^^^^^^^^^^^^^^^^
2026-03-02 18:21:11 [!!]   File "/opt/nightcity/venv/lib/python3.12/site-packages/django/db/models/sql/compiler.py", line 1624, in execute_sql
2026-03-02 18:21:11 [!!]     cursor.execute(sql, params)
2026-03-02 18:21:11 [!!]   File "/opt/nightcity/venv/lib/python3.12/site-packages/django/db/backends/utils.py", line 79, in execute
2026-03-02 18:21:11 [!!]     return self._execute_with_wrappers(
2026-03-02 18:21:11 [!!]            ^^^^^^^^^^^^^^^^^^^^^^^^^^^^
2026-03-02 18:21:11 [!!]   File "/opt/nightcity/venv/lib/python3.12/site-packages/django/db/backends/utils.py", line 92, in _execute_with_wrappers
2026-03-02 18:21:11 [!!]     return executor(sql, params, many, context)
2026-03-02 18:21:11 [!!]            ^^^^^^^^^^^^^^^^^^^^^^^^^^^^^^^^^^^^
2026-03-02 18:21:11 [!!]   File "/opt/nightcity/venv/lib/python3.12/site-packages/django/db/backends/utils.py", line 100, in _execute
2026-03-02 18:21:11 [!!]     with self.db.wrap_database_errors:
2026-03-02 18:21:11 [!!]   File "/opt/nightcity/venv/lib/python3.12/site-packages/django/db/utils.py", line 94, in __exit__
2026-03-02 18:21:11 [!!]     raise dj_exc_value.with_traceback(traceback) from exc_value
2026-03-02 18:21:11 [!!]   File "/opt/nightcity/venv/lib/python3.12/site-packages/django/db/backends/utils.py", line 105, in _execute
2026-03-02 18:21:11 [!!]     return self.cursor.execute(sql, params)
2026-03-02 18:21:11 [!!]            ^^^^^^^^^^^^^^^^^^^^^^^^^^^^^^^^
2026-03-02 18:21:11 [!!]   File "/opt/nightcity/venv/lib/python3.12/site-packages/django/db/backends/sqlite3/base.py", line 359, in execute
2026-03-02 18:21:11 [!!]     return super().execute(query, params)
2026-03-02 18:21:11 [!!]            ^^^^^^^^^^^^^^^^^^^^^^^^^^^^^^
2026-03-02 18:21:11 [!!] django.db.utils.OperationalError: no such table: netrunning_netrunnerdeck
2026-03-02 18:21:11 [EE] User input was: 'chargen/reset
2026-03-02 18:21:11 [EE] '.
2026-03-02 18:28:31 [..] CmdChargen.func() called with args: edgerunner solo Mnemosyne
2026-03-02 18:28:31 [..] Parsed args - method: edgerunner, role: Solo, full_name: Mnemosyne
2026-03-02 18:28:31 [..] Chargen command called with method: edgerunner, role: Solo, full_name: Mnemosyne
2026-03-02 18:28:31 [..] Creating character with method: edgerunner, role: Solo, full_name: Mnemosyne
2026-03-02 18:28:31 [..] Removing existing character sheet 3 for account before creating new one
2026-03-02 18:28:31 [..] Created character sheet with ID 5
2026-03-02 18:28:31 [EE] Error in create_character: 'DbHolder' object does not support item assignment
2026-03-02 18:28:31 [EE] Traceback: Traceback (most recent call last):
2026-03-02 18:28:31 [EE]   File "/opt/nightcity/game/commands/chargen.py", line 221, in create_character
2026-03-02 18:28:31 [EE]     result = self.edgerunner_chargen(char, sheet, role)
2026-03-02 18:28:31 [EE]              ^^^^^^^^^^^^^^^^^^^^^^^^^^^^^^^^^^^^^^^^^^
2026-03-02 18:28:31 [EE]   File "/opt/nightcity/game/commands/chargen.py", line 248, in edgerunner_chargen
2026-03-02 18:28:31 [EE]     char.db[stat] = value
2026-03-02 18:28:31 [EE]     ~~~~~~~^^^^^^
2026-03-02 18:28:31 [EE] TypeError: 'DbHolder' object does not support item assignment
2026-03-02 18:30:06 [WW] Warning: Idmapper flush called more than once in 5.0 min interval. Check memory usage.
2026-03-02 19:15:03 [..] Server disconnected from the portal.
2026-03-02 19:15:03 [..] Main loop terminated.
2026-03-02 19:15:03 [..] Server Shut Down.
2026-03-02 19:15:08 [..] Loaded.
2026-03-02 19:15:04 [..] Loading /opt/nightcity/venv/lib/python3.12/site-packages/evennia/server/server.py...
2026-03-02 19:15:08 [..] Loaded.
2026-03-02 19:15:08 [..] twistd 24.11.0 (/opt/nightcity/venv/bin/python3 3.12.3) starting up.
2026-03-02 19:15:08 [..] reactor class: twisted.internet.epollreactor.EPollReactor.
2026-03-02 19:15:08 [..] Webserver starting on 4002
2026-03-02 19:15:08 [..] Server successfully reloaded.
2026-03-02 19:15:10 [..] CmdChargen.func() called with args: edgerunner rockerboy Soma
2026-03-02 19:15:10 [..] Parsed args - method: edgerunner, role: Rockerboy, full_name: Soma
2026-03-02 19:15:10 [..] Chargen command called with method: edgerunner, role: Rockerboy, full_name: Soma
2026-03-02 19:15:10 [..] Waiting for user confirmation.
2026-03-02 19:15:12 [..] CmdChargen.func() called with args: 
2026-03-02 19:15:12 [!!] Traceback (most recent call last):
2026-03-02 19:15:12 [!!]   File "/opt/nightcity/venv/lib/python3.12/site-packages/django/db/backends/utils.py", line 105, in _execute
2026-03-02 19:15:12 [!!]     return self.cursor.execute(sql, params)
2026-03-02 19:15:12 [!!]            ^^^^^^^^^^^^^^^^^^^^^^^^^^^^^^^^
2026-03-02 19:15:12 [!!]   File "/opt/nightcity/venv/lib/python3.12/site-packages/django/db/backends/sqlite3/base.py", line 359, in execute
2026-03-02 19:15:12 [!!]     return super().execute(query, params)
2026-03-02 19:15:12 [!!]            ^^^^^^^^^^^^^^^^^^^^^^^^^^^^^^
2026-03-02 19:15:12 [!!] sqlite3.OperationalError: no such table: cyberpunk_sheets_characterlanguage
None2026-03-02 19:15:12 [!!] The above exception was the direct cause of the following exception:
None2026-03-02 19:15:12 [!!] Traceback (most recent call last):
2026-03-02 19:15:12 [!!]   File "/opt/nightcity/venv/lib/python3.12/site-packages/evennia/commands/cmdhandler.py", line 629, in _run_command
2026-03-02 19:15:12 [!!]     ret = cmd.func()
2026-03-02 19:15:12 [!!]           ^^^^^^^^^^
2026-03-02 19:15:12 [!!]   File "/opt/nightcity/game/commands/chargen.py", line 120, in func
2026-03-02 19:15:12 [!!]     self.reset_character()
2026-03-02 19:15:12 [!!]   File "/opt/nightcity/game/commands/chargen.py", line 327, in reset_character
2026-03-02 19:15:12 [!!]     char.character_sheet.delete()
2026-03-02 19:15:12 [!!]   File "/opt/nightcity/venv/lib/python3.12/site-packages/evennia/utils/idmapper/models.py", line 422, in delete
2026-03-02 19:15:12 [!!]     super().delete(*args, **kwargs)
2026-03-02 19:15:12 [!!]   File "/opt/nightcity/venv/lib/python3.12/site-packages/django/db/models/base.py", line 1299, in delete
2026-03-02 19:15:12 [!!]     collector.collect([self], keep_parents=keep_parents)
2026-03-02 19:15:12 [!!]   File "/opt/nightcity/venv/lib/python3.12/site-packages/django/db/models/deletion.py", line 347, in collect
2026-03-02 19:15:12 [!!]     if getattr(on_delete, "lazy_sub_objs", False) or sub_objs:
2026-03-02 19:15:12 [!!]                                                      ^^^^^^^^
2026-03-02 19:15:12 [!!]   File "/opt/nightcity/venv/lib/python3.12/site-packages/django/db/models/query.py", line 404, in __bool__
2026-03-02 19:15:12 [!!]     self._fetch_all()
2026-03-02 19:15:12 [!!]   File "/opt/nightcity/venv/lib/python3.12/site-packages/django/db/models/query.py", line 2000, in _fetch_all
2026-03-02 19:15:12 [!!]     self._result_cache = list(self._iterable_class(self))
2026-03-02 19:15:12 [!!]                          ^^^^^^^^^^^^^^^^^^^^^^^^^^^^^^^^
2026-03-02 19:15:12 [!!]   File "/opt/nightcity/venv/lib/python3.12/site-packages/django/db/models/query.py", line 95, in __iter__
2026-03-02 19:15:12 [!!]     results = compiler.execute_sql(
2026-03-02 19:15:12 [!!]               ^^^^^^^^^^^^^^^^^^^^^
2026-03-02 19:15:12 [!!]   File "/opt/nightcity/venv/lib/python3.12/site-packages/django/db/models/sql/compiler.py", line 1624, in execute_sql
2026-03-02 19:15:12 [!!]     cursor.execute(sql, params)
2026-03-02 19:15:12 [!!]   File "/opt/nightcity/venv/lib/python3.12/site-packages/django/db/backends/utils.py", line 79, in execute
2026-03-02 19:15:12 [!!]     return self._execute_with_wrappers(
2026-03-02 19:15:12 [!!]            ^^^^^^^^^^^^^^^^^^^^^^^^^^^^
2026-03-02 19:15:12 [!!]   File "/opt/nightcity/venv/lib/python3.12/site-packages/django/db/backends/utils.py", line 92, in _execute_with_wrappers
2026-03-02 19:15:12 [!!]     return executor(sql, params, many, context)
2026-03-02 19:15:12 [!!]            ^^^^^^^^^^^^^^^^^^^^^^^^^^^^^^^^^^^^
2026-03-02 19:15:12 [!!]   File "/opt/nightcity/venv/lib/python3.12/site-packages/django/db/backends/utils.py", line 100, in _execute
2026-03-02 19:15:12 [!!]     with self.db.wrap_database_errors:
2026-03-02 19:15:12 [!!]   File "/opt/nightcity/venv/lib/python3.12/site-packages/django/db/utils.py", line 94, in __exit__
2026-03-02 19:15:12 [!!]     raise dj_exc_value.with_traceback(traceback) from exc_value
2026-03-02 19:15:12 [!!]   File "/opt/nightcity/venv/lib/python3.12/site-packages/django/db/backends/utils.py", line 105, in _execute
2026-03-02 19:15:12 [!!]     return self.cursor.execute(sql, params)
2026-03-02 19:15:12 [!!]            ^^^^^^^^^^^^^^^^^^^^^^^^^^^^^^^^
2026-03-02 19:15:12 [!!]   File "/opt/nightcity/venv/lib/python3.12/site-packages/django/db/backends/sqlite3/base.py", line 359, in execute
2026-03-02 19:15:12 [!!]     return super().execute(query, params)
2026-03-02 19:15:12 [!!]            ^^^^^^^^^^^^^^^^^^^^^^^^^^^^^^
2026-03-02 19:15:12 [!!] django.db.utils.OperationalError: no such table: cyberpunk_sheets_characterlanguage
2026-03-02 19:15:12 [EE] User input was: 'chargen/reset
2026-03-02 19:15:12 [EE] '.
2026-03-02 19:16:52 [..] Server disconnected from the portal.
2026-03-02 19:16:52 [..] Main loop terminated.
2026-03-02 19:16:52 [..] Server Shut Down.
2026-03-02 19:16:56 [..] Loaded.
2026-03-02 19:16:53 [..] Loading /opt/nightcity/venv/lib/python3.12/site-packages/evennia/server/server.py...
2026-03-02 19:16:56 [..] Loaded.
2026-03-02 19:16:56 [..] twistd 24.11.0 (/opt/nightcity/venv/bin/python3 3.12.3) starting up.
2026-03-02 19:16:56 [..] reactor class: twisted.internet.epollreactor.EPollReactor.
2026-03-02 19:16:56 [..] Webserver starting on 4002
2026-03-02 19:16:56 [..] Server successfully reloaded.
2026-03-02 19:16:57 [..] CmdChargen.func() called with args: 
2026-03-02 19:17:01 [..] CmdChargen.func() called with args: edgerunner rockerboy Soma
2026-03-02 19:17:01 [..] Parsed args - method: edgerunner, role: Rockerboy, full_name: Soma
2026-03-02 19:17:01 [..] Chargen command called with method: edgerunner, role: Rockerboy, full_name: Soma
2026-03-02 19:17:01 [..] Creating character with method: edgerunner, role: Rockerboy, full_name: Soma
2026-03-02 19:17:01 [EE] Error in create_character: Cannot resolve keyword 'character' into field. Choices are: active, character_object, character_object_id, character_sheet, character_sheet_id, cyberware, cyberware_id, id, installed, inventory, netrunner_deck
2026-03-02 19:17:01 [EE] Traceback: Traceback (most recent call last):
2026-03-02 19:17:01 [EE]   File "/opt/nightcity/game/commands/chargen.py", line 210, in create_character
2026-03-02 19:17:01 [EE]     sheet = CharacterSheet.objects.create(character=char, account=account)
2026-03-02 19:17:01 [EE]             ^^^^^^^^^^^^^^^^^^^^^^^^^^^^^^^^^^^^^^^^^^^^^^^^^^^^^^^^^^^^^^
2026-03-02 19:17:01 [EE]   File "/opt/nightcity/venv/lib/python3.12/site-packages/django/db/models/manager.py", line 87, in manager_method
2026-03-02 19:17:01 [EE]     return getattr(self.get_queryset(), name)(*args, **kwargs)
2026-03-02 19:17:01 [EE]            ^^^^^^^^^^^^^^^^^^^^^^^^^^^^^^^^^^^^^^^^^^^^^^^^^^^
2026-03-02 19:17:01 [EE]   File "/opt/nightcity/venv/lib/python3.12/site-packages/django/db/models/query.py", line 669, in create
2026-03-02 19:17:01 [EE]     obj.save(force_insert=True, using=self.db)
2026-03-02 19:17:01 [EE]   File "/opt/nightcity/game/world/cyberpunk_sheets/models.py", line 726, in save
2026-03-02 19:17:01 [EE]     self.recalculate_derived_stats()
2026-03-02 19:17:01 [EE]   File "/opt/nightcity/game/world/cyberpunk_sheets/models.py", line 741, in recalculate_derived_stats
2026-03-02 19:17:01 [EE]     total_cyberware_hl = self.calculate_total_cyberware_hl()
2026-03-02 19:17:01 [EE]                          ^^^^^^^^^^^^^^^^^^^^^^^^^^^^^^^^^^^
2026-03-02 19:17:01 [EE]   File "/opt/nightcity/game/world/cyberpunk_sheets/models.py", line 622, in calculate_total_cyberware_hl
2026-03-02 19:17:01 [EE]     installed_cyberware = CyberwareInstance.objects.filter(character=self, installed=True)
2026-03-02 19:17:01 [EE]                           ^^^^^^^^^^^^^^^^^^^^^^^^^^^^^^^^^^^^^^^^^^^^^^^^^^^^^^^^^^^^^^^^
2026-03-02 19:17:01 [EE]   File "/opt/nightcity/venv/lib/python3.12/site-packages/django/db/models/manager.py", line 87, in manager_method
2026-03-02 19:17:01 [EE]     return getattr(self.get_queryset(), name)(*args, **kwargs)
2026-03-02 19:17:01 [EE]            ^^^^^^^^^^^^^^^^^^^^^^^^^^^^^^^^^^^^^^^^^^^^^^^^^^^
2026-03-02 19:17:01 [EE]   File "/opt/nightcity/venv/lib/python3.12/site-packages/django/db/models/query.py", line 1542, in filter
2026-03-02 19:17:01 [EE]     return self._filter_or_exclude(False, args, kwargs)
2026-03-02 19:17:01 [EE]            ^^^^^^^^^^^^^^^^^^^^^^^^^^^^^^^^^^^^^^^^^^^^
2026-03-02 19:17:01 [EE]   File "/opt/nightcity/venv/lib/python3.12/site-packages/django/db/models/query.py", line 1560, in _filter_or_exclude
2026-03-02 19:17:01 [EE]     clone._filter_or_exclude_inplace(negate, args, kwargs)
2026-03-02 19:17:01 [EE]   File "/opt/nightcity/venv/lib/python3.12/site-packages/django/db/models/query.py", line 1570, in _filter_or_exclude_inplace
2026-03-02 19:17:01 [EE]     self._query.add_q(Q(*args, **kwargs))
2026-03-02 19:17:01 [EE]   File "/opt/nightcity/venv/lib/python3.12/site-packages/django/db/models/sql/query.py", line 1676, in add_q
2026-03-02 19:17:01 [EE]     clause, _ = self._add_q(q_object, can_reuse)
2026-03-02 19:17:01 [EE]                 ^^^^^^^^^^^^^^^^^^^^^^^^^^^^^^^^
2026-03-02 19:17:01 [EE]   File "/opt/nightcity/venv/lib/python3.12/site-packages/django/db/models/sql/query.py", line 1708, in _add_q
2026-03-02 19:17:01 [EE]     child_clause, needed_inner = self.build_filter(
2026-03-02 19:17:01 [EE]                                  ^^^^^^^^^^^^^^^^^^
2026-03-02 19:17:01 [EE]   File "/opt/nightcity/venv/lib/python3.12/site-packages/django/db/models/sql/query.py", line 1556, in build_filter
2026-03-02 19:17:01 [EE]     lookups, parts, reffed_expression = self.solve_lookup_type(arg, summarize)
2026-03-02 19:17:01 [EE]                                         ^^^^^^^^^^^^^^^^^^^^^^^^^^^^^^^^^^^^^^
2026-03-02 19:17:01 [EE]   File "/opt/nightcity/venv/lib/python3.12/site-packages/django/db/models/sql/query.py", line 1363, in solve_lookup_type
2026-03-02 19:17:01 [EE]     _, field, _, lookup_parts = self.names_to_path(lookup_splitted, self.get_meta())
2026-03-02 19:17:01 [EE]                                 ^^^^^^^^^^^^^^^^^^^^^^^^^^^^^^^^^^^^^^^^^^^^^^^^^^^^
2026-03-02 19:17:01 [EE]   File "/opt/nightcity/venv/lib/python3.12/site-packages/django/db/models/sql/query.py", line 1842, in names_to_path
2026-03-02 19:17:01 [EE]     raise FieldError(
2026-03-02 19:17:01 [EE] django.core.exceptions.FieldError: Cannot resolve keyword 'character' into field. Choices are: active, character_object, character_object_id, character_sheet, character_sheet_id, cyberware, cyberware_id, id, installed, inventory, netrunner_deck
2026-03-02 19:18:48 [..] Server disconnected from the portal.
2026-03-02 19:18:48 [..] Main loop terminated.
2026-03-02 19:18:48 [..] Server Shut Down.
2026-03-02 19:18:52 [..] Loaded.
2026-03-02 19:18:49 [..] Loading /opt/nightcity/venv/lib/python3.12/site-packages/evennia/server/server.py...
2026-03-02 19:18:52 [..] Loaded.
2026-03-02 19:18:52 [..] twistd 24.11.0 (/opt/nightcity/venv/bin/python3 3.12.3) starting up.
2026-03-02 19:18:52 [..] reactor class: twisted.internet.epollreactor.EPollReactor.
2026-03-02 19:18:52 [..] Webserver starting on 4002
2026-03-02 19:18:52 [..] Server successfully reloaded.
2026-03-02 19:18:53 [..] CmdChargen.func() called with args: edgerunner rockerboy Soma
2026-03-02 19:18:53 [..] Parsed args - method: edgerunner, role: Rockerboy, full_name: Soma
2026-03-02 19:18:53 [..] Chargen command called with method: edgerunner, role: Rockerboy, full_name: Soma
2026-03-02 19:18:53 [..] Waiting for user confirmation.
2026-03-02 19:18:55 [..] CmdChargen.func() called with args: 
2026-03-02 19:18:56 [..] CmdChargen.func() called with args: edgerunner rockerboy Soma
2026-03-02 19:18:56 [..] Parsed args - method: edgerunner, role: Rockerboy, full_name: Soma
2026-03-02 19:18:56 [..] Chargen command called with method: edgerunner, role: Rockerboy, full_name: Soma
2026-03-02 19:18:56 [..] Creating character with method: edgerunner, role: Rockerboy, full_name: Soma
2026-03-02 19:18:56 [EE] Error in create_character: Model instances passed to related filters must be saved.
2026-03-02 19:18:56 [EE] Traceback: Traceback (most recent call last):
2026-03-02 19:18:56 [EE]   File "/opt/nightcity/game/commands/chargen.py", line 210, in create_character
2026-03-02 19:18:56 [EE]     sheet = CharacterSheet.objects.create(character=char, account=account)
2026-03-02 19:18:56 [EE]             ^^^^^^^^^^^^^^^^^^^^^^^^^^^^^^^^^^^^^^^^^^^^^^^^^^^^^^^^^^^^^^
2026-03-02 19:18:56 [EE]   File "/opt/nightcity/venv/lib/python3.12/site-packages/django/db/models/manager.py", line 87, in manager_method
2026-03-02 19:18:56 [EE]     return getattr(self.get_queryset(), name)(*args, **kwargs)
2026-03-02 19:18:56 [EE]            ^^^^^^^^^^^^^^^^^^^^^^^^^^^^^^^^^^^^^^^^^^^^^^^^^^^
2026-03-02 19:18:56 [EE]   File "/opt/nightcity/venv/lib/python3.12/site-packages/django/db/models/query.py", line 669, in create
2026-03-02 19:18:56 [EE]     obj.save(force_insert=True, using=self.db)
2026-03-02 19:18:56 [EE]   File "/opt/nightcity/game/world/cyberpunk_sheets/models.py", line 726, in save
2026-03-02 19:18:56 [EE]     self.recalculate_derived_stats()
2026-03-02 19:18:56 [EE]   File "/opt/nightcity/game/world/cyberpunk_sheets/models.py", line 741, in recalculate_derived_stats
2026-03-02 19:18:56 [EE]     total_cyberware_hl = self.calculate_total_cyberware_hl()
2026-03-02 19:18:56 [EE]                          ^^^^^^^^^^^^^^^^^^^^^^^^^^^^^^^^^^^
2026-03-02 19:18:56 [EE]   File "/opt/nightcity/game/world/cyberpunk_sheets/models.py", line 622, in calculate_total_cyberware_hl
2026-03-02 19:18:56 [EE]     installed_cyberware = CyberwareInstance.objects.filter(character_sheet=self, installed=True)
2026-03-02 19:18:56 [EE]                           ^^^^^^^^^^^^^^^^^^^^^^^^^^^^^^^^^^^^^^^^^^^^^^^^^^^^^^^^^^^^^^^^^^^^^^
2026-03-02 19:18:56 [EE]   File "/opt/nightcity/venv/lib/python3.12/site-packages/django/db/models/manager.py", line 87, in manager_method
2026-03-02 19:18:56 [EE]     return getattr(self.get_queryset(), name)(*args, **kwargs)
2026-03-02 19:18:56 [EE]            ^^^^^^^^^^^^^^^^^^^^^^^^^^^^^^^^^^^^^^^^^^^^^^^^^^^
2026-03-02 19:18:56 [EE]   File "/opt/nightcity/venv/lib/python3.12/site-packages/django/db/models/query.py", line 1542, in filter
2026-03-02 19:18:56 [EE]     return self._filter_or_exclude(False, args, kwargs)
2026-03-02 19:18:56 [EE]            ^^^^^^^^^^^^^^^^^^^^^^^^^^^^^^^^^^^^^^^^^^^^
2026-03-02 19:18:56 [EE]   File "/opt/nightcity/venv/lib/python3.12/site-packages/django/db/models/query.py", line 1560, in _filter_or_exclude
2026-03-02 19:18:56 [EE]     clone._filter_or_exclude_inplace(negate, args, kwargs)
2026-03-02 19:18:56 [EE]   File "/opt/nightcity/venv/lib/python3.12/site-packages/django/db/models/query.py", line 1570, in _filter_or_exclude_inplace
2026-03-02 19:18:56 [EE]     self._query.add_q(Q(*args, **kwargs))
2026-03-02 19:18:56 [EE]   File "/opt/nightcity/venv/lib/python3.12/site-packages/django/db/models/sql/query.py", line 1676, in add_q
2026-03-02 19:18:56 [EE]     clause, _ = self._add_q(q_object, can_reuse)
2026-03-02 19:18:56 [EE]                 ^^^^^^^^^^^^^^^^^^^^^^^^^^^^^^^^
2026-03-02 19:18:56 [EE]   File "/opt/nightcity/venv/lib/python3.12/site-packages/django/db/models/sql/query.py", line 1708, in _add_q
2026-03-02 19:18:56 [EE]     child_clause, needed_inner = self.build_filter(
2026-03-02 19:18:56 [EE]                                  ^^^^^^^^^^^^^^^^^^
2026-03-02 19:18:56 [EE]   File "/opt/nightcity/venv/lib/python3.12/site-packages/django/db/models/sql/query.py", line 1618, in build_filter
2026-03-02 19:18:56 [EE]     condition = self.build_lookup(lookups, col, value)
2026-03-02 19:18:56 [EE]                 ^^^^^^^^^^^^^^^^^^^^^^^^^^^^^^^^^^^^^^
2026-03-02 19:18:56 [EE]   File "/opt/nightcity/venv/lib/python3.12/site-packages/django/db/models/sql/query.py", line 1445, in build_lookup
2026-03-02 19:18:56 [EE]     lookup = lookup_class(lhs, rhs)
2026-03-02 19:18:56 [EE]              ^^^^^^^^^^^^^^^^^^^^^^
2026-03-02 19:18:56 [EE]   File "/opt/nightcity/venv/lib/python3.12/site-packages/django/db/models/lookups.py", line 35, in __init__
2026-03-02 19:18:56 [EE]     self.rhs = self.get_prep_lookup()
2026-03-02 19:18:56 [EE]                ^^^^^^^^^^^^^^^^^^^^^^
2026-03-02 19:18:56 [EE]   File "/opt/nightcity/venv/lib/python3.12/site-packages/django/db/models/fields/related_lookups.py", line 104, in get_prep_lookup
2026-03-02 19:18:56 [EE]     self.rhs = get_normalized_value(self.rhs, self.lhs)[0]
2026-03-02 19:18:56 [EE]                ^^^^^^^^^^^^^^^^^^^^^^^^^^^^^^^^^^^^^^^^
2026-03-02 19:18:56 [EE]   File "/opt/nightcity/venv/lib/python3.12/site-packages/django/db/models/fields/related_lookups.py", line 20, in get_normalized_value
2026-03-02 19:18:56 [EE]     raise ValueError("Model instances passed to related filters must be saved.")
2026-03-02 19:18:56 [EE] ValueError: Model instances passed to related filters must be saved.
2026-03-02 19:20:45 [..] Server disconnected from the portal.
2026-03-02 19:20:45 [..] Main loop terminated.
2026-03-02 19:20:45 [..] Server Shut Down.
2026-03-02 19:20:49 [..] Loaded.
2026-03-02 19:20:46 [..] Loading /opt/nightcity/venv/lib/python3.12/site-packages/evennia/server/server.py...
2026-03-02 19:20:49 [..] Loaded.
2026-03-02 19:20:49 [..] twistd 24.11.0 (/opt/nightcity/venv/bin/python3 3.12.3) starting up.
2026-03-02 19:20:49 [..] reactor class: twisted.internet.epollreactor.EPollReactor.
2026-03-02 19:20:49 [..] Webserver starting on 4002
2026-03-02 19:20:49 [..] Server successfully reloaded.
2026-03-02 19:20:50 [..] CmdChargen.func() called with args: 
2026-03-02 19:20:51 [..] CmdChargen.func() called with args: edgerunner rockerboy Soma
2026-03-02 19:20:51 [..] Parsed args - method: edgerunner, role: Rockerboy, full_name: Soma
2026-03-02 19:20:51 [..] Chargen command called with method: edgerunner, role: Rockerboy, full_name: Soma
2026-03-02 19:20:51 [..] Creating character with method: edgerunner, role: Rockerboy, full_name: Soma
2026-03-02 19:20:51 [EE] Error in create_character: NOT NULL constraint failed: cyberpunk_sheets_charactersheet.improvement_points
2026-03-02 19:20:51 [EE] Traceback: Traceback (most recent call last):
2026-03-02 19:20:51 [EE]   File "/opt/nightcity/venv/lib/python3.12/site-packages/django/db/backends/utils.py", line 105, in _execute
2026-03-02 19:20:51 [EE]     return self.cursor.execute(sql, params)
2026-03-02 19:20:51 [EE]            ^^^^^^^^^^^^^^^^^^^^^^^^^^^^^^^^
2026-03-02 19:20:51 [EE]   File "/opt/nightcity/venv/lib/python3.12/site-packages/django/db/backends/sqlite3/base.py", line 359, in execute
2026-03-02 19:20:51 [EE]     return super().execute(query, params)
2026-03-02 19:20:51 [EE]            ^^^^^^^^^^^^^^^^^^^^^^^^^^^^^^
2026-03-02 19:20:51 [EE] sqlite3.IntegrityError: NOT NULL constraint failed: cyberpunk_sheets_charactersheet.improvement_points
None2026-03-02 19:20:51 [EE] The above exception was the direct cause of the following exception:
None2026-03-02 19:20:51 [EE] Traceback (most recent call last):
2026-03-02 19:20:51 [EE]   File "/opt/nightcity/game/commands/chargen.py", line 210, in create_character
2026-03-02 19:20:51 [EE]     sheet = CharacterSheet.objects.create(character=char, account=account)
2026-03-02 19:20:51 [EE]             ^^^^^^^^^^^^^^^^^^^^^^^^^^^^^^^^^^^^^^^^^^^^^^^^^^^^^^^^^^^^^^
2026-03-02 19:20:51 [EE]   File "/opt/nightcity/venv/lib/python3.12/site-packages/django/db/models/manager.py", line 87, in manager_method
2026-03-02 19:20:51 [EE]     return getattr(self.get_queryset(), name)(*args, **kwargs)
2026-03-02 19:20:51 [EE]            ^^^^^^^^^^^^^^^^^^^^^^^^^^^^^^^^^^^^^^^^^^^^^^^^^^^
2026-03-02 19:20:51 [EE]   File "/opt/nightcity/venv/lib/python3.12/site-packages/django/db/models/query.py", line 669, in create
2026-03-02 19:20:51 [EE]     obj.save(force_insert=True, using=self.db)
2026-03-02 19:20:51 [EE]   File "/opt/nightcity/game/world/cyberpunk_sheets/models.py", line 737, in save
2026-03-02 19:20:51 [EE]     super().save(*args, **kwargs)
2026-03-02 19:20:51 [EE]   File "/opt/nightcity/venv/lib/python3.12/site-packages/evennia/utils/idmapper/models.py", line 452, in save
2026-03-02 19:20:51 [EE]     super().save(*args, **kwargs)
2026-03-02 19:20:51 [EE]   File "/opt/nightcity/venv/lib/python3.12/site-packages/django/db/models/base.py", line 874, in save
2026-03-02 19:20:51 [EE]     self.save_base(
2026-03-02 19:20:51 [EE]   File "/opt/nightcity/venv/lib/python3.12/site-packages/django/db/models/base.py", line 966, in save_base
2026-03-02 19:20:51 [EE]     updated = self._save_table(
2026-03-02 19:20:51 [EE]               ^^^^^^^^^^^^^^^^^
2026-03-02 19:20:51 [EE]   File "/opt/nightcity/venv/lib/python3.12/site-packages/django/db/models/base.py", line 1169, in _save_table
2026-03-02 19:20:51 [EE]     results = self._do_insert(
2026-03-02 19:20:51 [EE]               ^^^^^^^^^^^^^^^^
2026-03-02 19:20:51 [EE]   File "/opt/nightcity/venv/lib/python3.12/site-packages/django/db/models/base.py", line 1220, in _do_insert
2026-03-02 19:20:51 [EE]     return manager._insert(
2026-03-02 19:20:51 [EE]            ^^^^^^^^^^^^^^^^
2026-03-02 19:20:51 [EE]   File "/opt/nightcity/venv/lib/python3.12/site-packages/django/db/models/manager.py", line 87, in manager_method
2026-03-02 19:20:51 [EE]     return getattr(self.get_queryset(), name)(*args, **kwargs)
2026-03-02 19:20:51 [EE]            ^^^^^^^^^^^^^^^^^^^^^^^^^^^^^^^^^^^^^^^^^^^^^^^^^^^
2026-03-02 19:20:51 [EE]   File "/opt/nightcity/venv/lib/python3.12/site-packages/django/db/models/query.py", line 1918, in _insert
2026-03-02 19:20:51 [EE]     return query.get_compiler(using=using).execute_sql(returning_fields)
2026-03-02 19:20:51 [EE]            ^^^^^^^^^^^^^^^^^^^^^^^^^^^^^^^^^^^^^^^^^^^^^^^^^^^^^^^^^^^^^
2026-03-02 19:20:51 [EE]   File "/opt/nightcity/venv/lib/python3.12/site-packages/django/db/models/sql/compiler.py", line 1925, in execute_sql
2026-03-02 19:20:51 [EE]     cursor.execute(sql, params)
2026-03-02 19:20:51 [EE]   File "/opt/nightcity/venv/lib/python3.12/site-packages/django/db/backends/utils.py", line 79, in execute
2026-03-02 19:20:51 [EE]     return self._execute_with_wrappers(
2026-03-02 19:20:51 [EE]            ^^^^^^^^^^^^^^^^^^^^^^^^^^^^
2026-03-02 19:20:51 [EE]   File "/opt/nightcity/venv/lib/python3.12/site-packages/django/db/backends/utils.py", line 92, in _execute_with_wrappers
2026-03-02 19:20:51 [EE]     return executor(sql, params, many, context)
2026-03-02 19:20:51 [EE]            ^^^^^^^^^^^^^^^^^^^^^^^^^^^^^^^^^^^^
2026-03-02 19:20:51 [EE]   File "/opt/nightcity/venv/lib/python3.12/site-packages/django/db/backends/utils.py", line 100, in _execute
2026-03-02 19:20:51 [EE]     with self.db.wrap_database_errors:
2026-03-02 19:20:51 [EE]   File "/opt/nightcity/venv/lib/python3.12/site-packages/django/db/utils.py", line 94, in __exit__
2026-03-02 19:20:51 [EE]     raise dj_exc_value.with_traceback(traceback) from exc_value
2026-03-02 19:20:51 [EE]   File "/opt/nightcity/venv/lib/python3.12/site-packages/django/db/backends/utils.py", line 105, in _execute
2026-03-02 19:20:51 [EE]     return self.cursor.execute(sql, params)
2026-03-02 19:20:51 [EE]            ^^^^^^^^^^^^^^^^^^^^^^^^^^^^^^^^
2026-03-02 19:20:51 [EE]   File "/opt/nightcity/venv/lib/python3.12/site-packages/django/db/backends/sqlite3/base.py", line 359, in execute
2026-03-02 19:20:51 [EE]     return super().execute(query, params)
2026-03-02 19:20:51 [EE]            ^^^^^^^^^^^^^^^^^^^^^^^^^^^^^^
2026-03-02 19:20:51 [EE] django.db.utils.IntegrityError: NOT NULL constraint failed: cyberpunk_sheets_charactersheet.improvement_points
2026-03-02 19:23:35 [..] Server disconnected from the portal.
2026-03-02 19:23:35 [..] Main loop terminated.
2026-03-02 19:23:35 [..] Server Shut Down.
2026-03-02 19:23:39 [..] Loaded.
2026-03-02 19:23:36 [..] Loading /opt/nightcity/venv/lib/python3.12/site-packages/evennia/server/server.py...
2026-03-02 19:23:39 [..] Loaded.
2026-03-02 19:23:39 [..] twistd 24.11.0 (/opt/nightcity/venv/bin/python3 3.12.3) starting up.
2026-03-02 19:23:39 [..] reactor class: twisted.internet.epollreactor.EPollReactor.
2026-03-02 19:23:39 [..] Webserver starting on 4002
2026-03-02 19:23:39 [..] Server successfully reloaded.
2026-03-02 19:23:40 [..] CmdChargen.func() called with args: 
2026-03-02 19:23:41 [..] CmdChargen.func() called with args: edgerunner rockerboy Soma
2026-03-02 19:23:41 [..] Parsed args - method: edgerunner, role: Rockerboy, full_name: Soma
2026-03-02 19:23:41 [..] Chargen command called with method: edgerunner, role: Rockerboy, full_name: Soma
2026-03-02 19:23:41 [..] Creating character with method: edgerunner, role: Rockerboy, full_name: Soma
2026-03-02 19:23:41 [..] Created character sheet with ID 6
2026-03-02 19:23:41 [EE] Error in create_character: 'DbHolder' object does not support item assignment
2026-03-02 19:23:41 [EE] Traceback: Traceback (most recent call last):
2026-03-02 19:23:41 [EE]   File "/opt/nightcity/game/commands/chargen.py", line 221, in create_character
2026-03-02 19:23:41 [EE]     result = self.edgerunner_chargen(char, sheet, role)
2026-03-02 19:23:41 [EE]              ^^^^^^^^^^^^^^^^^^^^^^^^^^^^^^^^^^^^^^^^^^
2026-03-02 19:23:41 [EE]   File "/opt/nightcity/game/commands/chargen.py", line 248, in edgerunner_chargen
2026-03-02 19:23:41 [EE]     char.db[stat] = value
2026-03-02 19:23:41 [EE]     ~~~~~~~^^^^^^
2026-03-02 19:23:41 [EE] TypeError: 'DbHolder' object does not support item assignment
2026-03-02 19:25:06 [WW] ip_from_request: No valid IP address found in request. Using remote_addr.
2026-03-02 19:27:50 [..] Server disconnected from the portal.
2026-03-02 19:27:50 [..] Main loop terminated.
2026-03-02 19:27:50 [..] Server Shut Down.
2026-03-02 19:27:54 [..] Loaded.
2026-03-02 19:27:51 [..] Loading /opt/nightcity/venv/lib/python3.12/site-packages/evennia/server/server.py...
2026-03-02 19:27:54 [..] Loaded.
2026-03-02 19:27:54 [..] twistd 24.11.0 (/opt/nightcity/venv/bin/python3 3.12.3) starting up.
2026-03-02 19:27:54 [..] reactor class: twisted.internet.epollreactor.EPollReactor.
2026-03-02 19:27:54 [..] Webserver starting on 4002
2026-03-02 19:27:54 [..] Server successfully reloaded.
2026-03-02 19:27:54 [!!] Traceback (most recent call last):
2026-03-02 19:27:54 [!!]   File "/opt/nightcity/venv/lib/python3.12/site-packages/evennia/commands/cmdsethandler.py", line 181, in import_cmdset
2026-03-02 19:27:54 [!!]     module = import_module(modpath, package="evennia")
2026-03-02 19:27:54 [!!]              ^^^^^^^^^^^^^^^^^^^^^^^^^^^^^^^^^^^^^^^^^
2026-03-02 19:27:54 [!!]   File "/usr/lib/python3.12/importlib/__init__.py", line 90, in import_module
2026-03-02 19:27:54 [!!]     return _bootstrap._gcd_import(name[level:], package, level)
2026-03-02 19:27:54 [!!]            ^^^^^^^^^^^^^^^^^^^^^^^^^^^^^^^^^^^^^^^^^^^^^^^^^^^^
2026-03-02 19:27:54 [!!]   File "<frozen importlib._bootstrap>", line 1387, in _gcd_import
2026-03-02 19:27:54 [!!]   File "<frozen importlib._bootstrap>", line 1360, in _find_and_load
2026-03-02 19:27:54 [!!]   File "<frozen importlib._bootstrap>", line 1331, in _find_and_load_unlocked
2026-03-02 19:27:54 [!!]   File "<frozen importlib._bootstrap>", line 935, in _load_unlocked
2026-03-02 19:27:54 [!!]   File "<frozen importlib._bootstrap_external>", line 995, in exec_module
2026-03-02 19:27:54 [!!]   File "<frozen importlib._bootstrap>", line 488, in _call_with_frames_removed
2026-03-02 19:27:54 [!!]   File "/opt/nightcity/game/commands/default_cmdsets.py", line 15, in <module>
2026-03-02 19:27:54 [!!]     from .chargen import CmdChargen, CmdListCharacterSheets, CmdLifepath, CmdSelfStat, CmdSetLanguage
2026-03-02 19:27:54 [!!]   File "/opt/nightcity/game/commands/chargen.py", line 10, in <module>
2026-03-02 19:27:54 [!!]     from world.cyberpunk_sheets.edgerunner import EdgerunnerChargen
2026-03-02 19:27:54 [!!]   File "/opt/nightcity/game/world/cyberpunk_sheets/edgerunner.py", line 298
2026-03-02 19:27:54 [!!]     logger.info(f"Added language {random_lang} (level {random_level}) to character")
2026-03-02 19:27:54 [!!] IndentationError: unexpected indent
2026-03-02 19:27:54 [EE] Traceback (most recent call last):
2026-03-02 19:27:54 [EE]   File "/opt/nightcity/venv/lib/python3.12/site-packages/evennia/commands/cmdsethandler.py", line 181, in import_cmdset
2026-03-02 19:27:54 [EE]     module = import_module(modpath, package="evennia")
2026-03-02 19:27:54 [EE]              ^^^^^^^^^^^^^^^^^^^^^^^^^^^^^^^^^^^^^^^^^
2026-03-02 19:27:54 [EE]   File "/usr/lib/python3.12/importlib/__init__.py", line 90, in import_module
2026-03-02 19:27:54 [EE]     return _bootstrap._gcd_import(name[level:], package, level)
2026-03-02 19:27:54 [EE]            ^^^^^^^^^^^^^^^^^^^^^^^^^^^^^^^^^^^^^^^^^^^^^^^^^^^^
2026-03-02 19:27:54 [EE]   File "<frozen importlib._bootstrap>", line 1387, in _gcd_import
2026-03-02 19:27:54 [EE]   File "<frozen importlib._bootstrap>", line 1360, in _find_and_load
2026-03-02 19:27:54 [EE]   File "<frozen importlib._bootstrap>", line 1331, in _find_and_load_unlocked
2026-03-02 19:27:54 [EE]   File "<frozen importlib._bootstrap>", line 935, in _load_unlocked
2026-03-02 19:27:54 [EE]   File "<frozen importlib._bootstrap_external>", line 995, in exec_module
2026-03-02 19:27:54 [EE]   File "<frozen importlib._bootstrap>", line 488, in _call_with_frames_removed
2026-03-02 19:27:54 [EE]   File "/opt/nightcity/game/commands/default_cmdsets.py", line 15, in <module>
2026-03-02 19:27:54 [EE]     from .chargen import CmdChargen, CmdListCharacterSheets, CmdLifepath, CmdSelfStat, CmdSetLanguage
2026-03-02 19:27:54 [EE]   File "/opt/nightcity/game/commands/chargen.py", line 10, in <module>
2026-03-02 19:27:54 [EE]     from world.cyberpunk_sheets.edgerunner import EdgerunnerChargen
2026-03-02 19:27:54 [EE]   File "/opt/nightcity/game/world/cyberpunk_sheets/edgerunner.py", line 298
2026-03-02 19:27:54 [EE]     logger.info(f"Added language {random_lang} (level {random_level}) to character")
2026-03-02 19:27:54 [EE] IndentationError: unexpected indent
None2026-03-02 19:27:54 [EE] SyntaxError encountered when loading cmdset 'commands.default_cmdsets.SessionCmdSet'.
2026-03-02 19:27:54 [EE] (Traceback was logged 26-03-02 19:27:54)
None2026-03-02 19:27:54 [EE] Error encountered for cmdset at path 'commands.default_cmdsets.SessionCmdSet'.
2026-03-02 19:27:54 [EE] Replacing with fallback 'evennia.commands.default.cmdset_session.SessionCmdSet'.
2026-03-02 19:27:54 [!!] Traceback (most recent call last):
2026-03-02 19:27:54 [!!]   File "/opt/nightcity/venv/lib/python3.12/site-packages/evennia/commands/cmdsethandler.py", line 181, in import_cmdset
2026-03-02 19:27:54 [!!]     module = import_module(modpath, package="evennia")
2026-03-02 19:27:54 [!!]              ^^^^^^^^^^^^^^^^^^^^^^^^^^^^^^^^^^^^^^^^^
2026-03-02 19:27:54 [!!]   File "/usr/lib/python3.12/importlib/__init__.py", line 90, in import_module
2026-03-02 19:27:54 [!!]     return _bootstrap._gcd_import(name[level:], package, level)
2026-03-02 19:27:54 [!!]            ^^^^^^^^^^^^^^^^^^^^^^^^^^^^^^^^^^^^^^^^^^^^^^^^^^^^
2026-03-02 19:27:54 [!!]   File "<frozen importlib._bootstrap>", line 1387, in _gcd_import
2026-03-02 19:27:54 [!!]   File "<frozen importlib._bootstrap>", line 1360, in _find_and_load
2026-03-02 19:27:54 [!!]   File "<frozen importlib._bootstrap>", line 1331, in _find_and_load_unlocked
2026-03-02 19:27:54 [!!]   File "<frozen importlib._bootstrap>", line 935, in _load_unlocked
2026-03-02 19:27:54 [!!]   File "<frozen importlib._bootstrap_external>", line 995, in exec_module
2026-03-02 19:27:54 [!!]   File "<frozen importlib._bootstrap>", line 488, in _call_with_frames_removed
2026-03-02 19:27:54 [!!]   File "/opt/nightcity/game/commands/default_cmdsets.py", line 15, in <module>
2026-03-02 19:27:54 [!!]     from .chargen import CmdChargen, CmdListCharacterSheets, CmdLifepath, CmdSelfStat, CmdSetLanguage
2026-03-02 19:27:54 [!!]   File "/opt/nightcity/game/commands/chargen.py", line 10, in <module>
2026-03-02 19:27:54 [!!]     from world.cyberpunk_sheets.edgerunner import EdgerunnerChargen
2026-03-02 19:27:54 [!!]   File "/opt/nightcity/game/world/cyberpunk_sheets/edgerunner.py", line 298
2026-03-02 19:27:54 [!!]     logger.info(f"Added language {random_lang} (level {random_level}) to character")
2026-03-02 19:27:54 [!!] IndentationError: unexpected indent
2026-03-02 19:27:54 [EE] Traceback (most recent call last):
2026-03-02 19:27:54 [EE]   File "/opt/nightcity/venv/lib/python3.12/site-packages/evennia/commands/cmdsethandler.py", line 181, in import_cmdset
2026-03-02 19:27:54 [EE]     module = import_module(modpath, package="evennia")
2026-03-02 19:27:54 [EE]              ^^^^^^^^^^^^^^^^^^^^^^^^^^^^^^^^^^^^^^^^^
2026-03-02 19:27:54 [EE]   File "/usr/lib/python3.12/importlib/__init__.py", line 90, in import_module
2026-03-02 19:27:54 [EE]     return _bootstrap._gcd_import(name[level:], package, level)
2026-03-02 19:27:54 [EE]            ^^^^^^^^^^^^^^^^^^^^^^^^^^^^^^^^^^^^^^^^^^^^^^^^^^^^
2026-03-02 19:27:54 [EE]   File "<frozen importlib._bootstrap>", line 1387, in _gcd_import
2026-03-02 19:27:54 [EE]   File "<frozen importlib._bootstrap>", line 1360, in _find_and_load
2026-03-02 19:27:54 [EE]   File "<frozen importlib._bootstrap>", line 1331, in _find_and_load_unlocked
2026-03-02 19:27:54 [EE]   File "<frozen importlib._bootstrap>", line 935, in _load_unlocked
2026-03-02 19:27:54 [EE]   File "<frozen importlib._bootstrap_external>", line 995, in exec_module
2026-03-02 19:27:54 [EE]   File "<frozen importlib._bootstrap>", line 488, in _call_with_frames_removed
2026-03-02 19:27:54 [EE]   File "/opt/nightcity/game/commands/default_cmdsets.py", line 15, in <module>
2026-03-02 19:27:54 [EE]     from .chargen import CmdChargen, CmdListCharacterSheets, CmdLifepath, CmdSelfStat, CmdSetLanguage
2026-03-02 19:27:54 [EE]   File "/opt/nightcity/game/commands/chargen.py", line 10, in <module>
2026-03-02 19:27:54 [EE]     from world.cyberpunk_sheets.edgerunner import EdgerunnerChargen
2026-03-02 19:27:54 [EE]   File "/opt/nightcity/game/world/cyberpunk_sheets/edgerunner.py", line 298
2026-03-02 19:27:54 [EE]     logger.info(f"Added language {random_lang} (level {random_level}) to character")
2026-03-02 19:27:54 [EE] IndentationError: unexpected indent
None2026-03-02 19:27:54 [EE] SyntaxError encountered when loading cmdset 'commands.default_cmdsets.SessionCmdSet'.
2026-03-02 19:27:54 [EE] (Traceback was logged 26-03-02 19:27:54)
None2026-03-02 19:27:54 [EE] Error encountered for cmdset at path 'commands.default_cmdsets.SessionCmdSet'.
2026-03-02 19:27:54 [EE] Replacing with fallback 'evennia.commands.default.cmdset_session.SessionCmdSet'.
2026-03-02 19:29:17 [..] Server disconnected from the portal.
2026-03-02 19:29:17 [..] Main loop terminated.
2026-03-02 19:29:17 [..] Server Shut Down.
2026-03-02 19:29:21 [..] Loaded.
2026-03-02 19:29:18 [..] Loading /opt/nightcity/venv/lib/python3.12/site-packages/evennia/server/server.py...
2026-03-02 19:29:21 [..] Loaded.
2026-03-02 19:29:21 [..] twistd 24.11.0 (/opt/nightcity/venv/bin/python3 3.12.3) starting up.
2026-03-02 19:29:21 [..] reactor class: twisted.internet.epollreactor.EPollReactor.
2026-03-02 19:29:21 [..] Webserver starting on 4002
2026-03-02 19:29:21 [..] Server successfully reloaded.
2026-03-02 19:29:23 [..] CmdChargen.func() called with args: 
2026-03-02 19:29:24 [..] CmdChargen.func() called with args: edgerunner rockerboy Soma
2026-03-02 19:29:24 [..] Parsed args - method: edgerunner, role: Rockerboy, full_name: Soma
2026-03-02 19:29:24 [..] Chargen command called with method: edgerunner, role: Rockerboy, full_name: Soma
2026-03-02 19:29:24 [..] Creating character with method: edgerunner, role: Rockerboy, full_name: Soma
2026-03-02 19:29:24 [..] Created character sheet with ID 7
2026-03-02 19:29:24 [EE] Error in create_character: type object 'EdgerunnerChargen' has no attribute 'get_skills_for_role'
2026-03-02 19:29:24 [EE] Traceback: Traceback (most recent call last):
2026-03-02 19:29:24 [EE]   File "/opt/nightcity/game/commands/chargen.py", line 221, in create_character
2026-03-02 19:29:24 [EE]     result = self.edgerunner_chargen(char, sheet, role)
2026-03-02 19:29:24 [EE]              ^^^^^^^^^^^^^^^^^^^^^^^^^^^^^^^^^^^^^^^^^^
2026-03-02 19:29:24 [EE]   File "/opt/nightcity/game/commands/chargen.py", line 261, in edgerunner_chargen
2026-03-02 19:29:24 [EE]     skills = EdgerunnerChargen.get_skills_for_role(role)
2026-03-02 19:29:24 [EE]              ^^^^^^^^^^^^^^^^^^^^^^^^^^^^^^^^^^^^^
2026-03-02 19:29:24 [EE] AttributeError: type object 'EdgerunnerChargen' has no attribute 'get_skills_for_role'
2026-03-02 19:30:26 [..] Server disconnected from the portal.
2026-03-02 19:30:26 [..] Main loop terminated.
2026-03-02 19:30:26 [..] Server Shut Down.
2026-03-02 19:30:30 [..] Loaded.
2026-03-02 19:30:27 [..] Loading /opt/nightcity/venv/lib/python3.12/site-packages/evennia/server/server.py...
2026-03-02 19:30:30 [..] Loaded.
2026-03-02 19:30:30 [..] twistd 24.11.0 (/opt/nightcity/venv/bin/python3 3.12.3) starting up.
2026-03-02 19:30:30 [..] reactor class: twisted.internet.epollreactor.EPollReactor.
2026-03-02 19:30:30 [..] Webserver starting on 4002
2026-03-02 19:30:30 [..] Server successfully reloaded.
2026-03-02 19:30:31 [..] CmdChargen.func() called with args: 
2026-03-02 19:30:32 [..] CmdChargen.func() called with args: edgerunner rockerboy Soma
2026-03-02 19:30:32 [..] Parsed args - method: edgerunner, role: Rockerboy, full_name: Soma
2026-03-02 19:30:32 [..] Chargen command called with method: edgerunner, role: Rockerboy, full_name: Soma
2026-03-02 19:30:32 [..] Creating character with method: edgerunner, role: Rockerboy, full_name: Soma
2026-03-02 19:30:32 [..] Created character sheet with ID 8
2026-03-02 19:30:33 [..] Starting calculate_humanity_loss in CharacterSheet
2026-03-02 19:30:33 [..] Total cyberware humanity loss: 9
2026-03-02 19:30:33 [..] New calculated humanity: 71
2026-03-02 19:30:33 [..] About to recalculate derived stats
2026-03-02 19:30:33 [..] Derived stats recalculated
2026-03-02 19:30:33 [..] CharacterSheet saved
2026-03-02 19:30:33 [..] Adding language: Streetslang, level: 4
2026-03-02 19:30:33 [..] Added language Streetslang at level 4
2026-03-02 19:31:23 [!!] Traceback (most recent call last):
2026-03-02 19:31:23 [!!]   File "/opt/nightcity/venv/lib/python3.12/site-packages/evennia/commands/cmdhandler.py", line 629, in _run_command
2026-03-02 19:31:23 [!!]     ret = cmd.func()
2026-03-02 19:31:23 [!!]           ^^^^^^^^^^
2026-03-02 19:31:23 [!!]   File "/opt/nightcity/game/commands/cyberware_commands.py", line 41, in func
2026-03-02 19:31:23 [!!]     self.list_cyberware(character_sheet)
2026-03-02 19:31:23 [!!]   File "/opt/nightcity/game/commands/cyberware_commands.py", line 46, in list_cyberware
2026-03-02 19:31:23 [!!]     installed_cyberware = CyberwareInstance.objects.filter(character=character_sheet, installed=True)
2026-03-02 19:31:23 [!!]                           ^^^^^^^^^^^^^^^^^^^^^^^^^^^^^^^^^^^^^^^^^^^^^^^^^^^^^^^^^^^^^^^^^^^^^^^^^^^
2026-03-02 19:31:23 [!!]   File "/opt/nightcity/venv/lib/python3.12/site-packages/django/db/models/manager.py", line 87, in manager_method
2026-03-02 19:31:23 [!!]     return getattr(self.get_queryset(), name)(*args, **kwargs)
2026-03-02 19:31:23 [!!]            ^^^^^^^^^^^^^^^^^^^^^^^^^^^^^^^^^^^^^^^^^^^^^^^^^^^
2026-03-02 19:31:23 [!!]   File "/opt/nightcity/venv/lib/python3.12/site-packages/django/db/models/query.py", line 1542, in filter
2026-03-02 19:31:23 [!!]     return self._filter_or_exclude(False, args, kwargs)
2026-03-02 19:31:23 [!!]            ^^^^^^^^^^^^^^^^^^^^^^^^^^^^^^^^^^^^^^^^^^^^
2026-03-02 19:31:23 [!!]   File "/opt/nightcity/venv/lib/python3.12/site-packages/django/db/models/query.py", line 1560, in _filter_or_exclude
2026-03-02 19:31:23 [!!]     clone._filter_or_exclude_inplace(negate, args, kwargs)
2026-03-02 19:31:23 [!!]   File "/opt/nightcity/venv/lib/python3.12/site-packages/django/db/models/query.py", line 1570, in _filter_or_exclude_inplace
2026-03-02 19:31:23 [!!]     self._query.add_q(Q(*args, **kwargs))
2026-03-02 19:31:23 [!!]   File "/opt/nightcity/venv/lib/python3.12/site-packages/django/db/models/sql/query.py", line 1676, in add_q
2026-03-02 19:31:23 [!!]     clause, _ = self._add_q(q_object, can_reuse)
2026-03-02 19:31:23 [!!]                 ^^^^^^^^^^^^^^^^^^^^^^^^^^^^^^^^
2026-03-02 19:31:23 [!!]   File "/opt/nightcity/venv/lib/python3.12/site-packages/django/db/models/sql/query.py", line 1708, in _add_q
2026-03-02 19:31:23 [!!]     child_clause, needed_inner = self.build_filter(
2026-03-02 19:31:23 [!!]                                  ^^^^^^^^^^^^^^^^^^
2026-03-02 19:31:23 [!!]   File "/opt/nightcity/venv/lib/python3.12/site-packages/django/db/models/sql/query.py", line 1556, in build_filter
2026-03-02 19:31:23 [!!]     lookups, parts, reffed_expression = self.solve_lookup_type(arg, summarize)
2026-03-02 19:31:23 [!!]                                         ^^^^^^^^^^^^^^^^^^^^^^^^^^^^^^^^^^^^^^
2026-03-02 19:31:23 [!!]   File "/opt/nightcity/venv/lib/python3.12/site-packages/django/db/models/sql/query.py", line 1363, in solve_lookup_type
2026-03-02 19:31:23 [!!]     _, field, _, lookup_parts = self.names_to_path(lookup_splitted, self.get_meta())
2026-03-02 19:31:23 [!!]                                 ^^^^^^^^^^^^^^^^^^^^^^^^^^^^^^^^^^^^^^^^^^^^^^^^^^^^
2026-03-02 19:31:23 [!!]   File "/opt/nightcity/venv/lib/python3.12/site-packages/django/db/models/sql/query.py", line 1842, in names_to_path
2026-03-02 19:31:23 [!!]     raise FieldError(
2026-03-02 19:31:23 [!!] django.core.exceptions.FieldError: Cannot resolve keyword 'character' into field. Choices are: active, character_object, character_object_id, character_sheet, character_sheet_id, cyberware, cyberware_id, id, installed, inventory, netrunner_deck
2026-03-02 19:31:23 [EE] User input was: 'cyberware
2026-03-02 19:31:23 [EE] '.
2026-03-02 19:32:06 [!!] Traceback (most recent call last):
2026-03-02 19:32:06 [!!]   File "/opt/nightcity/venv/lib/python3.12/site-packages/evennia/commands/cmdhandler.py", line 629, in _run_command
2026-03-02 19:32:06 [!!]     ret = cmd.func()
2026-03-02 19:32:06 [!!]           ^^^^^^^^^^
2026-03-02 19:32:06 [!!]   File "/opt/nightcity/game/commands/inventory_commands.py", line 40, in func
2026-03-02 19:32:06 [!!]     if self.switches.get("equip"):
2026-03-02 19:32:06 [!!]        ^^^^^^^^^^^^^^^^^
2026-03-02 19:32:06 [!!] AttributeError: 'list' object has no attribute 'get'
2026-03-02 19:32:06 [EE] User input was: 'inv
2026-03-02 19:32:06 [EE] '.
2026-03-02 19:32:10 [!!] Traceback (most recent call last):
2026-03-02 19:32:10 [!!]   File "/opt/nightcity/venv/lib/python3.12/site-packages/evennia/commands/cmdhandler.py", line 629, in _run_command
2026-03-02 19:32:10 [!!]     ret = cmd.func()
2026-03-02 19:32:10 [!!]           ^^^^^^^^^^
2026-03-02 19:32:10 [!!]   File "/opt/nightcity/game/commands/inventory_commands.py", line 40, in func
2026-03-02 19:32:10 [!!]     if self.switches.get("equip"):
2026-03-02 19:32:10 [!!]        ^^^^^^^^^^^^^^^^^
2026-03-02 19:32:10 [!!] AttributeError: 'list' object has no attribute 'get'
2026-03-02 19:32:10 [EE] User input was: 'inventory
2026-03-02 19:32:10 [EE] '.
2026-03-02 19:33:31 [!!] Traceback (most recent call last):
2026-03-02 19:33:31 [!!]   File "/opt/nightcity/venv/lib/python3.12/site-packages/evennia/commands/cmdhandler.py", line 750, in cmdhandler
2026-03-02 19:33:31 [!!]     raise ExecSystemCommand(syscmd, sysarg)
2026-03-02 19:33:31 [!!] evennia.commands.cmdhandler.ExecSystemCommand: (<evennia.utils.evmenu.CmdEvMenuNode object at 0x7519a74d19d0>, '1')
None2026-03-02 19:33:31 [!!] During handling of the above exception, another exception occurred:
None2026-03-02 19:33:31 [!!] Traceback (most recent call last):
2026-03-02 19:33:31 [!!]   File "/opt/nightcity/venv/lib/python3.12/site-packages/evennia/utils/evmenu.py", line 835, in _execute_node
2026-03-02 19:33:31 [!!]     ret = self._safe_call(node, raw_string, **kwargs)
2026-03-02 19:33:31 [!!]           ^^^^^^^^^^^^^^^^^^^^^^^^^^^^^^^^^^^^^^^^^^^
2026-03-02 19:33:31 [!!]   File "/opt/nightcity/venv/lib/python3.12/site-packages/evennia/utils/evmenu.py", line 793, in _safe_call
2026-03-02 19:33:31 [!!]     ret = callback(self.caller, raw_string, **kwargs)
2026-03-02 19:33:31 [!!]           ^^^^^^^^^^^^^^^^^^^^^^^^^^^^^^^^^^^^^^^^^^^
2026-03-02 19:33:31 [!!]   File "/opt/nightcity/game/commands/lifepath_functions.py", line 58, in set_cultural_origin
2026-03-02 19:33:31 [!!]     cs.clear_cultural_languages()
2026-03-02 19:33:31 [!!]     ^^^^^^^^^^^^^^^^^^^^^^^^^^^
2026-03-02 19:33:31 [!!] AttributeError: 'CharacterSheet' object has no attribute 'clear_cultural_languages'
2026-03-02 19:33:31 [!!] Traceback (most recent call last):
2026-03-02 19:33:31 [!!]   File "/opt/nightcity/venv/lib/python3.12/site-packages/evennia/commands/cmdhandler.py", line 750, in cmdhandler
2026-03-02 19:33:31 [!!]     raise ExecSystemCommand(syscmd, sysarg)
2026-03-02 19:33:31 [!!] evennia.commands.cmdhandler.ExecSystemCommand: (<evennia.utils.evmenu.CmdEvMenuNode object at 0x7519a74d19d0>, '1')
None2026-03-02 19:33:31 [!!] During handling of the above exception, another exception occurred:
None2026-03-02 19:33:31 [!!] Traceback (most recent call last):
2026-03-02 19:33:31 [!!]   File "/opt/nightcity/venv/lib/python3.12/site-packages/evennia/commands/cmdhandler.py", line 629, in _run_command
2026-03-02 19:33:31 [!!]     ret = cmd.func()
2026-03-02 19:33:31 [!!]           ^^^^^^^^^^
2026-03-02 19:33:31 [!!]   File "/opt/nightcity/venv/lib/python3.12/site-packages/evennia/utils/evmenu.py", line 450, in func
2026-03-02 19:33:31 [!!]     menu.parse_input(self.raw_string)
2026-03-02 19:33:31 [!!]   File "/opt/nightcity/venv/lib/python3.12/site-packages/evennia/utils/evmenu.py", line 1118, in parse_input
2026-03-02 19:33:31 [!!]     self.goto(goto_node, raw_string, **(goto_kwargs or {}))
2026-03-02 19:33:31 [!!]   File "/opt/nightcity/venv/lib/python3.12/site-packages/evennia/utils/evmenu.py", line 924, in goto
2026-03-02 19:33:31 [!!]     nodetext, options = self._execute_node(nodename, raw_string, **kwargs)
2026-03-02 19:33:31 [!!]                         ^^^^^^^^^^^^^^^^^^^^^^^^^^^^^^^^^^^^^^^^^^^^^^^^^^
2026-03-02 19:33:31 [!!]   File "/opt/nightcity/venv/lib/python3.12/site-packages/evennia/utils/evmenu.py", line 835, in _execute_node
2026-03-02 19:33:31 [!!]     ret = self._safe_call(node, raw_string, **kwargs)
2026-03-02 19:33:31 [!!]           ^^^^^^^^^^^^^^^^^^^^^^^^^^^^^^^^^^^^^^^^^^^
2026-03-02 19:33:31 [!!]   File "/opt/nightcity/venv/lib/python3.12/site-packages/evennia/utils/evmenu.py", line 793, in _safe_call
2026-03-02 19:33:31 [!!]     ret = callback(self.caller, raw_string, **kwargs)
2026-03-02 19:33:31 [!!]           ^^^^^^^^^^^^^^^^^^^^^^^^^^^^^^^^^^^^^^^^^^^
2026-03-02 19:33:31 [!!]   File "/opt/nightcity/game/commands/lifepath_functions.py", line 58, in set_cultural_origin
2026-03-02 19:33:31 [!!]     cs.clear_cultural_languages()
2026-03-02 19:33:31 [!!]     ^^^^^^^^^^^^^^^^^^^^^^^^^^^
2026-03-02 19:33:31 [!!] AttributeError: 'CharacterSheet' object has no attribute 'clear_cultural_languages'
2026-03-02 19:33:31 [!!] Traceback (most recent call last):
2026-03-02 19:33:31 [!!]   File "/opt/nightcity/venv/lib/python3.12/site-packages/evennia/commands/cmdhandler.py", line 750, in cmdhandler
2026-03-02 19:33:31 [!!]     raise ExecSystemCommand(syscmd, sysarg)
2026-03-02 19:33:31 [!!] evennia.commands.cmdhandler.ExecSystemCommand: (<evennia.utils.evmenu.CmdEvMenuNode object at 0x7519a74d19d0>, '1')
None2026-03-02 19:33:31 [!!] During handling of the above exception, another exception occurred:
None2026-03-02 19:33:31 [!!] Traceback (most recent call last):
2026-03-02 19:33:31 [!!]   File "/opt/nightcity/venv/lib/python3.12/site-packages/evennia/commands/cmdhandler.py", line 773, in cmdhandler
2026-03-02 19:33:31 [!!]     yield _run_command(
2026-03-02 19:33:31 [!!]   File "/opt/nightcity/venv/lib/python3.12/site-packages/twisted/internet/defer.py", line 2017, in _inlineCallbacks
2026-03-02 19:33:31 [!!]     result = context.run(gen.send, result)
2026-03-02 19:33:31 [!!]              ^^^^^^^^^^^^^^^^^^^^^^^^^^^^^
2026-03-02 19:33:31 [!!]   File "/opt/nightcity/venv/lib/python3.12/site-packages/evennia/commands/cmdhandler.py", line 654, in _run_command
2026-03-02 19:33:31 [!!]     raise ErrorReported(cmd.raw_string)
2026-03-02 19:33:31 [!!] evennia.commands.cmdhandler.ErrorReported: 1
None2026-03-02 19:39:30 [WW] Warning: Idmapper flush called more than once in 5.0 min interval. Check memory usage.
2026-03-02 20:35:45 [WW] ip_from_request: No valid IP address found in request. Using remote_addr.
2026-03-02 23:28:16 [WW] ip_from_request: No valid IP address found in request. Using remote_addr.
2026-03-03 01:34:02 [..] Logged out: Soma(account 4) 76.105.8.183 (0 sessions(s) remaining) (quit)
2026-03-03 02:47:09 [WW] ip_from_request: No valid IP address found in request. Using remote_addr.
2026-03-03 05:31:35 [SS] Authentication Success: Mnemosyne(account 2) (IP: 23.240.246.195).
2026-03-03 05:31:35 [..] Logged in: Mnemosyne(account 2) 23.240.246.195 (2 session(s) total)
2026-03-03 05:31:38 [..] at_post_puppet called for Mnemosyne
2026-03-03 05:31:38 [..] Attempting to migrate character sheet data for Mnemosyne
2026-03-03 05:31:38 [..] Successfully migrated character sheet data for Mnemosyne
2026-03-03 05:31:38 [..] About to call display_login_notifications for Mnemosyne
2026-03-03 05:31:38 [..] About to display login notifications for Mnemosyne
2026-03-03 05:31:38 [..] Finished display_login_notifications for Mnemosyne
2026-03-03 05:31:38 [SS] Puppet Success: (Caller: Mnemosyne(account 2), Target: Mnemosyne, IP: 23.240.246.195).
2026-03-03 06:14:53 [WW] ip_from_request: No valid IP address found in request. Using remote_addr.
2026-03-03 08:26:00 [WW] ip_from_request: No valid IP address found in request. Using remote_addr.
2026-03-03 09:56:43 [WW] ip_from_request: No valid IP address found in request. Using remote_addr.
2026-03-03 19:52:01 [SS] Authentication Success: Soma(account 4) (IP: 76.105.8.183).
2026-03-03 19:52:01 [..] Logged in: Soma(account 4) 76.105.8.183 (1 session(s) total)
2026-03-03 19:52:06 [..] at_post_puppet called for Soma
2026-03-03 19:52:06 [..] Attempting to migrate character sheet data for Soma
2026-03-03 19:52:06 [..] Successfully migrated character sheet data for Soma
2026-03-03 19:52:06 [..] About to call display_login_notifications for Soma
2026-03-03 19:52:06 [..] About to display login notifications for Soma
2026-03-03 19:52:06 [..] Finished display_login_notifications for Soma
2026-03-03 19:52:06 [SS] Puppet Success: (Caller: Soma(account 4), Target: Soma, IP: 76.105.8.183).
2026-03-03 19:52:08 [!!] Traceback (most recent call last):
2026-03-03 19:52:08 [!!]   File "/opt/nightcity/venv/lib/python3.12/site-packages/evennia/commands/cmdhandler.py", line 629, in _run_command
2026-03-03 19:52:08 [!!]     ret = cmd.func()
2026-03-03 19:52:08 [!!]           ^^^^^^^^^^
2026-03-03 19:52:08 [!!]   File "/opt/nightcity/game/commands/inventory_commands.py", line 40, in func
2026-03-03 19:52:08 [!!]     if self.switches.get("equip"):
2026-03-03 19:52:08 [!!]        ^^^^^^^^^^^^^^^^^
2026-03-03 19:52:08 [!!] AttributeError: 'list' object has no attribute 'get'
2026-03-03 19:52:08 [EE] User input was: 'inv
2026-03-03 19:52:08 [EE] '.
2026-03-03 19:53:19 [!!] Traceback (most recent call last):
2026-03-03 19:53:19 [!!]   File "/opt/nightcity/venv/lib/python3.12/site-packages/evennia/commands/cmdhandler.py", line 629, in _run_command
2026-03-03 19:53:19 [!!]     ret = cmd.func()
2026-03-03 19:53:19 [!!]           ^^^^^^^^^^
2026-03-03 19:53:19 [!!]   File "/opt/nightcity/game/commands/cyberware_commands.py", line 41, in func
2026-03-03 19:53:19 [!!]     self.list_cyberware(character_sheet)
2026-03-03 19:53:19 [!!]   File "/opt/nightcity/game/commands/cyberware_commands.py", line 46, in list_cyberware
2026-03-03 19:53:19 [!!]     installed_cyberware = CyberwareInstance.objects.filter(character=character_sheet, installed=True)
2026-03-03 19:53:19 [!!]                           ^^^^^^^^^^^^^^^^^^^^^^^^^^^^^^^^^^^^^^^^^^^^^^^^^^^^^^^^^^^^^^^^^^^^^^^^^^^
2026-03-03 19:53:19 [!!]   File "/opt/nightcity/venv/lib/python3.12/site-packages/django/db/models/manager.py", line 87, in manager_method
2026-03-03 19:53:19 [!!]     return getattr(self.get_queryset(), name)(*args, **kwargs)
2026-03-03 19:53:19 [!!]            ^^^^^^^^^^^^^^^^^^^^^^^^^^^^^^^^^^^^^^^^^^^^^^^^^^^
2026-03-03 19:53:19 [!!]   File "/opt/nightcity/venv/lib/python3.12/site-packages/django/db/models/query.py", line 1542, in filter
2026-03-03 19:53:19 [!!]     return self._filter_or_exclude(False, args, kwargs)
2026-03-03 19:53:19 [!!]            ^^^^^^^^^^^^^^^^^^^^^^^^^^^^^^^^^^^^^^^^^^^^
2026-03-03 19:53:19 [!!]   File "/opt/nightcity/venv/lib/python3.12/site-packages/django/db/models/query.py", line 1560, in _filter_or_exclude
2026-03-03 19:53:19 [!!]     clone._filter_or_exclude_inplace(negate, args, kwargs)
2026-03-03 19:53:19 [!!]   File "/opt/nightcity/venv/lib/python3.12/site-packages/django/db/models/query.py", line 1570, in _filter_or_exclude_inplace
2026-03-03 19:53:19 [!!]     self._query.add_q(Q(*args, **kwargs))
2026-03-03 19:53:19 [!!]   File "/opt/nightcity/venv/lib/python3.12/site-packages/django/db/models/sql/query.py", line 1676, in add_q
2026-03-03 19:53:19 [!!]     clause, _ = self._add_q(q_object, can_reuse)
2026-03-03 19:53:19 [!!]                 ^^^^^^^^^^^^^^^^^^^^^^^^^^^^^^^^
2026-03-03 19:53:19 [!!]   File "/opt/nightcity/venv/lib/python3.12/site-packages/django/db/models/sql/query.py", line 1708, in _add_q
2026-03-03 19:53:19 [!!]     child_clause, needed_inner = self.build_filter(
2026-03-03 19:53:19 [!!]                                  ^^^^^^^^^^^^^^^^^^
2026-03-03 19:53:19 [!!]   File "/opt/nightcity/venv/lib/python3.12/site-packages/django/db/models/sql/query.py", line 1556, in build_filter
2026-03-03 19:53:19 [!!]     lookups, parts, reffed_expression = self.solve_lookup_type(arg, summarize)
2026-03-03 19:53:19 [!!]                                         ^^^^^^^^^^^^^^^^^^^^^^^^^^^^^^^^^^^^^^
2026-03-03 19:53:19 [!!]   File "/opt/nightcity/venv/lib/python3.12/site-packages/django/db/models/sql/query.py", line 1363, in solve_lookup_type
2026-03-03 19:53:19 [!!]     _, field, _, lookup_parts = self.names_to_path(lookup_splitted, self.get_meta())
2026-03-03 19:53:19 [!!]                                 ^^^^^^^^^^^^^^^^^^^^^^^^^^^^^^^^^^^^^^^^^^^^^^^^^^^^
2026-03-03 19:53:19 [!!]   File "/opt/nightcity/venv/lib/python3.12/site-packages/django/db/models/sql/query.py", line 1842, in names_to_path
2026-03-03 19:53:19 [!!]     raise FieldError(
2026-03-03 19:53:19 [!!] django.core.exceptions.FieldError: Cannot resolve keyword 'character' into field. Choices are: active, character_object, character_object_id, character_sheet, character_sheet_id, cyberware, cyberware_id, id, installed, inventory, netrunner_deck
2026-03-03 19:53:19 [EE] User input was: 'cyberware
2026-03-03 19:53:19 [EE] '.
2026-03-03 20:10:08 [..] Server disconnected from the portal.
2026-03-03 20:10:08 [..] Main loop terminated.
2026-03-03 20:10:08 [..] Server Shut Down.
2026-03-03 20:10:13 [..] Loaded.
2026-03-03 20:10:09 [..] Loading /opt/nightcity/venv/lib/python3.12/site-packages/evennia/server/server.py...
2026-03-03 20:10:13 [..] Loaded.
2026-03-03 20:10:13 [..] twistd 24.11.0 (/opt/nightcity/venv/bin/python3 3.12.3) starting up.
2026-03-03 20:10:13 [..] reactor class: twisted.internet.epollreactor.EPollReactor.
2026-03-03 20:10:13 [..] Webserver starting on 4002
2026-03-03 20:10:13 [..] Server successfully reloaded.
2026-03-03 20:19:13 [WW] Warning: Idmapper flush called more than once in 5.0 min interval. Check memory usage.
2026-03-03 21:16:22 [..] CmdChargen.func() called with args: 
2026-03-03 21:16:28 [..] CmdChargen.func() called with args: 
2026-03-03 21:16:34 [..] CmdChargen.func() called with args: edgerunner medtech Soma
2026-03-03 21:16:34 [..] Parsed args - method: edgerunner, role: Medtech, full_name: Soma
2026-03-03 21:16:34 [..] Chargen command called with method: edgerunner, role: Medtech, full_name: Soma
2026-03-03 21:16:34 [..] Creating character with method: edgerunner, role: Medtech, full_name: Soma
2026-03-03 21:16:34 [..] Created character sheet with ID 9
2026-03-03 21:16:34 [..] Starting calculate_humanity_loss in CharacterSheet
2026-03-03 21:16:34 [..] Total cyberware humanity loss: 12
2026-03-03 21:16:34 [..] New calculated humanity: 48
2026-03-03 21:16:34 [..] About to recalculate derived stats
2026-03-03 21:16:34 [..] Derived stats recalculated
2026-03-03 21:16:34 [..] CharacterSheet saved
2026-03-03 21:16:34 [..] Adding language: Streetslang, level: 4
2026-03-03 21:16:34 [..] Added language Streetslang at level 4
2026-03-03 21:23:15 [..] Server disconnected from the portal.
2026-03-03 21:23:15 [..] Main loop terminated.
2026-03-03 21:23:15 [..] Server Shut Down.
2026-03-03 21:23:18 [..] Loaded.
2026-03-03 21:23:16 [..] Loading /opt/nightcity/venv/lib/python3.12/site-packages/evennia/server/server.py...
2026-03-03 21:23:18 [..] Loaded.
2026-03-03 21:23:18 [..] twistd 24.11.0 (/opt/nightcity/venv/bin/python3 3.12.3) starting up.
2026-03-03 21:23:18 [..] reactor class: twisted.internet.epollreactor.EPollReactor.
2026-03-03 21:23:19 [..] Webserver starting on 4002
2026-03-03 21:23:19 [..] Server successfully reloaded.
2026-03-03 21:23:20 [..] Starting calculate_humanity_loss in CharacterSheet
2026-03-03 21:23:20 [..] Total cyberware humanity loss: 12
2026-03-03 21:23:20 [..] New calculated humanity: 48
2026-03-03 21:23:20 [..] About to recalculate derived stats
2026-03-03 21:23:20 [..] Derived stats recalculated
2026-03-03 21:23:20 [..] CharacterSheet saved
2026-03-03 23:16:58 [..] Starting calculate_humanity_loss in CharacterSheet
2026-03-03 23:16:58 [..] Total cyberware humanity loss: 12
2026-03-03 23:16:58 [..] New calculated humanity: 48
2026-03-03 23:16:58 [..] About to recalculate derived stats
2026-03-03 23:16:58 [..] Derived stats recalculated
2026-03-03 23:16:58 [..] CharacterSheet saved
2026-03-03 23:17:08 [!!] Traceback (most recent call last):
2026-03-03 23:17:08 [!!]   File "/opt/nightcity/venv/lib/python3.12/site-packages/evennia/commands/cmdhandler.py", line 629, in _run_command
2026-03-03 23:17:08 [!!]     ret = cmd.func()
2026-03-03 23:17:08 [!!]           ^^^^^^^^^^
2026-03-03 23:17:08 [!!]   File "/opt/nightcity/game/commands/chargen.py", line 557, in func
2026-03-03 23:17:08 [!!]     current_value = char.db.get(full_attr_name, 1)  # Default to 1 if not set
2026-03-03 23:17:08 [!!]                     ^^^^^^^^^^^^^^^^^^^^^^^^^^^^^^
2026-03-03 23:17:08 [!!] TypeError: 'NoneType' object is not callable
2026-03-03 23:17:08 [EE] User input was: 'selfstat tech=7
2026-03-03 23:17:08 [EE] '.
2026-03-03 23:19:02 [..] Server disconnected from the portal.
2026-03-03 23:19:02 [..] Main loop terminated.
2026-03-03 23:19:02 [..] Server Shut Down.
2026-03-03 23:19:06 [..] Loaded.
2026-03-03 23:19:03 [..] Loading /opt/nightcity/venv/lib/python3.12/site-packages/evennia/server/server.py...
2026-03-03 23:19:06 [..] Loaded.
2026-03-03 23:19:06 [..] twistd 24.11.0 (/opt/nightcity/venv/bin/python3 3.12.3) starting up.
2026-03-03 23:19:06 [..] reactor class: twisted.internet.epollreactor.EPollReactor.
2026-03-03 23:19:07 [..] Webserver starting on 4002
2026-03-03 23:19:07 [..] Server successfully reloaded.
2026-03-03 23:19:08 [!!] Traceback (most recent call last):
2026-03-03 23:19:08 [!!]   File "/opt/nightcity/venv/lib/python3.12/site-packages/evennia/commands/cmdhandler.py", line 629, in _run_command
2026-03-03 23:19:08 [!!]     ret = cmd.func()
2026-03-03 23:19:08 [!!]           ^^^^^^^^^^
2026-03-03 23:19:08 [!!]   File "/opt/nightcity/game/commands/chargen.py", line 557, in func
2026-03-03 23:19:08 [!!]     current_value = char.db.get(full_attr_name, 1)  # Default to 1 if not set
2026-03-03 23:19:08 [!!]                     ^^^^^^^^^^^^^^^^^^^^^^^^^^^^^^
2026-03-03 23:19:08 [!!] TypeError: 'NoneType' object is not callable
2026-03-03 23:19:08 [EE] User input was: 'selfstat tech=7
2026-03-03 23:19:08 [EE] '.
2026-03-03 23:20:27 [..] Server disconnected from the portal.
2026-03-03 23:20:27 [..] Main loop terminated.
2026-03-03 23:20:27 [..] Server Shut Down.
2026-03-03 23:20:31 [..] Loaded.
2026-03-03 23:20:28 [..] Loading /opt/nightcity/venv/lib/python3.12/site-packages/evennia/server/server.py...
2026-03-03 23:20:31 [..] Loaded.
2026-03-03 23:20:31 [..] twistd 24.11.0 (/opt/nightcity/venv/bin/python3 3.12.3) starting up.
2026-03-03 23:20:31 [..] reactor class: twisted.internet.epollreactor.EPollReactor.
2026-03-03 23:20:31 [..] Webserver starting on 4002
2026-03-03 23:20:31 [..] Server successfully reloaded.
2026-03-03 23:20:33 [!!] Traceback (most recent call last):
2026-03-03 23:20:33 [!!]   File "/opt/nightcity/venv/lib/python3.12/site-packages/evennia/commands/cmdhandler.py", line 629, in _run_command
2026-03-03 23:20:33 [!!]     ret = cmd.func()
2026-03-03 23:20:33 [!!]           ^^^^^^^^^^
2026-03-03 23:20:33 [!!]   File "/opt/nightcity/game/commands/chargen.py", line 684, in func
2026-03-03 23:20:33 [!!]     new_remaining_stat_points, new_remaining_skill_points = char.get_remaining_points()
2026-03-03 23:20:33 [!!]                                                             ^^^^^^^^^^^^^^^^^^^^^^^^^
2026-03-03 23:20:33 [!!] AttributeError: 'Character' object has no attribute 'get_remaining_points'
2026-03-03 23:20:33 [EE] User input was: 'selfstat tech=7
2026-03-03 23:20:33 [EE] '.
2026-03-03 23:22:08 [..] Server disconnected from the portal.
2026-03-03 23:22:08 [..] Main loop terminated.
2026-03-03 23:22:08 [..] Server Shut Down.
2026-03-03 23:22:12 [..] Loaded.
2026-03-03 23:22:09 [..] Loading /opt/nightcity/venv/lib/python3.12/site-packages/evennia/server/server.py...
2026-03-03 23:22:12 [..] Loaded.
2026-03-03 23:22:12 [..] twistd 24.11.0 (/opt/nightcity/venv/bin/python3 3.12.3) starting up.
2026-03-03 23:22:12 [..] reactor class: twisted.internet.epollreactor.EPollReactor.
2026-03-03 23:22:12 [..] Webserver starting on 4002
2026-03-03 23:22:12 [..] Server successfully reloaded.
2026-03-03 23:22:16 [!!] Traceback (most recent call last):
2026-03-03 23:22:16 [!!]   File "/opt/nightcity/venv/lib/python3.12/site-packages/evennia/commands/cmdhandler.py", line 629, in _run_command
2026-03-03 23:22:16 [!!]     ret = cmd.func()
2026-03-03 23:22:16 [!!]           ^^^^^^^^^^
2026-03-03 23:22:16 [!!]   File "/opt/nightcity/game/commands/chargen.py", line 689, in func
2026-03-03 23:22:16 [!!]     self.caller.location.update_remaining_points(self.caller)
2026-03-03 23:22:16 [!!]   File "/opt/nightcity/game/typeclasses/chargen.py", line 47, in update_remaining_points
2026-03-03 23:22:16 [!!]     possessive = pronouns[2]  # tuple is (subject, object, possessive)
2026-03-03 23:22:16 [!!]                  ~~~~~~~~^^^
2026-03-03 23:22:16 [!!] KeyError: 2
2026-03-03 23:22:16 [EE] User input was: 'selfstat tech=7
2026-03-03 23:22:16 [EE] '.
2026-03-03 23:24:50 [..] Server disconnected from the portal.
2026-03-03 23:24:50 [..] Main loop terminated.
2026-03-03 23:24:50 [..] Server Shut Down.
2026-03-03 23:24:54 [..] Loaded.
2026-03-03 23:24:51 [..] Loading /opt/nightcity/venv/lib/python3.12/site-packages/evennia/server/server.py...
2026-03-03 23:24:54 [..] Loaded.
2026-03-03 23:24:54 [..] twistd 24.11.0 (/opt/nightcity/venv/bin/python3 3.12.3) starting up.
2026-03-03 23:24:54 [..] reactor class: twisted.internet.epollreactor.EPollReactor.
2026-03-03 23:24:54 [..] Webserver starting on 4002
2026-03-03 23:24:54 [..] Server successfully reloaded.
2026-03-03 23:24:56 [!!] Traceback (most recent call last):
2026-03-03 23:24:56 [!!]   File "/opt/nightcity/venv/lib/python3.12/site-packages/evennia/commands/cmdhandler.py", line 629, in _run_command
2026-03-03 23:24:56 [!!]     ret = cmd.func()
2026-03-03 23:24:56 [!!]           ^^^^^^^^^^
2026-03-03 23:24:56 [!!]   File "/opt/nightcity/game/commands/chargen.py", line 689, in func
2026-03-03 23:24:56 [!!]     self.caller.location.update_remaining_points(self.caller)
2026-03-03 23:24:56 [!!]   File "/opt/nightcity/game/typeclasses/chargen.py", line 47, in update_remaining_points
2026-03-03 23:24:56 [!!]     possessive = pronouns[2]  # tuple is (subject, object, possessive)
2026-03-03 23:24:56 [!!]                  ~~~~~~~~^^^
2026-03-03 23:24:56 [!!] KeyError: 2
2026-03-03 23:24:56 [EE] User input was: 'selfstat tech=7
2026-03-03 23:24:56 [EE] '.
2026-03-03 23:26:19 [..] Server disconnected from the portal.
2026-03-03 23:26:19 [..] Main loop terminated.
2026-03-03 23:26:19 [..] Server Shut Down.
2026-03-03 23:26:23 [..] Loaded.
2026-03-03 23:26:20 [..] Loading /opt/nightcity/venv/lib/python3.12/site-packages/evennia/server/server.py...
2026-03-03 23:26:23 [..] Loaded.
2026-03-03 23:26:23 [..] twistd 24.11.0 (/opt/nightcity/venv/bin/python3 3.12.3) starting up.
2026-03-03 23:26:23 [..] reactor class: twisted.internet.epollreactor.EPollReactor.
2026-03-03 23:26:23 [..] Webserver starting on 4002
2026-03-03 23:26:23 [..] Server successfully reloaded.
2026-03-03 23:26:45 [..] Starting calculate_humanity_loss in CharacterSheet
2026-03-03 23:26:45 [..] Total cyberware humanity loss: 12
2026-03-03 23:26:45 [..] New calculated humanity: 48
2026-03-03 23:26:45 [..] About to recalculate derived stats
2026-03-03 23:26:45 [..] Derived stats recalculated
2026-03-03 23:26:45 [..] CharacterSheet saved
2026-03-03 23:26:45 [EE] Error retrieving inventory for Soma: Inventory matching query does not exist.
2026-03-03 23:28:25 [..] Server disconnected from the portal.
2026-03-03 23:28:25 [..] Main loop terminated.
2026-03-03 23:28:25 [..] Server Shut Down.
2026-03-03 23:28:29 [..] Loaded.
2026-03-03 23:28:26 [..] Loading /opt/nightcity/venv/lib/python3.12/site-packages/evennia/server/server.py...
2026-03-03 23:28:29 [..] Loaded.
2026-03-03 23:28:29 [..] twistd 24.11.0 (/opt/nightcity/venv/bin/python3 3.12.3) starting up.
2026-03-03 23:28:29 [..] reactor class: twisted.internet.epollreactor.EPollReactor.
2026-03-03 23:28:29 [..] Webserver starting on 4002
2026-03-03 23:28:29 [..] Server successfully reloaded.
2026-03-03 23:28:34 [..] Starting calculate_humanity_loss in CharacterSheet
2026-03-03 23:28:34 [..] Total cyberware humanity loss: 12
2026-03-03 23:28:34 [..] New calculated humanity: 48
2026-03-03 23:28:34 [..] About to recalculate derived stats
2026-03-03 23:28:34 [..] Derived stats recalculated
2026-03-03 23:28:34 [..] CharacterSheet saved
2026-03-03 23:29:53 [SS] Authentication Success: Lethe(account 1) (IP: 76.105.8.183).
2026-03-03 23:29:53 [..] Logged in: Lethe(account 1) 76.105.8.183 (1 session(s) total)
2026-03-03 23:30:02 [..] at_post_puppet called for Lethe
2026-03-03 23:30:02 [..] Attempting to migrate character sheet data for Lethe
2026-03-03 23:30:02 [..] About to call display_login_notifications for Lethe
2026-03-03 23:30:02 [..] About to display login notifications for Lethe
2026-03-03 23:30:02 [..] Finished display_login_notifications for Lethe
2026-03-03 23:30:02 [SS] Puppet Success: (Caller: Lethe(account 1), Target: Lethe, IP: 76.105.8.183).
2026-03-03 23:30:51 [!!] Traceback (most recent call last):
2026-03-03 23:30:51 [!!]   File "/opt/nightcity/venv/lib/python3.12/site-packages/evennia/commands/cmdhandler.py", line 629, in _run_command
2026-03-03 23:30:51 [!!]     ret = cmd.func()
2026-03-03 23:30:51 [!!]           ^^^^^^^^^^
2026-03-03 23:30:51 [!!]   File "/opt/nightcity/game/commands/admin_commands.py", line 470, in func
2026-03-03 23:30:51 [!!]     ripperdoc = create_cyberware_merchant(self.caller.location)
2026-03-03 23:30:51 [!!]                 ^^^^^^^^^^^^^^^^^^^^^^^^^^^^^^^^^^^^^^^^^^^^^^^
2026-03-03 23:30:51 [!!]   File "/opt/nightcity/game/world/cyberpunk_sheets/merchants.py", line 148, in create_cyberware_merchant
2026-03-03 23:30:51 [!!]     from world.cyberware.utils import get_all_cyberware
2026-03-03 23:30:51 [!!] ImportError: cannot import name 'get_all_cyberware' from 'world.cyberware.utils' (/opt/nightcity/game/world/cyberware/utils.py)
2026-03-03 23:30:51 [EE] User input was: 'spawn_ripperdoc
2026-03-03 23:30:51 [EE] '.
2026-03-03 23:32:43 [..] Server disconnected from the portal.
2026-03-03 23:32:43 [..] Main loop terminated.
2026-03-03 23:32:43 [..] Server Shut Down.
2026-03-03 23:32:47 [..] Loaded.
2026-03-03 23:32:44 [..] Loading /opt/nightcity/venv/lib/python3.12/site-packages/evennia/server/server.py...
2026-03-03 23:32:47 [..] Loaded.
2026-03-03 23:32:47 [..] twistd 24.11.0 (/opt/nightcity/venv/bin/python3 3.12.3) starting up.
2026-03-03 23:32:47 [..] reactor class: twisted.internet.epollreactor.EPollReactor.
2026-03-03 23:32:48 [..] Webserver starting on 4002
2026-03-03 23:32:48 [..] Server successfully reloaded.
2026-03-03 23:32:57 [SS] Puppet Success: (Caller: Lethe(account 1), Target: Lethe, IP: 76.105.8.183).
2026-03-03 23:38:54 [..] Server disconnected from the portal.
2026-03-03 23:38:54 [..] Main loop terminated.
2026-03-03 23:38:54 [..] Server Shut Down.
2026-03-03 23:38:58 [..] Loaded.
2026-03-03 23:38:55 [..] Loading /opt/nightcity/venv/lib/python3.12/site-packages/evennia/server/server.py...
2026-03-03 23:38:58 [..] Loaded.
2026-03-03 23:38:58 [..] twistd 24.11.0 (/opt/nightcity/venv/bin/python3 3.12.3) starting up.
2026-03-03 23:38:58 [..] reactor class: twisted.internet.epollreactor.EPollReactor.
2026-03-03 23:38:58 [..] Webserver starting on 4002
2026-03-03 23:38:58 [..] Server successfully reloaded.
2026-03-03 23:38:58 [!!] Traceback (most recent call last):
2026-03-03 23:38:58 [!!]   File "/opt/nightcity/venv/lib/python3.12/site-packages/evennia/commands/cmdsethandler.py", line 186, in import_cmdset
2026-03-03 23:38:58 [!!]     raise exc.with_traceback(tb)
2026-03-03 23:38:58 [!!]   File "/opt/nightcity/venv/lib/python3.12/site-packages/evennia/commands/cmdsethandler.py", line 181, in import_cmdset
2026-03-03 23:38:58 [!!]     module = import_module(modpath, package="evennia")
2026-03-03 23:38:58 [!!]              ^^^^^^^^^^^^^^^^^^^^^^^^^^^^^^^^^^^^^^^^^
2026-03-03 23:38:58 [!!]   File "/usr/lib/python3.12/importlib/__init__.py", line 90, in import_module
2026-03-03 23:38:58 [!!]     return _bootstrap._gcd_import(name[level:], package, level)
2026-03-03 23:38:58 [!!]            ^^^^^^^^^^^^^^^^^^^^^^^^^^^^^^^^^^^^^^^^^^^^^^^^^^^^
2026-03-03 23:38:58 [!!]   File "<frozen importlib._bootstrap>", line 1387, in _gcd_import
2026-03-03 23:38:58 [!!]   File "<frozen importlib._bootstrap>", line 1360, in _find_and_load
2026-03-03 23:38:58 [!!]   File "<frozen importlib._bootstrap>", line 1331, in _find_and_load_unlocked
2026-03-03 23:38:58 [!!]   File "<frozen importlib._bootstrap>", line 935, in _load_unlocked
2026-03-03 23:38:58 [!!]   File "<frozen importlib._bootstrap_external>", line 995, in exec_module
2026-03-03 23:38:58 [!!]   File "<frozen importlib._bootstrap>", line 488, in _call_with_frames_removed
2026-03-03 23:38:58 [!!]   File "/opt/nightcity/game/commands/default_cmdsets.py", line 23, in <module>
2026-03-03 23:38:58 [!!]     from .equipment_commands import CmdAddWeapon, CmdAddArmor, CmdAddGear, CmdPopulateWeapons, CmdPopulateArmor, CmdPopulateGear, CmdViewEquipment, CmdPopulateAllEquipment, CmdRemoveEquipment, CmdPopulateCyberware, CmdDepopulateAllEquipment, CmdYes
2026-03-03 23:38:58 [!!] ImportError: cannot import name 'CmdYes' from 'commands.equipment_commands' (/opt/nightcity/game/commands/equipment_commands.py)
2026-03-03 23:38:58 [EE] Traceback (most recent call last):
2026-03-03 23:38:58 [EE]   File "/opt/nightcity/venv/lib/python3.12/site-packages/evennia/commands/cmdsethandler.py", line 186, in import_cmdset
2026-03-03 23:38:58 [EE]     raise exc.with_traceback(tb)
2026-03-03 23:38:58 [EE]   File "/opt/nightcity/venv/lib/python3.12/site-packages/evennia/commands/cmdsethandler.py", line 181, in import_cmdset
2026-03-03 23:38:58 [EE]     module = import_module(modpath, package="evennia")
2026-03-03 23:38:58 [EE]              ^^^^^^^^^^^^^^^^^^^^^^^^^^^^^^^^^^^^^^^^^
2026-03-03 23:38:58 [EE]   File "/usr/lib/python3.12/importlib/__init__.py", line 90, in import_module
2026-03-03 23:38:58 [EE]     return _bootstrap._gcd_import(name[level:], package, level)
2026-03-03 23:38:58 [EE]            ^^^^^^^^^^^^^^^^^^^^^^^^^^^^^^^^^^^^^^^^^^^^^^^^^^^^
2026-03-03 23:38:58 [EE]   File "<frozen importlib._bootstrap>", line 1387, in _gcd_import
2026-03-03 23:38:58 [EE]   File "<frozen importlib._bootstrap>", line 1360, in _find_and_load
2026-03-03 23:38:58 [EE]   File "<frozen importlib._bootstrap>", line 1331, in _find_and_load_unlocked
2026-03-03 23:38:58 [EE]   File "<frozen importlib._bootstrap>", line 935, in _load_unlocked
2026-03-03 23:38:58 [EE]   File "<frozen importlib._bootstrap_external>", line 995, in exec_module
2026-03-03 23:38:58 [EE]   File "<frozen importlib._bootstrap>", line 488, in _call_with_frames_removed
2026-03-03 23:38:58 [EE]   File "/opt/nightcity/game/commands/default_cmdsets.py", line 23, in <module>
2026-03-03 23:38:58 [EE]     from .equipment_commands import CmdAddWeapon, CmdAddArmor, CmdAddGear, CmdPopulateWeapons, CmdPopulateArmor, CmdPopulateGear, CmdViewEquipment, CmdPopulateAllEquipment, CmdRemoveEquipment, CmdPopulateCyberware, CmdDepopulateAllEquipment, CmdYes
2026-03-03 23:38:58 [EE] ImportError: cannot import name 'CmdYes' from 'commands.equipment_commands' (/opt/nightcity/game/commands/equipment_commands.py)
None2026-03-03 23:38:58 [EE] Error loading cmdset 'commands.default_cmdsets.SessionCmdSet'
2026-03-03 23:38:58 [EE] (Traceback was logged 26-03-03 23:38:58)
None2026-03-03 23:38:58 [EE] Error encountered for cmdset at path 'commands.default_cmdsets.SessionCmdSet'.
2026-03-03 23:38:58 [EE] Replacing with fallback 'evennia.commands.default.cmdset_session.SessionCmdSet'.
2026-03-03 23:38:58 [!!] Traceback (most recent call last):
2026-03-03 23:38:58 [!!]   File "/opt/nightcity/venv/lib/python3.12/site-packages/evennia/commands/cmdsethandler.py", line 186, in import_cmdset
2026-03-03 23:38:58 [!!]     raise exc.with_traceback(tb)
2026-03-03 23:38:58 [!!]   File "/opt/nightcity/venv/lib/python3.12/site-packages/evennia/commands/cmdsethandler.py", line 181, in import_cmdset
2026-03-03 23:38:58 [!!]     module = import_module(modpath, package="evennia")
2026-03-03 23:38:58 [!!]              ^^^^^^^^^^^^^^^^^^^^^^^^^^^^^^^^^^^^^^^^^
2026-03-03 23:38:58 [!!]   File "/usr/lib/python3.12/importlib/__init__.py", line 90, in import_module
2026-03-03 23:38:58 [!!]     return _bootstrap._gcd_import(name[level:], package, level)
2026-03-03 23:38:58 [!!]            ^^^^^^^^^^^^^^^^^^^^^^^^^^^^^^^^^^^^^^^^^^^^^^^^^^^^
2026-03-03 23:38:58 [!!]   File "<frozen importlib._bootstrap>", line 1387, in _gcd_import
2026-03-03 23:38:58 [!!]   File "<frozen importlib._bootstrap>", line 1360, in _find_and_load
2026-03-03 23:38:58 [!!]   File "<frozen importlib._bootstrap>", line 1331, in _find_and_load_unlocked
2026-03-03 23:38:58 [!!]   File "<frozen importlib._bootstrap>", line 935, in _load_unlocked
2026-03-03 23:38:58 [!!]   File "<frozen importlib._bootstrap_external>", line 995, in exec_module
2026-03-03 23:38:58 [!!]   File "<frozen importlib._bootstrap>", line 488, in _call_with_frames_removed
2026-03-03 23:38:58 [!!]   File "/opt/nightcity/game/commands/default_cmdsets.py", line 23, in <module>
2026-03-03 23:38:58 [!!]     from .equipment_commands import CmdAddWeapon, CmdAddArmor, CmdAddGear, CmdPopulateWeapons, CmdPopulateArmor, CmdPopulateGear, CmdViewEquipment, CmdPopulateAllEquipment, CmdRemoveEquipment, CmdPopulateCyberware, CmdDepopulateAllEquipment, CmdYes
2026-03-03 23:38:58 [!!] ImportError: cannot import name 'CmdYes' from 'commands.equipment_commands' (/opt/nightcity/game/commands/equipment_commands.py)
2026-03-03 23:38:58 [EE] Traceback (most recent call last):
2026-03-03 23:38:58 [EE]   File "/opt/nightcity/venv/lib/python3.12/site-packages/evennia/commands/cmdsethandler.py", line 186, in import_cmdset
2026-03-03 23:38:58 [EE]     raise exc.with_traceback(tb)
2026-03-03 23:38:58 [EE]   File "/opt/nightcity/venv/lib/python3.12/site-packages/evennia/commands/cmdsethandler.py", line 181, in import_cmdset
2026-03-03 23:38:58 [EE]     module = import_module(modpath, package="evennia")
2026-03-03 23:38:58 [EE]              ^^^^^^^^^^^^^^^^^^^^^^^^^^^^^^^^^^^^^^^^^
2026-03-03 23:38:58 [EE]   File "/usr/lib/python3.12/importlib/__init__.py", line 90, in import_module
2026-03-03 23:38:58 [EE]     return _bootstrap._gcd_import(name[level:], package, level)
2026-03-03 23:38:58 [EE]            ^^^^^^^^^^^^^^^^^^^^^^^^^^^^^^^^^^^^^^^^^^^^^^^^^^^^
2026-03-03 23:38:58 [EE]   File "<frozen importlib._bootstrap>", line 1387, in _gcd_import
2026-03-03 23:38:58 [EE]   File "<frozen importlib._bootstrap>", line 1360, in _find_and_load
2026-03-03 23:38:58 [EE]   File "<frozen importlib._bootstrap>", line 1331, in _find_and_load_unlocked
2026-03-03 23:38:58 [EE]   File "<frozen importlib._bootstrap>", line 935, in _load_unlocked
2026-03-03 23:38:58 [EE]   File "<frozen importlib._bootstrap_external>", line 995, in exec_module
2026-03-03 23:38:58 [EE]   File "<frozen importlib._bootstrap>", line 488, in _call_with_frames_removed
2026-03-03 23:38:58 [EE]   File "/opt/nightcity/game/commands/default_cmdsets.py", line 23, in <module>
2026-03-03 23:38:58 [EE]     from .equipment_commands import CmdAddWeapon, CmdAddArmor, CmdAddGear, CmdPopulateWeapons, CmdPopulateArmor, CmdPopulateGear, CmdViewEquipment, CmdPopulateAllEquipment, CmdRemoveEquipment, CmdPopulateCyberware, CmdDepopulateAllEquipment, CmdYes
2026-03-03 23:38:58 [EE] ImportError: cannot import name 'CmdYes' from 'commands.equipment_commands' (/opt/nightcity/game/commands/equipment_commands.py)
None2026-03-03 23:38:58 [EE] Error loading cmdset 'commands.default_cmdsets.SessionCmdSet'
2026-03-03 23:38:58 [EE] (Traceback was logged 26-03-03 23:38:58)
None2026-03-03 23:38:58 [EE] Error encountered for cmdset at path 'commands.default_cmdsets.SessionCmdSet'.
2026-03-03 23:38:58 [EE] Replacing with fallback 'evennia.commands.default.cmdset_session.SessionCmdSet'.
2026-03-03 23:38:59 [!!] Traceback (most recent call last):
2026-03-03 23:38:59 [!!]   File "/opt/nightcity/venv/lib/python3.12/site-packages/evennia/commands/cmdsethandler.py", line 186, in import_cmdset
2026-03-03 23:38:59 [!!]     raise exc.with_traceback(tb)
2026-03-03 23:38:59 [!!]   File "/opt/nightcity/venv/lib/python3.12/site-packages/evennia/commands/cmdsethandler.py", line 181, in import_cmdset
2026-03-03 23:38:59 [!!]     module = import_module(modpath, package="evennia")
2026-03-03 23:38:59 [!!]              ^^^^^^^^^^^^^^^^^^^^^^^^^^^^^^^^^^^^^^^^^
2026-03-03 23:38:59 [!!]   File "/usr/lib/python3.12/importlib/__init__.py", line 90, in import_module
2026-03-03 23:38:59 [!!]     return _bootstrap._gcd_import(name[level:], package, level)
2026-03-03 23:38:59 [!!]            ^^^^^^^^^^^^^^^^^^^^^^^^^^^^^^^^^^^^^^^^^^^^^^^^^^^^
2026-03-03 23:38:59 [!!]   File "<frozen importlib._bootstrap>", line 1387, in _gcd_import
2026-03-03 23:38:59 [!!]   File "<frozen importlib._bootstrap>", line 1360, in _find_and_load
2026-03-03 23:38:59 [!!]   File "<frozen importlib._bootstrap>", line 1331, in _find_and_load_unlocked
2026-03-03 23:38:59 [!!]   File "<frozen importlib._bootstrap>", line 935, in _load_unlocked
2026-03-03 23:38:59 [!!]   File "<frozen importlib._bootstrap_external>", line 995, in exec_module
2026-03-03 23:38:59 [!!]   File "<frozen importlib._bootstrap>", line 488, in _call_with_frames_removed
2026-03-03 23:38:59 [!!]   File "/opt/nightcity/game/commands/default_cmdsets.py", line 23, in <module>
2026-03-03 23:38:59 [!!]     from .equipment_commands import CmdAddWeapon, CmdAddArmor, CmdAddGear, CmdPopulateWeapons, CmdPopulateArmor, CmdPopulateGear, CmdViewEquipment, CmdPopulateAllEquipment, CmdRemoveEquipment, CmdPopulateCyberware, CmdDepopulateAllEquipment, CmdYes
2026-03-03 23:38:59 [!!] ImportError: cannot import name 'CmdYes' from 'commands.equipment_commands' (/opt/nightcity/game/commands/equipment_commands.py)
2026-03-03 23:38:59 [EE] Traceback (most recent call last):
2026-03-03 23:38:59 [EE]   File "/opt/nightcity/venv/lib/python3.12/site-packages/evennia/commands/cmdsethandler.py", line 186, in import_cmdset
2026-03-03 23:38:59 [EE]     raise exc.with_traceback(tb)
2026-03-03 23:38:59 [EE]   File "/opt/nightcity/venv/lib/python3.12/site-packages/evennia/commands/cmdsethandler.py", line 181, in import_cmdset
2026-03-03 23:38:59 [EE]     module = import_module(modpath, package="evennia")
2026-03-03 23:38:59 [EE]              ^^^^^^^^^^^^^^^^^^^^^^^^^^^^^^^^^^^^^^^^^
2026-03-03 23:38:59 [EE]   File "/usr/lib/python3.12/importlib/__init__.py", line 90, in import_module
2026-03-03 23:38:59 [EE]     return _bootstrap._gcd_import(name[level:], package, level)
2026-03-03 23:38:59 [EE]            ^^^^^^^^^^^^^^^^^^^^^^^^^^^^^^^^^^^^^^^^^^^^^^^^^^^^
2026-03-03 23:38:59 [EE]   File "<frozen importlib._bootstrap>", line 1387, in _gcd_import
2026-03-03 23:38:59 [EE]   File "<frozen importlib._bootstrap>", line 1360, in _find_and_load
2026-03-03 23:38:59 [EE]   File "<frozen importlib._bootstrap>", line 1331, in _find_and_load_unlocked
2026-03-03 23:38:59 [EE]   File "<frozen importlib._bootstrap>", line 935, in _load_unlocked
2026-03-03 23:38:59 [EE]   File "<frozen importlib._bootstrap_external>", line 995, in exec_module
2026-03-03 23:38:59 [EE]   File "<frozen importlib._bootstrap>", line 488, in _call_with_frames_removed
2026-03-03 23:38:59 [EE]   File "/opt/nightcity/game/commands/default_cmdsets.py", line 23, in <module>
2026-03-03 23:38:59 [EE]     from .equipment_commands import CmdAddWeapon, CmdAddArmor, CmdAddGear, CmdPopulateWeapons, CmdPopulateArmor, CmdPopulateGear, CmdViewEquipment, CmdPopulateAllEquipment, CmdRemoveEquipment, CmdPopulateCyberware, CmdDepopulateAllEquipment, CmdYes
2026-03-03 23:38:59 [EE] ImportError: cannot import name 'CmdYes' from 'commands.equipment_commands' (/opt/nightcity/game/commands/equipment_commands.py)
None2026-03-03 23:38:59 [EE] Error loading cmdset 'commands.default_cmdsets.SessionCmdSet'
2026-03-03 23:38:59 [EE] (Traceback was logged 26-03-03 23:38:59)
None2026-03-03 23:38:59 [EE] Error encountered for cmdset at path 'commands.default_cmdsets.SessionCmdSet'.
2026-03-03 23:38:59 [EE] Replacing with fallback 'evennia.commands.default.cmdset_session.SessionCmdSet'.
2026-03-03 23:38:59 [!!] Traceback (most recent call last):
2026-03-03 23:38:59 [!!]   File "/opt/nightcity/venv/lib/python3.12/site-packages/evennia/commands/cmdsethandler.py", line 186, in import_cmdset
2026-03-03 23:38:59 [!!]     raise exc.with_traceback(tb)
2026-03-03 23:38:59 [!!]   File "/opt/nightcity/venv/lib/python3.12/site-packages/evennia/commands/cmdsethandler.py", line 181, in import_cmdset
2026-03-03 23:38:59 [!!]     module = import_module(modpath, package="evennia")
2026-03-03 23:38:59 [!!]              ^^^^^^^^^^^^^^^^^^^^^^^^^^^^^^^^^^^^^^^^^
2026-03-03 23:38:59 [!!]   File "/usr/lib/python3.12/importlib/__init__.py", line 90, in import_module
2026-03-03 23:38:59 [!!]     return _bootstrap._gcd_import(name[level:], package, level)
2026-03-03 23:38:59 [!!]            ^^^^^^^^^^^^^^^^^^^^^^^^^^^^^^^^^^^^^^^^^^^^^^^^^^^^
2026-03-03 23:38:59 [!!]   File "<frozen importlib._bootstrap>", line 1387, in _gcd_import
2026-03-03 23:38:59 [!!]   File "<frozen importlib._bootstrap>", line 1360, in _find_and_load
2026-03-03 23:38:59 [!!]   File "<frozen importlib._bootstrap>", line 1331, in _find_and_load_unlocked
2026-03-03 23:38:59 [!!]   File "<frozen importlib._bootstrap>", line 935, in _load_unlocked
2026-03-03 23:38:59 [!!]   File "<frozen importlib._bootstrap_external>", line 995, in exec_module
2026-03-03 23:38:59 [!!]   File "<frozen importlib._bootstrap>", line 488, in _call_with_frames_removed
2026-03-03 23:38:59 [!!]   File "/opt/nightcity/game/commands/default_cmdsets.py", line 23, in <module>
2026-03-03 23:38:59 [!!]     from .equipment_commands import CmdAddWeapon, CmdAddArmor, CmdAddGear, CmdPopulateWeapons, CmdPopulateArmor, CmdPopulateGear, CmdViewEquipment, CmdPopulateAllEquipment, CmdRemoveEquipment, CmdPopulateCyberware, CmdDepopulateAllEquipment, CmdYes
2026-03-03 23:38:59 [!!] ImportError: cannot import name 'CmdYes' from 'commands.equipment_commands' (/opt/nightcity/game/commands/equipment_commands.py)
2026-03-03 23:38:59 [EE] Traceback (most recent call last):
2026-03-03 23:38:59 [EE]   File "/opt/nightcity/venv/lib/python3.12/site-packages/evennia/commands/cmdsethandler.py", line 186, in import_cmdset
2026-03-03 23:38:59 [EE]     raise exc.with_traceback(tb)
2026-03-03 23:38:59 [EE]   File "/opt/nightcity/venv/lib/python3.12/site-packages/evennia/commands/cmdsethandler.py", line 181, in import_cmdset
2026-03-03 23:38:59 [EE]     module = import_module(modpath, package="evennia")
2026-03-03 23:38:59 [EE]              ^^^^^^^^^^^^^^^^^^^^^^^^^^^^^^^^^^^^^^^^^
2026-03-03 23:38:59 [EE]   File "/usr/lib/python3.12/importlib/__init__.py", line 90, in import_module
2026-03-03 23:38:59 [EE]     return _bootstrap._gcd_import(name[level:], package, level)
2026-03-03 23:38:59 [EE]            ^^^^^^^^^^^^^^^^^^^^^^^^^^^^^^^^^^^^^^^^^^^^^^^^^^^^
2026-03-03 23:38:59 [EE]   File "<frozen importlib._bootstrap>", line 1387, in _gcd_import
2026-03-03 23:38:59 [EE]   File "<frozen importlib._bootstrap>", line 1360, in _find_and_load
2026-03-03 23:38:59 [EE]   File "<frozen importlib._bootstrap>", line 1331, in _find_and_load_unlocked
2026-03-03 23:38:59 [EE]   File "<frozen importlib._bootstrap>", line 935, in _load_unlocked
2026-03-03 23:38:59 [EE]   File "<frozen importlib._bootstrap_external>", line 995, in exec_module
2026-03-03 23:38:59 [EE]   File "<frozen importlib._bootstrap>", line 488, in _call_with_frames_removed
2026-03-03 23:38:59 [EE]   File "/opt/nightcity/game/commands/default_cmdsets.py", line 23, in <module>
2026-03-03 23:38:59 [EE]     from .equipment_commands import CmdAddWeapon, CmdAddArmor, CmdAddGear, CmdPopulateWeapons, CmdPopulateArmor, CmdPopulateGear, CmdViewEquipment, CmdPopulateAllEquipment, CmdRemoveEquipment, CmdPopulateCyberware, CmdDepopulateAllEquipment, CmdYes
2026-03-03 23:38:59 [EE] ImportError: cannot import name 'CmdYes' from 'commands.equipment_commands' (/opt/nightcity/game/commands/equipment_commands.py)
None2026-03-03 23:38:59 [EE] Error loading cmdset 'commands.default_cmdsets.SessionCmdSet'
2026-03-03 23:38:59 [EE] (Traceback was logged 26-03-03 23:38:59)
None2026-03-03 23:38:59 [EE] Error encountered for cmdset at path 'commands.default_cmdsets.SessionCmdSet'.
2026-03-03 23:38:59 [EE] Replacing with fallback 'evennia.commands.default.cmdset_session.SessionCmdSet'.
2026-03-03 23:39:45 [..] Server disconnected from the portal.
2026-03-03 23:39:45 [..] Main loop terminated.
2026-03-03 23:39:45 [..] Server Shut Down.
2026-03-03 23:39:49 [..] Loaded.
2026-03-03 23:39:46 [..] Loading /opt/nightcity/venv/lib/python3.12/site-packages/evennia/server/server.py...
2026-03-03 23:39:49 [..] Loaded.
2026-03-03 23:39:49 [..] twistd 24.11.0 (/opt/nightcity/venv/bin/python3 3.12.3) starting up.
2026-03-03 23:39:49 [..] reactor class: twisted.internet.epollreactor.EPollReactor.
2026-03-03 23:39:49 [..] Webserver starting on 4002
2026-03-03 23:39:49 [..] Server successfully reloaded.
2026-03-03 23:39:50 [!!] Traceback (most recent call last):
2026-03-03 23:39:50 [!!]   File "/opt/nightcity/venv/lib/python3.12/site-packages/evennia/commands/cmdsethandler.py", line 209, in import_cmdset
2026-03-03 23:39:50 [!!]     cmdsetclass = cmdsetclass(cmdsetobj)
2026-03-03 23:39:50 [!!]                   ^^^^^^^^^^^^^^^^^^^^^^
2026-03-03 23:39:50 [!!]   File "/opt/nightcity/venv/lib/python3.12/site-packages/evennia/commands/cmdset.py", line 225, in __init__
2026-03-03 23:39:50 [!!]     self.at_cmdset_creation()
2026-03-03 23:39:50 [!!]   File "/opt/nightcity/game/commands/default_cmdsets.py", line 192, in at_cmdset_creation
2026-03-03 23:39:50 [!!]     self.add(CmdYes())
2026-03-03 23:39:50 [!!]              ^^^^^^
2026-03-03 23:39:50 [!!] NameError: name 'CmdYes' is not defined. Did you mean: 'CmdSet'?
2026-03-03 23:39:50 [EE] Traceback (most recent call last):
2026-03-03 23:39:50 [EE]   File "/opt/nightcity/venv/lib/python3.12/site-packages/evennia/commands/cmdsethandler.py", line 209, in import_cmdset
2026-03-03 23:39:50 [EE]     cmdsetclass = cmdsetclass(cmdsetobj)
2026-03-03 23:39:50 [EE]                   ^^^^^^^^^^^^^^^^^^^^^^
2026-03-03 23:39:50 [EE]   File "/opt/nightcity/venv/lib/python3.12/site-packages/evennia/commands/cmdset.py", line 225, in __init__
2026-03-03 23:39:50 [EE]     self.at_cmdset_creation()
2026-03-03 23:39:50 [EE]   File "/opt/nightcity/game/commands/default_cmdsets.py", line 192, in at_cmdset_creation
2026-03-03 23:39:50 [EE]     self.add(CmdYes())
2026-03-03 23:39:50 [EE]              ^^^^^^
2026-03-03 23:39:50 [EE] NameError: name 'CmdYes' is not defined. Did you mean: 'CmdSet'?
None2026-03-03 23:39:50 [EE] Compile/Run error when loading cmdset 'commands.default_cmdsets.AccountCmdSet'.
2026-03-03 23:39:50 [EE] (Traceback was logged 26-03-03 23:39:50)
None2026-03-03 23:39:50 [EE] Error encountered for cmdset at path 'commands.default_cmdsets.AccountCmdSet'.
2026-03-03 23:39:50 [EE] Replacing with fallback 'evennia.commands.default.cmdset_account.AccountCmdSet'.
2026-03-03 23:40:54 [..] Server disconnected from the portal.
2026-03-03 23:40:54 [..] Main loop terminated.
2026-03-03 23:40:54 [..] Server Shut Down.
2026-03-03 23:40:58 [..] Loaded.
2026-03-03 23:40:55 [..] Loading /opt/nightcity/venv/lib/python3.12/site-packages/evennia/server/server.py...
2026-03-03 23:40:58 [..] Loaded.
2026-03-03 23:40:58 [..] twistd 24.11.0 (/opt/nightcity/venv/bin/python3 3.12.3) starting up.
2026-03-03 23:40:58 [..] reactor class: twisted.internet.epollreactor.EPollReactor.
2026-03-03 23:40:58 [..] Webserver starting on 4002
2026-03-03 23:40:58 [..] Server successfully reloaded.
2026-03-03 23:41:04 [..] Starting calculate_humanity_loss in CharacterSheet
2026-03-03 23:41:04 [..] Total cyberware humanity loss: 12
2026-03-03 23:41:04 [..] New calculated humanity: 48
2026-03-03 23:41:04 [..] About to recalculate derived stats
2026-03-03 23:41:04 [..] Derived stats recalculated
2026-03-03 23:41:04 [..] CharacterSheet saved
2026-03-03 23:45:15 [..] Server disconnected from the portal.
2026-03-03 23:45:15 [..] Main loop terminated.
2026-03-03 23:45:15 [..] Server Shut Down.
2026-03-03 23:45:19 [..] Loaded.
2026-03-03 23:45:16 [..] Loading /opt/nightcity/venv/lib/python3.12/site-packages/evennia/server/server.py...
2026-03-03 23:45:19 [..] Loaded.
2026-03-03 23:45:19 [..] twistd 24.11.0 (/opt/nightcity/venv/bin/python3 3.12.3) starting up.
2026-03-03 23:45:19 [..] reactor class: twisted.internet.epollreactor.EPollReactor.
2026-03-03 23:45:19 [..] Webserver starting on 4002
2026-03-03 23:45:19 [..] Server successfully reloaded.
2026-03-03 23:45:35 [..] Starting calculate_humanity_loss in CharacterSheet
2026-03-03 23:45:35 [..] Total cyberware humanity loss: 15
2026-03-03 23:45:35 [..] New calculated humanity: 45
2026-03-03 23:45:35 [..] About to recalculate derived stats
2026-03-03 23:45:35 [..] Derived stats recalculated
2026-03-03 23:45:35 [..] CharacterSheet saved
2026-03-03 23:45:57 [..] Starting calculate_humanity_loss in CharacterSheet
2026-03-03 23:45:57 [..] Total cyberware humanity loss: 22
2026-03-03 23:45:57 [..] New calculated humanity: 38
2026-03-03 23:45:57 [..] About to recalculate derived stats
2026-03-03 23:45:57 [..] Derived stats recalculated
2026-03-03 23:45:57 [..] CharacterSheet saved
2026-03-03 23:46:13 [..] Starting calculate_humanity_loss in CharacterSheet
2026-03-03 23:46:13 [..] Total cyberware humanity loss: 22
2026-03-03 23:46:13 [..] New calculated humanity: 38
2026-03-03 23:46:13 [..] About to recalculate derived stats
2026-03-03 23:46:13 [..] Derived stats recalculated
2026-03-03 23:46:13 [..] CharacterSheet saved
2026-03-03 23:51:57 [..] Server disconnected from the portal.
2026-03-03 23:51:57 [..] Main loop terminated.
2026-03-03 23:51:57 [..] Server Shut Down.
2026-03-03 23:52:01 [..] Loaded.
2026-03-03 23:51:58 [..] Loading /opt/nightcity/venv/lib/python3.12/site-packages/evennia/server/server.py...
2026-03-03 23:52:01 [..] Loaded.
2026-03-03 23:52:01 [..] twistd 24.11.0 (/opt/nightcity/venv/bin/python3 3.12.3) starting up.
2026-03-03 23:52:01 [..] reactor class: twisted.internet.epollreactor.EPollReactor.
2026-03-03 23:52:02 [..] Webserver starting on 4002
2026-03-03 23:52:02 [..] Server successfully reloaded.
2026-03-03 23:55:41 [SS] Permissions Added: admin, Lethe(account 1) (Caller: Mnemosyne, IP: 24.43.130.218).
2026-03-03 23:56:59 [SS] Permissions Added: admin, Lethe (Caller: Mnemosyne, IP: 24.43.130.218).
2026-03-04 02:07:48 [WW] ip_from_request: No valid IP address found in request. Using remote_addr.
2026-03-04 05:45:05 [WW] ip_from_request: No valid IP address found in request. Using remote_addr.
2026-03-04 07:04:20 [..] Logged out: Soma(account 4) 76.105.8.183 (0 sessions(s) remaining) (quit)
2026-03-04 07:04:23 [..] Logged out: Lethe(account 1) 76.105.8.183 (0 sessions(s) remaining) (quit)
2026-03-04 09:00:37 [WW] ip_from_request: No valid IP address found in request. Using remote_addr.
2026-03-04 12:24:39 [WW] ip_from_request: No valid IP address found in request. Using remote_addr.
2026-03-04 15:04:32 [..] Logged out: Mnemosyne(account 2) 24.43.130.218 (1 sessions(s) remaining)
2026-03-04 16:18:48 [WW] ip_from_request: No valid IP address found in request. Using remote_addr.
2026-03-04 16:27:16 [SS] Authentication Success: Mnemosyne(account 2) (IP: 24.43.130.218).
2026-03-04 16:27:16 [..] Logged in: Mnemosyne(account 2) 24.43.130.218 (2 session(s) total)
2026-03-04 16:27:19 [..] at_post_puppet called for Mnemosyne
2026-03-04 16:27:19 [..] About to call display_login_notifications for Mnemosyne
2026-03-04 16:27:19 [..] About to display login notifications for Mnemosyne
2026-03-04 16:27:19 [..] Finished display_login_notifications for Mnemosyne
2026-03-04 16:27:19 [SS] Puppet Success: (Caller: Mnemosyne(account 2), Target: Mnemosyne, IP: 24.43.130.218).
2026-03-04 16:28:28 [SS] Password successfully changed for Mnemosyne(account 2).
2026-03-04 16:28:28 [SS] Password Changed: Mnemosyne(account 2) (Caller: Mnemosyne, IP: 24.43.130.218).
2026-03-04 16:28:35 [..] Logged out: Mnemosyne(account 2) 24.43.130.218 (1 sessions(s) remaining)
2026-03-04 16:28:47 [SS] Authentication Success: Mnemosyne(account 2) (IP: 24.43.130.218).
2026-03-04 16:28:47 [..] Logged in: Mnemosyne(account 2) 24.43.130.218 (2 session(s) total)
2026-03-04 17:45:21 [SS] Authentication Failure: Testingman (IP: 155.4.221.99).
2026-03-04 17:45:39 [SS] Authentication Success: Katral(account 3) (IP: 155.4.221.99).
2026-03-04 17:45:39 [..] Logged in: Katral(account 3) 155.4.221.99 (1 session(s) total)
2026-03-04 17:45:53 [..] at_post_puppet called for Testing_Man
2026-03-04 17:45:54 [..] Attempting to migrate character sheet data for Testing_Man
2026-03-04 17:45:54 [..] Successfully migrated character sheet data for Testing_Man
2026-03-04 17:45:54 [..] About to call display_login_notifications for Testing_Man
2026-03-04 17:45:54 [..] About to display login notifications for Testing_Man
2026-03-04 17:45:54 [..] Finished display_login_notifications for Testing_Man
2026-03-04 17:45:54 [SS] Puppet Success: (Caller: Katral(account 3), Target: Testing_Man, IP: 155.4.221.99).
2026-03-04 18:10:51 [..] Starting calculate_humanity_loss in CharacterSheet
2026-03-04 18:10:51 [..] Total cyberware humanity loss: 0
2026-03-04 18:10:51 [..] New calculated humanity: 10
2026-03-04 18:10:51 [..] About to recalculate derived stats
2026-03-04 18:10:51 [..] Derived stats recalculated
2026-03-04 18:10:51 [..] CharacterSheet saved
2026-03-04 18:20:15 [..] at_post_puppet called for Mnemosyne
2026-03-04 18:20:15 [..] About to call display_login_notifications for Mnemosyne
2026-03-04 18:20:15 [..] About to display login notifications for Mnemosyne
2026-03-04 18:20:15 [..] Finished display_login_notifications for Mnemosyne
2026-03-04 18:20:15 [SS] Puppet Success: (Caller: Mnemosyne(account 2), Target: Mnemosyne, IP: 24.43.130.218).
2026-03-04 18:22:14 [..] CmdChargen.func() called with args: edgerunner solo
2026-03-04 18:22:22 [..] CmdChargen.func() called with args: edgerunner solo Testo Sterone
2026-03-04 18:22:22 [..] Parsed args - method: edgerunner, role: Solo, full_name: Testo Sterone
2026-03-04 18:22:22 [..] Chargen command called with method: edgerunner, role: Solo, full_name: Testo Sterone
2026-03-04 18:22:22 [..] Waiting for user confirmation.
2026-03-04 18:22:28 [..] CmdChargen.func() called with args: yes
2026-03-04 18:22:28 [..] User confirmed. Proceeding with character creation.
2026-03-04 18:22:28 [..] Creating character with method: edgerunner, role: Solo, full_name: Testo Sterone
2026-03-04 18:22:28 [..] Removing existing character sheet 2 for account before creating new one
2026-03-04 18:22:28 [..] Updated character name to Testo Sterone
2026-03-04 18:22:28 [..] Created character sheet with ID 11
2026-03-04 18:22:28 [..] Starting calculate_humanity_loss in CharacterSheet
2026-03-04 18:22:28 [..] Total cyberware humanity loss: 21
2026-03-04 18:22:28 [..] New calculated humanity: 39
2026-03-04 18:22:28 [..] About to recalculate derived stats
2026-03-04 18:22:28 [..] Derived stats recalculated
2026-03-04 18:22:28 [..] CharacterSheet saved
2026-03-04 18:22:28 [..] Adding language: Streetslang, level: 4
2026-03-04 18:22:28 [..] Added language Streetslang at level 4
2026-03-04 18:22:36 [..] Starting calculate_humanity_loss in CharacterSheet
2026-03-04 18:22:36 [..] Total cyberware humanity loss: 21
2026-03-04 18:22:36 [..] New calculated humanity: 39
2026-03-04 18:22:36 [..] About to recalculate derived stats
2026-03-04 18:22:36 [..] Derived stats recalculated
2026-03-04 18:22:36 [..] CharacterSheet saved
2026-03-04 18:33:52 [WW] ip_from_request: No valid IP address found in request. Using remote_addr.
2026-03-04 18:33:56 [WW] ip_from_request: No valid IP address found in request. Using remote_addr.
2026-03-04 18:33:56 [WW] ip_from_request: No valid IP address found in request. Using remote_addr.
2026-03-04 18:33:57 [WW] ip_from_request: No valid IP address found in request. Using remote_addr.
2026-03-04 18:33:57 [WW] ip_from_request: No valid IP address found in request. Using remote_addr.
2026-03-04 18:34:00 [WW] ip_from_request: No valid IP address found in request. Using remote_addr.
2026-03-04 18:34:00 [WW] ip_from_request: No valid IP address found in request. Using remote_addr.
2026-03-04 19:04:23 [WW] ip_from_request: No valid IP address found in request. Using remote_addr.
2026-03-04 20:45:57 [..] Logged out: Mnemosyne(account 2) 24.43.130.218 (1 sessions(s) remaining)
2026-03-04 20:48:56 [..] Logged out: Katral(account 3) 155.4.221.99 (0 sessions(s) remaining)
2026-03-04 22:47:31 [SS] Permissions Added: developer, Mnemosyne (Caller: Mnemosyne, IP: 23.240.246.195).
2026-03-04 23:15:27 [SS] Password successfully changed for Valin(account None).
2026-03-04 23:15:27 [SS] Account Created: Valin(account 5) (IP: 172.92.106.145).
2026-03-04 23:15:35 [SS] Authentication Success: Valin(account 5) (IP: 172.92.106.145).
2026-03-04 23:15:35 [..] Logged in: Valin(account 5) 172.92.106.145 (1 session(s) total)
2026-03-04 23:17:51 [DP] obj.cmdset.add() kwarg 'permanent' has changed name to 'persistent'.
2026-03-04 23:17:51 [SS] Character Created: Nick (Caller: Valin(account 5), IP: 172.92.106.145).
2026-03-04 23:17:55 [..] at_post_puppet called for Nick
2026-03-04 23:17:55 [..] Attempting to migrate character sheet data for Nick
2026-03-04 23:17:55 [..] About to call display_login_notifications for Nick
2026-03-04 23:17:55 [..] About to display login notifications for Nick
2026-03-04 23:17:55 [..] Finished display_login_notifications for Nick
2026-03-04 23:17:55 [SS] Puppet Success: (Caller: Valin(account 5), Target: Nick, IP: 172.92.106.145).
2026-03-04 23:18:21 [!!] Traceback (most recent call last):
2026-03-04 23:18:21 [!!]   File "/opt/nightcity/venv/lib/python3.12/site-packages/evennia/commands/cmdhandler.py", line 629, in _run_command
2026-03-04 23:18:21 [!!]     ret = cmd.func()
2026-03-04 23:18:21 [!!]           ^^^^^^^^^^
2026-03-04 23:18:21 [!!]   File "/opt/nightcity/game/commands/CmdWho.py", line 82, in func
2026-03-04 23:18:21 [!!]     is_staff = account.check_permstring("builders", "admin", "staff", "developer")  # Check if viewer is staff
2026-03-04 23:18:21 [!!]                ^^^^^^^^^^^^^^^^^^^^^^^^^^^^^^^^^^^^^^^^^^^^^^^^^^^^^^^^^^^^^^^^^^^
2026-03-04 23:18:21 [!!] TypeError: TypedObject.check_permstring() takes 2 positional arguments but 5 were given
2026-03-04 23:18:21 [EE] User input was: 'who
2026-03-04 23:18:21 [EE] '.
2026-03-04 23:18:26 [!!] Traceback (most recent call last):
2026-03-04 23:18:26 [!!]   File "/opt/nightcity/venv/lib/python3.12/site-packages/evennia/commands/cmdhandler.py", line 629, in _run_command
2026-03-04 23:18:26 [!!]     ret = cmd.func()
2026-03-04 23:18:26 [!!]           ^^^^^^^^^^
2026-03-04 23:18:26 [!!]   File "/opt/nightcity/game/commands/CmdWho.py", line 82, in func
2026-03-04 23:18:26 [!!]     is_staff = account.check_permstring("builders", "admin", "staff", "developer")  # Check if viewer is staff
2026-03-04 23:18:26 [!!]                ^^^^^^^^^^^^^^^^^^^^^^^^^^^^^^^^^^^^^^^^^^^^^^^^^^^^^^^^^^^^^^^^^^^
2026-03-04 23:18:26 [!!] TypeError: TypedObject.check_permstring() takes 2 positional arguments but 5 were given
2026-03-04 23:18:26 [EE] User input was: 'WHO
2026-03-04 23:18:26 [EE] '.
2026-03-04 23:19:54 [!!] Traceback (most recent call last):
2026-03-04 23:19:54 [!!]   File "/opt/nightcity/venv/lib/python3.12/site-packages/evennia/commands/cmdhandler.py", line 629, in _run_command
2026-03-04 23:19:54 [!!]     ret = cmd.func()
2026-03-04 23:19:54 [!!]           ^^^^^^^^^^
2026-03-04 23:19:54 [!!]   File "/opt/nightcity/game/commands/CmdWho.py", line 82, in func
2026-03-04 23:19:54 [!!]     is_staff = account.check_permstring("builders", "admin", "staff", "developer")  # Check if viewer is staff
2026-03-04 23:19:54 [!!]                ^^^^^^^^^^^^^^^^^^^^^^^^^^^^^^^^^^^^^^^^^^^^^^^^^^^^^^^^^^^^^^^^^^^
2026-03-04 23:19:54 [!!] TypeError: TypedObject.check_permstring() takes 2 positional arguments but 5 were given
2026-03-04 23:19:54 [EE] User input was: 'who
2026-03-04 23:19:54 [EE] '.
2026-03-04 23:23:26 [!!] Traceback (most recent call last):
2026-03-04 23:23:26 [!!]   File "/opt/nightcity/venv/lib/python3.12/site-packages/evennia/commands/cmdhandler.py", line 629, in _run_command
2026-03-04 23:23:26 [!!]     ret = cmd.func()
2026-03-04 23:23:26 [!!]           ^^^^^^^^^^
2026-03-04 23:23:26 [!!]   File "/opt/nightcity/game/commands/where.py", line 101, in func
2026-03-04 23:23:26 [!!]     is_staff = caller.check_permstring("builders", "admin", "staff", "developer")
2026-03-04 23:23:26 [!!]                ^^^^^^^^^^^^^^^^^^^^^^^^^^^^^^^^^^^^^^^^^^^^^^^^^^^^^^^^^^^^^^^^^^
2026-03-04 23:23:26 [!!] TypeError: TypedObject.check_permstring() takes 2 positional arguments but 5 were given
2026-03-04 23:23:26 [EE] User input was: '+where
2026-03-04 23:23:26 [EE] '.
2026-03-04 23:24:55 [..] CmdChargen.func() called with args: 
2026-03-04 23:39:47 [..] CmdChargen.func() called with args: complete package Tech Nick Nack
2026-03-04 23:39:47 [..] Parsed args - method: complete, role: Package, full_name: Tech Nick Nack
2026-03-04 23:39:54 [..] CmdChargen.func() called with args: complete_package Tech Nick Nack
2026-03-04 23:39:54 [..] Parsed args - method: complete_package, role: Tech, full_name: Nick Nack
2026-03-04 23:39:54 [..] Chargen command called with method: complete_package, role: Tech, full_name: Nick Nack
2026-03-04 23:39:54 [..] Waiting for user confirmation.
2026-03-04 23:40:03 [..] CmdChargen.func() called with args: yes
2026-03-04 23:40:03 [..] User confirmed. Proceeding with character creation.
2026-03-04 23:40:03 [..] Creating character with method: complete_package, role: Tech, full_name: Nick Nack
2026-03-04 23:40:03 [..] Updated character name to Nick Nack
2026-03-04 23:40:03 [..] Created character sheet with ID 13
2026-03-04 23:40:03 [..] Adding language: Streetslang, level: 4
2026-03-04 23:40:03 [..] Added language Streetslang at level 4
2026-03-04 23:40:03 [..] Adding language: Streetslang, level: 4
2026-03-04 23:40:03 [..] Added language Streetslang at level 4
2026-03-04 23:40:11 [..] Starting calculate_humanity_loss in CharacterSheet
2026-03-04 23:40:11 [..] Total cyberware humanity loss: 0
2026-03-04 23:40:11 [..] New calculated humanity: 10
2026-03-04 23:40:11 [..] About to recalculate derived stats
2026-03-04 23:40:11 [..] Derived stats recalculated
2026-03-04 23:40:11 [..] CharacterSheet saved
2026-03-04 23:43:55 [..] CmdChargen.func() called with args: 
2026-03-04 23:44:11 [..] CmdChargen.func() called with args: edgerunner Tech Nick Nack
2026-03-04 23:44:11 [..] Parsed args - method: edgerunner, role: Tech, full_name: Nick Nack
2026-03-04 23:44:11 [..] Chargen command called with method: edgerunner, role: Tech, full_name: Nick Nack
2026-03-04 23:44:11 [..] Waiting for user confirmation.
2026-03-04 23:44:16 [..] CmdChargen.func() called with args: yes
2026-03-04 23:44:16 [..] User confirmed. Proceeding with character creation.
2026-03-04 23:44:16 [..] Creating character with method: edgerunner, role: Tech, full_name: Nick Nack
2026-03-04 23:44:16 [..] Removing existing character sheet None for account before creating new one
2026-03-04 23:44:16 [EE] Error in create_character: CharacterSheet object can't be deleted because its id attribute is set to None.
2026-03-04 23:44:16 [EE] Traceback: Traceback (most recent call last):
2026-03-04 23:44:16 [EE]   File "/opt/nightcity/game/commands/chargen.py", line 194, in create_character
2026-03-04 23:44:16 [EE]     existing_sheet.delete()
2026-03-04 23:44:16 [EE]   File "/opt/nightcity/venv/lib/python3.12/site-packages/evennia/utils/idmapper/models.py", line 422, in delete
2026-03-04 23:44:16 [EE]     super().delete(*args, **kwargs)
2026-03-04 23:44:16 [EE]   File "/opt/nightcity/venv/lib/python3.12/site-packages/django/db/models/base.py", line 1293, in delete
2026-03-04 23:44:16 [EE]     raise ValueError(
2026-03-04 23:44:16 [EE] ValueError: CharacterSheet object can't be deleted because its id attribute is set to None.
2026-03-04 23:48:49 [..] Starting calculate_humanity_loss in CharacterSheet
2026-03-04 23:48:49 [..] Total cyberware humanity loss: 0
2026-03-04 23:48:49 [..] New calculated humanity: 10
2026-03-04 23:48:49 [..] About to recalculate derived stats
2026-03-04 23:48:49 [..] Derived stats recalculated
2026-03-04 23:48:49 [..] CharacterSheet saved
2026-03-04 23:48:58 [..] Logged out: Valin(account 5) 172.92.106.145 (0 sessions(s) remaining)
2026-03-04 23:49:09 [SS] Authentication Success: Valin(account 5) (IP: 172.92.106.145).
2026-03-04 23:49:09 [..] Logged in: Valin(account 5) 172.92.106.145 (1 session(s) total)
2026-03-04 23:49:22 [..] at_post_puppet called for Nick Nack
2026-03-04 23:49:22 [..] Attempting to migrate character sheet data for Nick Nack
2026-03-04 23:49:22 [..] Successfully migrated character sheet data for Nick Nack
2026-03-04 23:49:22 [..] About to call display_login_notifications for Nick Nack
2026-03-04 23:49:22 [..] About to display login notifications for Nick Nack
2026-03-04 23:49:22 [..] Finished display_login_notifications for Nick Nack
2026-03-04 23:49:22 [SS] Puppet Success: (Caller: Valin(account 5), Target: Nick Nack, IP: 172.92.106.145).
2026-03-04 23:50:17 [..] CmdChargen.func() called with args: 
2026-03-04 23:50:23 [..] Starting calculate_humanity_loss in CharacterSheet
2026-03-04 23:50:23 [..] Total cyberware humanity loss: 0
2026-03-04 23:50:23 [..] New calculated humanity: 10
2026-03-04 23:50:23 [..] About to recalculate derived stats
2026-03-04 23:50:23 [..] Derived stats recalculated
2026-03-04 23:50:23 [..] CharacterSheet saved
2026-03-04 23:50:37 [..] CmdChargen.func() called with args: edgerunner Tech Nick Nack
2026-03-04 23:50:37 [..] Parsed args - method: edgerunner, role: Tech, full_name: Nick Nack
2026-03-04 23:50:37 [..] Chargen command called with method: edgerunner, role: Tech, full_name: Nick Nack
2026-03-04 23:50:37 [..] Waiting for user confirmation.
2026-03-04 23:50:41 [..] CmdChargen.func() called with args: yes
2026-03-04 23:50:41 [..] User confirmed. Proceeding with character creation.
2026-03-04 23:50:41 [..] Creating character with method: edgerunner, role: Tech, full_name: Nick Nack
2026-03-04 23:50:41 [..] Removing existing character sheet None for account before creating new one
2026-03-04 23:50:41 [EE] Error in create_character: CharacterSheet object can't be deleted because its id attribute is set to None.
2026-03-04 23:50:41 [EE] Traceback: Traceback (most recent call last):
2026-03-04 23:50:41 [EE]   File "/opt/nightcity/game/commands/chargen.py", line 194, in create_character
2026-03-04 23:50:41 [EE]     existing_sheet.delete()
2026-03-04 23:50:41 [EE]   File "/opt/nightcity/venv/lib/python3.12/site-packages/evennia/utils/idmapper/models.py", line 422, in delete
2026-03-04 23:50:41 [EE]     super().delete(*args, **kwargs)
2026-03-04 23:50:41 [EE]   File "/opt/nightcity/venv/lib/python3.12/site-packages/django/db/models/base.py", line 1293, in delete
2026-03-04 23:50:41 [EE]     raise ValueError(
2026-03-04 23:50:41 [EE] ValueError: CharacterSheet object can't be deleted because its id attribute is set to None.
2026-03-04 23:51:19 [..] CmdChargen.func() called with args: edgerunner Tech Nick Nack
2026-03-04 23:51:19 [..] Parsed args - method: edgerunner, role: Tech, full_name: Nick Nack
2026-03-04 23:51:19 [..] Chargen command called with method: edgerunner, role: Tech, full_name: Nick Nack
2026-03-04 23:51:19 [..] Waiting for user confirmation.
2026-03-04 23:51:22 [..] CmdChargen.func() called with args: yes
2026-03-04 23:51:22 [..] User confirmed. Proceeding with character creation.
2026-03-04 23:51:22 [..] Creating character with method: edgerunner, role: Tech, full_name: Nick Nack
2026-03-04 23:51:22 [..] Removing existing character sheet None for account before creating new one
2026-03-04 23:51:22 [EE] Error in create_character: CharacterSheet object can't be deleted because its id attribute is set to None.
2026-03-04 23:51:22 [EE] Traceback: Traceback (most recent call last):
2026-03-04 23:51:22 [EE]   File "/opt/nightcity/game/commands/chargen.py", line 194, in create_character
2026-03-04 23:51:22 [EE]     existing_sheet.delete()
2026-03-04 23:51:22 [EE]   File "/opt/nightcity/venv/lib/python3.12/site-packages/evennia/utils/idmapper/models.py", line 422, in delete
2026-03-04 23:51:22 [EE]     super().delete(*args, **kwargs)
2026-03-04 23:51:22 [EE]   File "/opt/nightcity/venv/lib/python3.12/site-packages/django/db/models/base.py", line 1293, in delete
2026-03-04 23:51:22 [EE]     raise ValueError(
2026-03-04 23:51:22 [EE] ValueError: CharacterSheet object can't be deleted because its id attribute is set to None.
2026-03-04 23:54:49 [SS] Authentication Success: Soma(account 4) (IP: 172.56.213.12).
2026-03-04 23:54:49 [..] Logged in: Soma(account 4) 172.56.213.12 (1 session(s) total)
2026-03-04 23:54:55 [..] at_post_puppet called for Soma
2026-03-04 23:54:55 [..] About to call display_login_notifications for Soma
2026-03-04 23:54:55 [..] About to display login notifications for Soma
2026-03-04 23:54:55 [..] Finished display_login_notifications for Soma
2026-03-04 23:54:55 [SS] Puppet Success: (Caller: Soma(account 4), Target: Soma, IP: 172.56.213.12).
2026-03-04 23:55:11 [..] Server disconnected from the portal.
2026-03-04 23:55:11 [..] Main loop terminated.
2026-03-04 23:55:11 [..] Server Shut Down.
2026-03-04 23:55:17 [..] Loaded.
2026-03-04 23:55:13 [..] Loading /opt/nightcity/venv/lib/python3.12/site-packages/evennia/server/server.py...
2026-03-04 23:55:17 [..] Loaded.
2026-03-04 23:55:17 [..] twistd 24.11.0 (/opt/nightcity/venv/bin/python3 3.12.3) starting up.
2026-03-04 23:55:17 [..] reactor class: twisted.internet.epollreactor.EPollReactor.
2026-03-04 23:55:17 [..] Webserver starting on 4002
2026-03-04 23:55:17 [..] Server successfully reloaded.
2026-03-04 23:55:18 [!!] Traceback (most recent call last):
2026-03-04 23:55:18 [!!]   File "/opt/nightcity/venv/lib/python3.12/site-packages/evennia/commands/cmdsethandler.py", line 186, in import_cmdset
2026-03-04 23:55:18 [!!]     raise exc.with_traceback(tb)
2026-03-04 23:55:18 [!!]   File "/opt/nightcity/venv/lib/python3.12/site-packages/evennia/commands/cmdsethandler.py", line 181, in import_cmdset
2026-03-04 23:55:18 [!!]     module = import_module(modpath, package="evennia")
2026-03-04 23:55:18 [!!]              ^^^^^^^^^^^^^^^^^^^^^^^^^^^^^^^^^^^^^^^^^
2026-03-04 23:55:18 [!!]   File "/usr/lib/python3.12/importlib/__init__.py", line 90, in import_module
2026-03-04 23:55:18 [!!]     return _bootstrap._gcd_import(name[level:], package, level)
2026-03-04 23:55:18 [!!]            ^^^^^^^^^^^^^^^^^^^^^^^^^^^^^^^^^^^^^^^^^^^^^^^^^^^^
2026-03-04 23:55:18 [!!]   File "<frozen importlib._bootstrap>", line 1387, in _gcd_import
2026-03-04 23:55:18 [!!]   File "<frozen importlib._bootstrap>", line 1360, in _find_and_load
2026-03-04 23:55:18 [!!]   File "<frozen importlib._bootstrap>", line 1331, in _find_and_load_unlocked
2026-03-04 23:55:18 [!!]   File "<frozen importlib._bootstrap>", line 935, in _load_unlocked
2026-03-04 23:55:18 [!!]   File "<frozen importlib._bootstrap_external>", line 995, in exec_module
2026-03-04 23:55:18 [!!]   File "<frozen importlib._bootstrap>", line 488, in _call_with_frames_removed
2026-03-04 23:55:18 [!!]   File "/opt/nightcity/game/commands/default_cmdsets.py", line 52, in <module>
2026-03-04 23:55:18 [!!]     from commonmux.CmdFinger import CmdFinger
2026-03-04 23:55:18 [!!] ModuleNotFoundError: No module named 'commonmux'
2026-03-04 23:55:18 [EE] Traceback (most recent call last):
2026-03-04 23:55:18 [EE]   File "/opt/nightcity/venv/lib/python3.12/site-packages/evennia/commands/cmdsethandler.py", line 186, in import_cmdset
2026-03-04 23:55:18 [EE]     raise exc.with_traceback(tb)
2026-03-04 23:55:18 [EE]   File "/opt/nightcity/venv/lib/python3.12/site-packages/evennia/commands/cmdsethandler.py", line 181, in import_cmdset
2026-03-04 23:55:18 [EE]     module = import_module(modpath, package="evennia")
2026-03-04 23:55:18 [EE]              ^^^^^^^^^^^^^^^^^^^^^^^^^^^^^^^^^^^^^^^^^
2026-03-04 23:55:18 [EE]   File "/usr/lib/python3.12/importlib/__init__.py", line 90, in import_module
2026-03-04 23:55:18 [EE]     return _bootstrap._gcd_import(name[level:], package, level)
2026-03-04 23:55:18 [EE]            ^^^^^^^^^^^^^^^^^^^^^^^^^^^^^^^^^^^^^^^^^^^^^^^^^^^^
2026-03-04 23:55:18 [EE]   File "<frozen importlib._bootstrap>", line 1387, in _gcd_import
2026-03-04 23:55:18 [EE]   File "<frozen importlib._bootstrap>", line 1360, in _find_and_load
2026-03-04 23:55:18 [EE]   File "<frozen importlib._bootstrap>", line 1331, in _find_and_load_unlocked
2026-03-04 23:55:18 [EE]   File "<frozen importlib._bootstrap>", line 935, in _load_unlocked
2026-03-04 23:55:18 [EE]   File "<frozen importlib._bootstrap_external>", line 995, in exec_module
2026-03-04 23:55:18 [EE]   File "<frozen importlib._bootstrap>", line 488, in _call_with_frames_removed
2026-03-04 23:55:18 [EE]   File "/opt/nightcity/game/commands/default_cmdsets.py", line 52, in <module>
2026-03-04 23:55:18 [EE]     from commonmux.CmdFinger import CmdFinger
2026-03-04 23:55:18 [EE] ModuleNotFoundError: No module named 'commonmux'
None2026-03-04 23:55:18 [EE] Error loading cmdset 'commands.default_cmdsets.SessionCmdSet'
2026-03-04 23:55:18 [EE] (Traceback was logged 26-03-04 23:55:18)
None2026-03-04 23:55:18 [EE] Error encountered for cmdset at path 'commands.default_cmdsets.SessionCmdSet'.
2026-03-04 23:55:18 [EE] Replacing with fallback 'evennia.commands.default.cmdset_session.SessionCmdSet'.
2026-03-04 23:55:18 [!!] Traceback (most recent call last):
2026-03-04 23:55:18 [!!]   File "/opt/nightcity/venv/lib/python3.12/site-packages/evennia/commands/cmdsethandler.py", line 186, in import_cmdset
2026-03-04 23:55:18 [!!]     raise exc.with_traceback(tb)
2026-03-04 23:55:18 [!!]   File "/opt/nightcity/venv/lib/python3.12/site-packages/evennia/commands/cmdsethandler.py", line 181, in import_cmdset
2026-03-04 23:55:18 [!!]     module = import_module(modpath, package="evennia")
2026-03-04 23:55:18 [!!]              ^^^^^^^^^^^^^^^^^^^^^^^^^^^^^^^^^^^^^^^^^
2026-03-04 23:55:18 [!!]   File "/usr/lib/python3.12/importlib/__init__.py", line 90, in import_module
2026-03-04 23:55:18 [!!]     return _bootstrap._gcd_import(name[level:], package, level)
2026-03-04 23:55:18 [!!]            ^^^^^^^^^^^^^^^^^^^^^^^^^^^^^^^^^^^^^^^^^^^^^^^^^^^^
2026-03-04 23:55:18 [!!]   File "<frozen importlib._bootstrap>", line 1387, in _gcd_import
2026-03-04 23:55:18 [!!]   File "<frozen importlib._bootstrap>", line 1360, in _find_and_load
2026-03-04 23:55:18 [!!]   File "<frozen importlib._bootstrap>", line 1331, in _find_and_load_unlocked
2026-03-04 23:55:18 [!!]   File "<frozen importlib._bootstrap>", line 935, in _load_unlocked
2026-03-04 23:55:18 [!!]   File "<frozen importlib._bootstrap_external>", line 995, in exec_module
2026-03-04 23:55:18 [!!]   File "<frozen importlib._bootstrap>", line 488, in _call_with_frames_removed
2026-03-04 23:55:18 [!!]   File "/opt/nightcity/game/commands/default_cmdsets.py", line 52, in <module>
2026-03-04 23:55:18 [!!]     from commonmux.CmdFinger import CmdFinger
2026-03-04 23:55:18 [!!] ModuleNotFoundError: No module named 'commonmux'
2026-03-04 23:55:18 [EE] Traceback (most recent call last):
2026-03-04 23:55:18 [EE]   File "/opt/nightcity/venv/lib/python3.12/site-packages/evennia/commands/cmdsethandler.py", line 186, in import_cmdset
2026-03-04 23:55:18 [EE]     raise exc.with_traceback(tb)
2026-03-04 23:55:18 [EE]   File "/opt/nightcity/venv/lib/python3.12/site-packages/evennia/commands/cmdsethandler.py", line 181, in import_cmdset
2026-03-04 23:55:18 [EE]     module = import_module(modpath, package="evennia")
2026-03-04 23:55:18 [EE]              ^^^^^^^^^^^^^^^^^^^^^^^^^^^^^^^^^^^^^^^^^
2026-03-04 23:55:18 [EE]   File "/usr/lib/python3.12/importlib/__init__.py", line 90, in import_module
2026-03-04 23:55:18 [EE]     return _bootstrap._gcd_import(name[level:], package, level)
2026-03-04 23:55:18 [EE]            ^^^^^^^^^^^^^^^^^^^^^^^^^^^^^^^^^^^^^^^^^^^^^^^^^^^^
2026-03-04 23:55:18 [EE]   File "<frozen importlib._bootstrap>", line 1387, in _gcd_import
2026-03-04 23:55:18 [EE]   File "<frozen importlib._bootstrap>", line 1360, in _find_and_load
2026-03-04 23:55:18 [EE]   File "<frozen importlib._bootstrap>", line 1331, in _find_and_load_unlocked
2026-03-04 23:55:18 [EE]   File "<frozen importlib._bootstrap>", line 935, in _load_unlocked
2026-03-04 23:55:18 [EE]   File "<frozen importlib._bootstrap_external>", line 995, in exec_module
2026-03-04 23:55:18 [EE]   File "<frozen importlib._bootstrap>", line 488, in _call_with_frames_removed
2026-03-04 23:55:18 [EE]   File "/opt/nightcity/game/commands/default_cmdsets.py", line 52, in <module>
2026-03-04 23:55:18 [EE]     from commonmux.CmdFinger import CmdFinger
2026-03-04 23:55:18 [EE] ModuleNotFoundError: No module named 'commonmux'
None2026-03-04 23:55:18 [EE] Error loading cmdset 'commands.default_cmdsets.SessionCmdSet'
2026-03-04 23:55:18 [EE] (Traceback was logged 26-03-04 23:55:18)
None2026-03-04 23:55:18 [EE] Error encountered for cmdset at path 'commands.default_cmdsets.SessionCmdSet'.
2026-03-04 23:55:18 [EE] Replacing with fallback 'evennia.commands.default.cmdset_session.SessionCmdSet'.
2026-03-04 23:55:18 [!!] Traceback (most recent call last):
2026-03-04 23:55:18 [!!]   File "/opt/nightcity/venv/lib/python3.12/site-packages/evennia/commands/cmdsethandler.py", line 186, in import_cmdset
2026-03-04 23:55:18 [!!]     raise exc.with_traceback(tb)
2026-03-04 23:55:18 [!!]   File "/opt/nightcity/venv/lib/python3.12/site-packages/evennia/commands/cmdsethandler.py", line 181, in import_cmdset
2026-03-04 23:55:18 [!!]     module = import_module(modpath, package="evennia")
2026-03-04 23:55:18 [!!]              ^^^^^^^^^^^^^^^^^^^^^^^^^^^^^^^^^^^^^^^^^
2026-03-04 23:55:18 [!!]   File "/usr/lib/python3.12/importlib/__init__.py", line 90, in import_module
2026-03-04 23:55:18 [!!]     return _bootstrap._gcd_import(name[level:], package, level)
2026-03-04 23:55:18 [!!]            ^^^^^^^^^^^^^^^^^^^^^^^^^^^^^^^^^^^^^^^^^^^^^^^^^^^^
2026-03-04 23:55:18 [!!]   File "<frozen importlib._bootstrap>", line 1387, in _gcd_import
2026-03-04 23:55:18 [!!]   File "<frozen importlib._bootstrap>", line 1360, in _find_and_load
2026-03-04 23:55:18 [!!]   File "<frozen importlib._bootstrap>", line 1331, in _find_and_load_unlocked
2026-03-04 23:55:18 [!!]   File "<frozen importlib._bootstrap>", line 935, in _load_unlocked
2026-03-04 23:55:18 [!!]   File "<frozen importlib._bootstrap_external>", line 995, in exec_module
2026-03-04 23:55:18 [!!]   File "<frozen importlib._bootstrap>", line 488, in _call_with_frames_removed
2026-03-04 23:55:18 [!!]   File "/opt/nightcity/game/commands/default_cmdsets.py", line 52, in <module>
2026-03-04 23:55:18 [!!]     from commonmux.CmdFinger import CmdFinger
2026-03-04 23:55:18 [!!] ModuleNotFoundError: No module named 'commonmux'
2026-03-04 23:55:18 [EE] Traceback (most recent call last):
2026-03-04 23:55:18 [EE]   File "/opt/nightcity/venv/lib/python3.12/site-packages/evennia/commands/cmdsethandler.py", line 186, in import_cmdset
2026-03-04 23:55:18 [EE]     raise exc.with_traceback(tb)
2026-03-04 23:55:18 [EE]   File "/opt/nightcity/venv/lib/python3.12/site-packages/evennia/commands/cmdsethandler.py", line 181, in import_cmdset
2026-03-04 23:55:18 [EE]     module = import_module(modpath, package="evennia")
2026-03-04 23:55:18 [EE]              ^^^^^^^^^^^^^^^^^^^^^^^^^^^^^^^^^^^^^^^^^
2026-03-04 23:55:18 [EE]   File "/usr/lib/python3.12/importlib/__init__.py", line 90, in import_module
2026-03-04 23:55:18 [EE]     return _bootstrap._gcd_import(name[level:], package, level)
2026-03-04 23:55:18 [EE]            ^^^^^^^^^^^^^^^^^^^^^^^^^^^^^^^^^^^^^^^^^^^^^^^^^^^^
2026-03-04 23:55:18 [EE]   File "<frozen importlib._bootstrap>", line 1387, in _gcd_import
2026-03-04 23:55:18 [EE]   File "<frozen importlib._bootstrap>", line 1360, in _find_and_load
2026-03-04 23:55:18 [EE]   File "<frozen importlib._bootstrap>", line 1331, in _find_and_load_unlocked
2026-03-04 23:55:18 [EE]   File "<frozen importlib._bootstrap>", line 935, in _load_unlocked
2026-03-04 23:55:18 [EE]   File "<frozen importlib._bootstrap_external>", line 995, in exec_module
2026-03-04 23:55:18 [EE]   File "<frozen importlib._bootstrap>", line 488, in _call_with_frames_removed
2026-03-04 23:55:18 [EE]   File "/opt/nightcity/game/commands/default_cmdsets.py", line 52, in <module>
2026-03-04 23:55:18 [EE]     from commonmux.CmdFinger import CmdFinger
2026-03-04 23:55:18 [EE] ModuleNotFoundError: No module named 'commonmux'
None2026-03-04 23:55:18 [EE] Error loading cmdset 'commands.default_cmdsets.SessionCmdSet'
2026-03-04 23:55:18 [EE] (Traceback was logged 26-03-04 23:55:18)
None2026-03-04 23:55:18 [EE] Error encountered for cmdset at path 'commands.default_cmdsets.SessionCmdSet'.
2026-03-04 23:55:18 [EE] Replacing with fallback 'evennia.commands.default.cmdset_session.SessionCmdSet'.
2026-03-04 23:55:24 [!!] Traceback (most recent call last):
2026-03-04 23:55:24 [!!]   File "/opt/nightcity/venv/lib/python3.12/site-packages/evennia/commands/cmdsethandler.py", line 186, in import_cmdset
2026-03-04 23:55:24 [!!]     raise exc.with_traceback(tb)
2026-03-04 23:55:24 [!!]   File "/opt/nightcity/venv/lib/python3.12/site-packages/evennia/commands/cmdsethandler.py", line 181, in import_cmdset
2026-03-04 23:55:24 [!!]     module = import_module(modpath, package="evennia")
2026-03-04 23:55:24 [!!]              ^^^^^^^^^^^^^^^^^^^^^^^^^^^^^^^^^^^^^^^^^
2026-03-04 23:55:24 [!!]   File "/usr/lib/python3.12/importlib/__init__.py", line 90, in import_module
2026-03-04 23:55:24 [!!]     return _bootstrap._gcd_import(name[level:], package, level)
2026-03-04 23:55:24 [!!]            ^^^^^^^^^^^^^^^^^^^^^^^^^^^^^^^^^^^^^^^^^^^^^^^^^^^^
2026-03-04 23:55:24 [!!]   File "<frozen importlib._bootstrap>", line 1387, in _gcd_import
2026-03-04 23:55:24 [!!]   File "<frozen importlib._bootstrap>", line 1360, in _find_and_load
2026-03-04 23:55:24 [!!]   File "<frozen importlib._bootstrap>", line 1331, in _find_and_load_unlocked
2026-03-04 23:55:24 [!!]   File "<frozen importlib._bootstrap>", line 935, in _load_unlocked
2026-03-04 23:55:24 [!!]   File "<frozen importlib._bootstrap_external>", line 995, in exec_module
2026-03-04 23:55:24 [!!]   File "<frozen importlib._bootstrap>", line 488, in _call_with_frames_removed
2026-03-04 23:55:24 [!!]   File "/opt/nightcity/game/commands/default_cmdsets.py", line 52, in <module>
2026-03-04 23:55:24 [!!]     from commonmux.CmdFinger import CmdFinger
2026-03-04 23:55:24 [!!] ModuleNotFoundError: No module named 'commonmux'
2026-03-04 23:55:24 [EE] Traceback (most recent call last):
2026-03-04 23:55:24 [EE]   File "/opt/nightcity/venv/lib/python3.12/site-packages/evennia/commands/cmdsethandler.py", line 186, in import_cmdset
2026-03-04 23:55:24 [EE]     raise exc.with_traceback(tb)
2026-03-04 23:55:24 [EE]   File "/opt/nightcity/venv/lib/python3.12/site-packages/evennia/commands/cmdsethandler.py", line 181, in import_cmdset
2026-03-04 23:55:24 [EE]     module = import_module(modpath, package="evennia")
2026-03-04 23:55:24 [EE]              ^^^^^^^^^^^^^^^^^^^^^^^^^^^^^^^^^^^^^^^^^
2026-03-04 23:55:24 [EE]   File "/usr/lib/python3.12/importlib/__init__.py", line 90, in import_module
2026-03-04 23:55:24 [EE]     return _bootstrap._gcd_import(name[level:], package, level)
2026-03-04 23:55:24 [EE]            ^^^^^^^^^^^^^^^^^^^^^^^^^^^^^^^^^^^^^^^^^^^^^^^^^^^^
2026-03-04 23:55:24 [EE]   File "<frozen importlib._bootstrap>", line 1387, in _gcd_import
2026-03-04 23:55:24 [EE]   File "<frozen importlib._bootstrap>", line 1360, in _find_and_load
2026-03-04 23:55:24 [EE]   File "<frozen importlib._bootstrap>", line 1331, in _find_and_load_unlocked
2026-03-04 23:55:24 [EE]   File "<frozen importlib._bootstrap>", line 935, in _load_unlocked
2026-03-04 23:55:24 [EE]   File "<frozen importlib._bootstrap_external>", line 995, in exec_module
2026-03-04 23:55:24 [EE]   File "<frozen importlib._bootstrap>", line 488, in _call_with_frames_removed
2026-03-04 23:55:24 [EE]   File "/opt/nightcity/game/commands/default_cmdsets.py", line 52, in <module>
2026-03-04 23:55:24 [EE]     from commonmux.CmdFinger import CmdFinger
2026-03-04 23:55:24 [EE] ModuleNotFoundError: No module named 'commonmux'
None2026-03-04 23:55:24 [EE] Error loading cmdset 'commands.default_cmdsets.AccountCmdSet'
2026-03-04 23:55:24 [EE] (Traceback was logged 26-03-04 23:55:24)
None2026-03-04 23:55:24 [EE] Error encountered for cmdset at path 'commands.default_cmdsets.AccountCmdSet'.
2026-03-04 23:55:24 [EE] Replacing with fallback 'evennia.commands.default.cmdset_account.AccountCmdSet'.
2026-03-04 23:55:24 [!!] Traceback (most recent call last):
2026-03-04 23:55:24 [!!]   File "/opt/nightcity/venv/lib/python3.12/site-packages/evennia/commands/cmdsethandler.py", line 186, in import_cmdset
2026-03-04 23:55:24 [!!]     raise exc.with_traceback(tb)
2026-03-04 23:55:24 [!!]   File "/opt/nightcity/venv/lib/python3.12/site-packages/evennia/commands/cmdsethandler.py", line 181, in import_cmdset
2026-03-04 23:55:24 [!!]     module = import_module(modpath, package="evennia")
2026-03-04 23:55:24 [!!]              ^^^^^^^^^^^^^^^^^^^^^^^^^^^^^^^^^^^^^^^^^
2026-03-04 23:55:24 [!!]   File "/usr/lib/python3.12/importlib/__init__.py", line 90, in import_module
2026-03-04 23:55:24 [!!]     return _bootstrap._gcd_import(name[level:], package, level)
2026-03-04 23:55:24 [!!]            ^^^^^^^^^^^^^^^^^^^^^^^^^^^^^^^^^^^^^^^^^^^^^^^^^^^^
2026-03-04 23:55:24 [!!]   File "<frozen importlib._bootstrap>", line 1387, in _gcd_import
2026-03-04 23:55:24 [!!]   File "<frozen importlib._bootstrap>", line 1360, in _find_and_load
2026-03-04 23:55:24 [!!]   File "<frozen importlib._bootstrap>", line 1331, in _find_and_load_unlocked
2026-03-04 23:55:24 [!!]   File "<frozen importlib._bootstrap>", line 935, in _load_unlocked
2026-03-04 23:55:24 [!!]   File "<frozen importlib._bootstrap_external>", line 995, in exec_module
2026-03-04 23:55:24 [!!]   File "<frozen importlib._bootstrap>", line 488, in _call_with_frames_removed
2026-03-04 23:55:24 [!!]   File "/opt/nightcity/game/commands/default_cmdsets.py", line 52, in <module>
2026-03-04 23:55:24 [!!]     from commonmux.CmdFinger import CmdFinger
2026-03-04 23:55:24 [!!] ModuleNotFoundError: No module named 'commonmux'
2026-03-04 23:55:24 [EE] Traceback (most recent call last):
2026-03-04 23:55:24 [EE]   File "/opt/nightcity/venv/lib/python3.12/site-packages/evennia/commands/cmdsethandler.py", line 186, in import_cmdset
2026-03-04 23:55:24 [EE]     raise exc.with_traceback(tb)
2026-03-04 23:55:24 [EE]   File "/opt/nightcity/venv/lib/python3.12/site-packages/evennia/commands/cmdsethandler.py", line 181, in import_cmdset
2026-03-04 23:55:24 [EE]     module = import_module(modpath, package="evennia")
2026-03-04 23:55:24 [EE]              ^^^^^^^^^^^^^^^^^^^^^^^^^^^^^^^^^^^^^^^^^
2026-03-04 23:55:24 [EE]   File "/usr/lib/python3.12/importlib/__init__.py", line 90, in import_module
2026-03-04 23:55:24 [EE]     return _bootstrap._gcd_import(name[level:], package, level)
2026-03-04 23:55:24 [EE]            ^^^^^^^^^^^^^^^^^^^^^^^^^^^^^^^^^^^^^^^^^^^^^^^^^^^^
2026-03-04 23:55:24 [EE]   File "<frozen importlib._bootstrap>", line 1387, in _gcd_import
2026-03-04 23:55:24 [EE]   File "<frozen importlib._bootstrap>", line 1360, in _find_and_load
2026-03-04 23:55:24 [EE]   File "<frozen importlib._bootstrap>", line 1331, in _find_and_load_unlocked
2026-03-04 23:55:24 [EE]   File "<frozen importlib._bootstrap>", line 935, in _load_unlocked
2026-03-04 23:55:24 [EE]   File "<frozen importlib._bootstrap_external>", line 995, in exec_module
2026-03-04 23:55:24 [EE]   File "<frozen importlib._bootstrap>", line 488, in _call_with_frames_removed
2026-03-04 23:55:24 [EE]   File "/opt/nightcity/game/commands/default_cmdsets.py", line 52, in <module>
2026-03-04 23:55:24 [EE]     from commonmux.CmdFinger import CmdFinger
2026-03-04 23:55:24 [EE] ModuleNotFoundError: No module named 'commonmux'
None2026-03-04 23:55:24 [EE] Error loading cmdset 'commands.default_cmdsets.CharacterCmdSet'
2026-03-04 23:55:24 [EE] (Traceback was logged 26-03-04 23:55:24)
None2026-03-04 23:55:24 [EE] Error encountered for cmdset at path 'commands.default_cmdsets.CharacterCmdSet'.
2026-03-04 23:55:24 [EE] Replacing with fallback 'evennia.commands.default.cmdset_character.CharacterCmdSet'.
2026-03-04 23:55:24 [!!] Traceback (most recent call last):
2026-03-04 23:55:24 [!!]   File "/opt/nightcity/venv/lib/python3.12/site-packages/evennia/commands/cmdsethandler.py", line 186, in import_cmdset
2026-03-04 23:55:24 [!!]     raise exc.with_traceback(tb)
2026-03-04 23:55:24 [!!]   File "/opt/nightcity/venv/lib/python3.12/site-packages/evennia/commands/cmdsethandler.py", line 181, in import_cmdset
2026-03-04 23:55:24 [!!]     module = import_module(modpath, package="evennia")
2026-03-04 23:55:24 [!!]              ^^^^^^^^^^^^^^^^^^^^^^^^^^^^^^^^^^^^^^^^^
2026-03-04 23:55:24 [!!]   File "/usr/lib/python3.12/importlib/__init__.py", line 90, in import_module
2026-03-04 23:55:24 [!!]     return _bootstrap._gcd_import(name[level:], package, level)
2026-03-04 23:55:24 [!!]            ^^^^^^^^^^^^^^^^^^^^^^^^^^^^^^^^^^^^^^^^^^^^^^^^^^^^
2026-03-04 23:55:24 [!!]   File "<frozen importlib._bootstrap>", line 1387, in _gcd_import
2026-03-04 23:55:24 [!!]   File "<frozen importlib._bootstrap>", line 1360, in _find_and_load
2026-03-04 23:55:24 [!!]   File "<frozen importlib._bootstrap>", line 1331, in _find_and_load_unlocked
2026-03-04 23:55:24 [!!]   File "<frozen importlib._bootstrap>", line 935, in _load_unlocked
2026-03-04 23:55:24 [!!]   File "<frozen importlib._bootstrap_external>", line 995, in exec_module
2026-03-04 23:55:24 [!!]   File "<frozen importlib._bootstrap>", line 488, in _call_with_frames_removed
2026-03-04 23:55:24 [!!]   File "/opt/nightcity/game/commands/default_cmdsets.py", line 52, in <module>
2026-03-04 23:55:24 [!!]     from commonmux.CmdFinger import CmdFinger
2026-03-04 23:55:24 [!!] ModuleNotFoundError: No module named 'commonmux'
2026-03-04 23:55:24 [EE] Traceback (most recent call last):
2026-03-04 23:55:24 [EE]   File "/opt/nightcity/venv/lib/python3.12/site-packages/evennia/commands/cmdsethandler.py", line 186, in import_cmdset
2026-03-04 23:55:24 [EE]     raise exc.with_traceback(tb)
2026-03-04 23:55:24 [EE]   File "/opt/nightcity/venv/lib/python3.12/site-packages/evennia/commands/cmdsethandler.py", line 181, in import_cmdset
2026-03-04 23:55:24 [EE]     module = import_module(modpath, package="evennia")
2026-03-04 23:55:24 [EE]              ^^^^^^^^^^^^^^^^^^^^^^^^^^^^^^^^^^^^^^^^^
2026-03-04 23:55:24 [EE]   File "/usr/lib/python3.12/importlib/__init__.py", line 90, in import_module
2026-03-04 23:55:24 [EE]     return _bootstrap._gcd_import(name[level:], package, level)
2026-03-04 23:55:24 [EE]            ^^^^^^^^^^^^^^^^^^^^^^^^^^^^^^^^^^^^^^^^^^^^^^^^^^^^
2026-03-04 23:55:24 [EE]   File "<frozen importlib._bootstrap>", line 1387, in _gcd_import
2026-03-04 23:55:24 [EE]   File "<frozen importlib._bootstrap>", line 1360, in _find_and_load
2026-03-04 23:55:24 [EE]   File "<frozen importlib._bootstrap>", line 1331, in _find_and_load_unlocked
2026-03-04 23:55:24 [EE]   File "<frozen importlib._bootstrap>", line 935, in _load_unlocked
2026-03-04 23:55:24 [EE]   File "<frozen importlib._bootstrap_external>", line 995, in exec_module
2026-03-04 23:55:24 [EE]   File "<frozen importlib._bootstrap>", line 488, in _call_with_frames_removed
2026-03-04 23:55:24 [EE]   File "/opt/nightcity/game/commands/default_cmdsets.py", line 52, in <module>
2026-03-04 23:55:24 [EE]     from commonmux.CmdFinger import CmdFinger
2026-03-04 23:55:24 [EE] ModuleNotFoundError: No module named 'commonmux'
None2026-03-04 23:55:24 [EE] Error loading cmdset 'commands.default_cmdsets.CharacterCmdSet'
2026-03-04 23:55:24 [EE] (Traceback was logged 26-03-04 23:55:24)
None2026-03-04 23:55:24 [EE] Error encountered for cmdset at path 'commands.default_cmdsets.CharacterCmdSet'.
2026-03-04 23:55:24 [EE] Replacing with fallback 'evennia.commands.default.cmdset_character.CharacterCmdSet'.
2026-03-04 23:56:16 [..] Server disconnected from the portal.
2026-03-04 23:56:16 [..] Main loop terminated.
2026-03-04 23:56:16 [..] Server Shut Down.
2026-03-04 23:56:20 [..] Loaded.
2026-03-04 23:56:16 [..] Loading /opt/nightcity/venv/lib/python3.12/site-packages/evennia/server/server.py...
2026-03-04 23:56:20 [..] Loaded.
2026-03-04 23:56:20 [..] twistd 24.11.0 (/opt/nightcity/venv/bin/python3 3.12.3) starting up.
2026-03-04 23:56:20 [..] reactor class: twisted.internet.epollreactor.EPollReactor.
2026-03-04 23:56:20 [..] Webserver starting on 4002
2026-03-04 23:56:20 [..] Server successfully reloaded.
2026-03-04 23:56:21 [!!] Traceback (most recent call last):
2026-03-04 23:56:21 [!!]   File "/opt/nightcity/venv/lib/python3.12/site-packages/evennia/commands/cmdsethandler.py", line 186, in import_cmdset
2026-03-04 23:56:21 [!!]     raise exc.with_traceback(tb)
2026-03-04 23:56:21 [!!]   File "/opt/nightcity/venv/lib/python3.12/site-packages/evennia/commands/cmdsethandler.py", line 181, in import_cmdset
2026-03-04 23:56:21 [!!]     module = import_module(modpath, package="evennia")
2026-03-04 23:56:21 [!!]              ^^^^^^^^^^^^^^^^^^^^^^^^^^^^^^^^^^^^^^^^^
2026-03-04 23:56:21 [!!]   File "/usr/lib/python3.12/importlib/__init__.py", line 90, in import_module
2026-03-04 23:56:21 [!!]     return _bootstrap._gcd_import(name[level:], package, level)
2026-03-04 23:56:21 [!!]            ^^^^^^^^^^^^^^^^^^^^^^^^^^^^^^^^^^^^^^^^^^^^^^^^^^^^
2026-03-04 23:56:21 [!!]   File "<frozen importlib._bootstrap>", line 1387, in _gcd_import
2026-03-04 23:56:21 [!!]   File "<frozen importlib._bootstrap>", line 1360, in _find_and_load
2026-03-04 23:56:21 [!!]   File "<frozen importlib._bootstrap>", line 1331, in _find_and_load_unlocked
2026-03-04 23:56:21 [!!]   File "<frozen importlib._bootstrap>", line 935, in _load_unlocked
2026-03-04 23:56:21 [!!]   File "<frozen importlib._bootstrap_external>", line 995, in exec_module
2026-03-04 23:56:21 [!!]   File "<frozen importlib._bootstrap>", line 488, in _call_with_frames_removed
2026-03-04 23:56:21 [!!]   File "/opt/nightcity/game/commands/default_cmdsets.py", line 52, in <module>
2026-03-04 23:56:21 [!!]     from .commonmux.CmdFinger import CmdFinger
2026-03-04 23:56:21 [!!]   File "/opt/nightcity/game/commands/commonmux/CmdFinger.py", line 5, in <module>
2026-03-04 23:56:21 [!!]     from utils.search_helpers import search_character
2026-03-04 23:56:21 [!!] ModuleNotFoundError: No module named 'utils'
2026-03-04 23:56:21 [EE] Traceback (most recent call last):
2026-03-04 23:56:21 [EE]   File "/opt/nightcity/venv/lib/python3.12/site-packages/evennia/commands/cmdsethandler.py", line 186, in import_cmdset
2026-03-04 23:56:21 [EE]     raise exc.with_traceback(tb)
2026-03-04 23:56:21 [EE]   File "/opt/nightcity/venv/lib/python3.12/site-packages/evennia/commands/cmdsethandler.py", line 181, in import_cmdset
2026-03-04 23:56:21 [EE]     module = import_module(modpath, package="evennia")
2026-03-04 23:56:21 [EE]              ^^^^^^^^^^^^^^^^^^^^^^^^^^^^^^^^^^^^^^^^^
2026-03-04 23:56:21 [EE]   File "/usr/lib/python3.12/importlib/__init__.py", line 90, in import_module
2026-03-04 23:56:21 [EE]     return _bootstrap._gcd_import(name[level:], package, level)
2026-03-04 23:56:21 [EE]            ^^^^^^^^^^^^^^^^^^^^^^^^^^^^^^^^^^^^^^^^^^^^^^^^^^^^
2026-03-04 23:56:21 [EE]   File "<frozen importlib._bootstrap>", line 1387, in _gcd_import
2026-03-04 23:56:21 [EE]   File "<frozen importlib._bootstrap>", line 1360, in _find_and_load
2026-03-04 23:56:21 [EE]   File "<frozen importlib._bootstrap>", line 1331, in _find_and_load_unlocked
2026-03-04 23:56:21 [EE]   File "<frozen importlib._bootstrap>", line 935, in _load_unlocked
2026-03-04 23:56:21 [EE]   File "<frozen importlib._bootstrap_external>", line 995, in exec_module
2026-03-04 23:56:21 [EE]   File "<frozen importlib._bootstrap>", line 488, in _call_with_frames_removed
2026-03-04 23:56:21 [EE]   File "/opt/nightcity/game/commands/default_cmdsets.py", line 52, in <module>
2026-03-04 23:56:21 [EE]     from .commonmux.CmdFinger import CmdFinger
2026-03-04 23:56:21 [EE]   File "/opt/nightcity/game/commands/commonmux/CmdFinger.py", line 5, in <module>
2026-03-04 23:56:21 [EE]     from utils.search_helpers import search_character
2026-03-04 23:56:21 [EE] ModuleNotFoundError: No module named 'utils'
None2026-03-04 23:56:21 [EE] Error loading cmdset 'commands.default_cmdsets.SessionCmdSet'
2026-03-04 23:56:21 [EE] (Traceback was logged 26-03-04 23:56:21)
None2026-03-04 23:56:21 [EE] Error encountered for cmdset at path 'commands.default_cmdsets.SessionCmdSet'.
2026-03-04 23:56:21 [EE] Replacing with fallback 'evennia.commands.default.cmdset_session.SessionCmdSet'.
2026-03-04 23:56:21 [!!] Traceback (most recent call last):
2026-03-04 23:56:21 [!!]   File "/opt/nightcity/venv/lib/python3.12/site-packages/evennia/commands/cmdsethandler.py", line 186, in import_cmdset
2026-03-04 23:56:21 [!!]     raise exc.with_traceback(tb)
2026-03-04 23:56:21 [!!]   File "/opt/nightcity/venv/lib/python3.12/site-packages/evennia/commands/cmdsethandler.py", line 181, in import_cmdset
2026-03-04 23:56:21 [!!]     module = import_module(modpath, package="evennia")
2026-03-04 23:56:21 [!!]              ^^^^^^^^^^^^^^^^^^^^^^^^^^^^^^^^^^^^^^^^^
2026-03-04 23:56:21 [!!]   File "/usr/lib/python3.12/importlib/__init__.py", line 90, in import_module
2026-03-04 23:56:21 [!!]     return _bootstrap._gcd_import(name[level:], package, level)
2026-03-04 23:56:21 [!!]            ^^^^^^^^^^^^^^^^^^^^^^^^^^^^^^^^^^^^^^^^^^^^^^^^^^^^
2026-03-04 23:56:21 [!!]   File "<frozen importlib._bootstrap>", line 1387, in _gcd_import
2026-03-04 23:56:21 [!!]   File "<frozen importlib._bootstrap>", line 1360, in _find_and_load
2026-03-04 23:56:21 [!!]   File "<frozen importlib._bootstrap>", line 1331, in _find_and_load_unlocked
2026-03-04 23:56:21 [!!]   File "<frozen importlib._bootstrap>", line 935, in _load_unlocked
2026-03-04 23:56:21 [!!]   File "<frozen importlib._bootstrap_external>", line 995, in exec_module
2026-03-04 23:56:21 [!!]   File "<frozen importlib._bootstrap>", line 488, in _call_with_frames_removed
2026-03-04 23:56:21 [!!]   File "/opt/nightcity/game/commands/default_cmdsets.py", line 52, in <module>
2026-03-04 23:56:21 [!!]     from .commonmux.CmdFinger import CmdFinger
2026-03-04 23:56:21 [!!]   File "/opt/nightcity/game/commands/commonmux/CmdFinger.py", line 5, in <module>
2026-03-04 23:56:21 [!!]     from utils.search_helpers import search_character
2026-03-04 23:56:21 [!!] ModuleNotFoundError: No module named 'utils'
2026-03-04 23:56:21 [EE] Traceback (most recent call last):
2026-03-04 23:56:21 [EE]   File "/opt/nightcity/venv/lib/python3.12/site-packages/evennia/commands/cmdsethandler.py", line 186, in import_cmdset
2026-03-04 23:56:21 [EE]     raise exc.with_traceback(tb)
2026-03-04 23:56:21 [EE]   File "/opt/nightcity/venv/lib/python3.12/site-packages/evennia/commands/cmdsethandler.py", line 181, in import_cmdset
2026-03-04 23:56:21 [EE]     module = import_module(modpath, package="evennia")
2026-03-04 23:56:21 [EE]              ^^^^^^^^^^^^^^^^^^^^^^^^^^^^^^^^^^^^^^^^^
2026-03-04 23:56:21 [EE]   File "/usr/lib/python3.12/importlib/__init__.py", line 90, in import_module
2026-03-04 23:56:21 [EE]     return _bootstrap._gcd_import(name[level:], package, level)
2026-03-04 23:56:21 [EE]            ^^^^^^^^^^^^^^^^^^^^^^^^^^^^^^^^^^^^^^^^^^^^^^^^^^^^
2026-03-04 23:56:21 [EE]   File "<frozen importlib._bootstrap>", line 1387, in _gcd_import
2026-03-04 23:56:21 [EE]   File "<frozen importlib._bootstrap>", line 1360, in _find_and_load
2026-03-04 23:56:21 [EE]   File "<frozen importlib._bootstrap>", line 1331, in _find_and_load_unlocked
2026-03-04 23:56:21 [EE]   File "<frozen importlib._bootstrap>", line 935, in _load_unlocked
2026-03-04 23:56:21 [EE]   File "<frozen importlib._bootstrap_external>", line 995, in exec_module
2026-03-04 23:56:21 [EE]   File "<frozen importlib._bootstrap>", line 488, in _call_with_frames_removed
2026-03-04 23:56:21 [EE]   File "/opt/nightcity/game/commands/default_cmdsets.py", line 52, in <module>
2026-03-04 23:56:21 [EE]     from .commonmux.CmdFinger import CmdFinger
2026-03-04 23:56:21 [EE]   File "/opt/nightcity/game/commands/commonmux/CmdFinger.py", line 5, in <module>
2026-03-04 23:56:21 [EE]     from utils.search_helpers import search_character
2026-03-04 23:56:21 [EE] ModuleNotFoundError: No module named 'utils'
None2026-03-04 23:56:21 [EE] Error loading cmdset 'commands.default_cmdsets.SessionCmdSet'
2026-03-04 23:56:21 [EE] (Traceback was logged 26-03-04 23:56:21)
None2026-03-04 23:56:21 [EE] Error encountered for cmdset at path 'commands.default_cmdsets.SessionCmdSet'.
2026-03-04 23:56:21 [EE] Replacing with fallback 'evennia.commands.default.cmdset_session.SessionCmdSet'.
2026-03-04 23:56:21 [!!] Traceback (most recent call last):
2026-03-04 23:56:21 [!!]   File "/opt/nightcity/venv/lib/python3.12/site-packages/evennia/commands/cmdsethandler.py", line 186, in import_cmdset
2026-03-04 23:56:21 [!!]     raise exc.with_traceback(tb)
2026-03-04 23:56:21 [!!]   File "/opt/nightcity/venv/lib/python3.12/site-packages/evennia/commands/cmdsethandler.py", line 181, in import_cmdset
2026-03-04 23:56:21 [!!]     module = import_module(modpath, package="evennia")
2026-03-04 23:56:21 [!!]              ^^^^^^^^^^^^^^^^^^^^^^^^^^^^^^^^^^^^^^^^^
2026-03-04 23:56:21 [!!]   File "/usr/lib/python3.12/importlib/__init__.py", line 90, in import_module
2026-03-04 23:56:21 [!!]     return _bootstrap._gcd_import(name[level:], package, level)
2026-03-04 23:56:21 [!!]            ^^^^^^^^^^^^^^^^^^^^^^^^^^^^^^^^^^^^^^^^^^^^^^^^^^^^
2026-03-04 23:56:21 [!!]   File "<frozen importlib._bootstrap>", line 1387, in _gcd_import
2026-03-04 23:56:21 [!!]   File "<frozen importlib._bootstrap>", line 1360, in _find_and_load
2026-03-04 23:56:21 [!!]   File "<frozen importlib._bootstrap>", line 1331, in _find_and_load_unlocked
2026-03-04 23:56:21 [!!]   File "<frozen importlib._bootstrap>", line 935, in _load_unlocked
2026-03-04 23:56:21 [!!]   File "<frozen importlib._bootstrap_external>", line 995, in exec_module
2026-03-04 23:56:21 [!!]   File "<frozen importlib._bootstrap>", line 488, in _call_with_frames_removed
2026-03-04 23:56:21 [!!]   File "/opt/nightcity/game/commands/default_cmdsets.py", line 52, in <module>
2026-03-04 23:56:21 [!!]     from .commonmux.CmdFinger import CmdFinger
2026-03-04 23:56:21 [!!]   File "/opt/nightcity/game/commands/commonmux/CmdFinger.py", line 5, in <module>
2026-03-04 23:56:21 [!!]     from utils.search_helpers import search_character
2026-03-04 23:56:21 [!!] ModuleNotFoundError: No module named 'utils'
2026-03-04 23:56:21 [EE] Traceback (most recent call last):
2026-03-04 23:56:21 [EE]   File "/opt/nightcity/venv/lib/python3.12/site-packages/evennia/commands/cmdsethandler.py", line 186, in import_cmdset
2026-03-04 23:56:21 [EE]     raise exc.with_traceback(tb)
2026-03-04 23:56:21 [EE]   File "/opt/nightcity/venv/lib/python3.12/site-packages/evennia/commands/cmdsethandler.py", line 181, in import_cmdset
2026-03-04 23:56:21 [EE]     module = import_module(modpath, package="evennia")
2026-03-04 23:56:21 [EE]              ^^^^^^^^^^^^^^^^^^^^^^^^^^^^^^^^^^^^^^^^^
2026-03-04 23:56:21 [EE]   File "/usr/lib/python3.12/importlib/__init__.py", line 90, in import_module
2026-03-04 23:56:21 [EE]     return _bootstrap._gcd_import(name[level:], package, level)
2026-03-04 23:56:21 [EE]            ^^^^^^^^^^^^^^^^^^^^^^^^^^^^^^^^^^^^^^^^^^^^^^^^^^^^
2026-03-04 23:56:21 [EE]   File "<frozen importlib._bootstrap>", line 1387, in _gcd_import
2026-03-04 23:56:21 [EE]   File "<frozen importlib._bootstrap>", line 1360, in _find_and_load
2026-03-04 23:56:21 [EE]   File "<frozen importlib._bootstrap>", line 1331, in _find_and_load_unlocked
2026-03-04 23:56:21 [EE]   File "<frozen importlib._bootstrap>", line 935, in _load_unlocked
2026-03-04 23:56:21 [EE]   File "<frozen importlib._bootstrap_external>", line 995, in exec_module
2026-03-04 23:56:21 [EE]   File "<frozen importlib._bootstrap>", line 488, in _call_with_frames_removed
2026-03-04 23:56:21 [EE]   File "/opt/nightcity/game/commands/default_cmdsets.py", line 52, in <module>
2026-03-04 23:56:21 [EE]     from .commonmux.CmdFinger import CmdFinger
2026-03-04 23:56:21 [EE]   File "/opt/nightcity/game/commands/commonmux/CmdFinger.py", line 5, in <module>
2026-03-04 23:56:21 [EE]     from utils.search_helpers import search_character
2026-03-04 23:56:21 [EE] ModuleNotFoundError: No module named 'utils'
None2026-03-04 23:56:21 [EE] Error loading cmdset 'commands.default_cmdsets.SessionCmdSet'
2026-03-04 23:56:21 [EE] (Traceback was logged 26-03-04 23:56:21)
None2026-03-04 23:56:21 [EE] Error encountered for cmdset at path 'commands.default_cmdsets.SessionCmdSet'.
2026-03-04 23:56:21 [EE] Replacing with fallback 'evennia.commands.default.cmdset_session.SessionCmdSet'.
2026-03-04 23:56:50 [!!] Traceback (most recent call last):
2026-03-04 23:56:50 [!!]   File "/opt/nightcity/venv/lib/python3.12/site-packages/evennia/commands/cmdsethandler.py", line 186, in import_cmdset
2026-03-04 23:56:50 [!!]     raise exc.with_traceback(tb)
2026-03-04 23:56:50 [!!]   File "/opt/nightcity/venv/lib/python3.12/site-packages/evennia/commands/cmdsethandler.py", line 181, in import_cmdset
2026-03-04 23:56:50 [!!]     module = import_module(modpath, package="evennia")
2026-03-04 23:56:50 [!!]              ^^^^^^^^^^^^^^^^^^^^^^^^^^^^^^^^^^^^^^^^^
2026-03-04 23:56:50 [!!]   File "/usr/lib/python3.12/importlib/__init__.py", line 90, in import_module
2026-03-04 23:56:50 [!!]     return _bootstrap._gcd_import(name[level:], package, level)
2026-03-04 23:56:50 [!!]            ^^^^^^^^^^^^^^^^^^^^^^^^^^^^^^^^^^^^^^^^^^^^^^^^^^^^
2026-03-04 23:56:50 [!!]   File "<frozen importlib._bootstrap>", line 1387, in _gcd_import
2026-03-04 23:56:50 [!!]   File "<frozen importlib._bootstrap>", line 1360, in _find_and_load
2026-03-04 23:56:50 [!!]   File "<frozen importlib._bootstrap>", line 1331, in _find_and_load_unlocked
2026-03-04 23:56:50 [!!]   File "<frozen importlib._bootstrap>", line 935, in _load_unlocked
2026-03-04 23:56:50 [!!]   File "<frozen importlib._bootstrap_external>", line 995, in exec_module
2026-03-04 23:56:50 [!!]   File "<frozen importlib._bootstrap>", line 488, in _call_with_frames_removed
2026-03-04 23:56:50 [!!]   File "/opt/nightcity/game/commands/default_cmdsets.py", line 52, in <module>
2026-03-04 23:56:50 [!!]     from .commonmux.CmdFinger import CmdFinger
2026-03-04 23:56:50 [!!]   File "/opt/nightcity/game/commands/commonmux/CmdFinger.py", line 5, in <module>
2026-03-04 23:56:50 [!!]     from utils.search_helpers import search_character
2026-03-04 23:56:50 [!!] ModuleNotFoundError: No module named 'utils'
2026-03-04 23:56:50 [EE] Traceback (most recent call last):
2026-03-04 23:56:50 [EE]   File "/opt/nightcity/venv/lib/python3.12/site-packages/evennia/commands/cmdsethandler.py", line 186, in import_cmdset
2026-03-04 23:56:50 [EE]     raise exc.with_traceback(tb)
2026-03-04 23:56:50 [EE]   File "/opt/nightcity/venv/lib/python3.12/site-packages/evennia/commands/cmdsethandler.py", line 181, in import_cmdset
2026-03-04 23:56:50 [EE]     module = import_module(modpath, package="evennia")
2026-03-04 23:56:50 [EE]              ^^^^^^^^^^^^^^^^^^^^^^^^^^^^^^^^^^^^^^^^^
2026-03-04 23:56:50 [EE]   File "/usr/lib/python3.12/importlib/__init__.py", line 90, in import_module
2026-03-04 23:56:50 [EE]     return _bootstrap._gcd_import(name[level:], package, level)
2026-03-04 23:56:50 [EE]            ^^^^^^^^^^^^^^^^^^^^^^^^^^^^^^^^^^^^^^^^^^^^^^^^^^^^
2026-03-04 23:56:50 [EE]   File "<frozen importlib._bootstrap>", line 1387, in _gcd_import
2026-03-04 23:56:50 [EE]   File "<frozen importlib._bootstrap>", line 1360, in _find_and_load
2026-03-04 23:56:50 [EE]   File "<frozen importlib._bootstrap>", line 1331, in _find_and_load_unlocked
2026-03-04 23:56:50 [EE]   File "<frozen importlib._bootstrap>", line 935, in _load_unlocked
2026-03-04 23:56:50 [EE]   File "<frozen importlib._bootstrap_external>", line 995, in exec_module
2026-03-04 23:56:50 [EE]   File "<frozen importlib._bootstrap>", line 488, in _call_with_frames_removed
2026-03-04 23:56:50 [EE]   File "/opt/nightcity/game/commands/default_cmdsets.py", line 52, in <module>
2026-03-04 23:56:50 [EE]     from .commonmux.CmdFinger import CmdFinger
2026-03-04 23:56:50 [EE]   File "/opt/nightcity/game/commands/commonmux/CmdFinger.py", line 5, in <module>
2026-03-04 23:56:50 [EE]     from utils.search_helpers import search_character
2026-03-04 23:56:50 [EE] ModuleNotFoundError: No module named 'utils'
None2026-03-04 23:56:50 [EE] Error loading cmdset 'commands.default_cmdsets.AccountCmdSet'
2026-03-04 23:56:50 [EE] (Traceback was logged 26-03-04 23:56:50)
None2026-03-04 23:56:50 [EE] Error encountered for cmdset at path 'commands.default_cmdsets.AccountCmdSet'.
2026-03-04 23:56:50 [EE] Replacing with fallback 'evennia.commands.default.cmdset_account.AccountCmdSet'.
2026-03-04 23:56:50 [!!] Traceback (most recent call last):
2026-03-04 23:56:50 [!!]   File "/opt/nightcity/venv/lib/python3.12/site-packages/evennia/commands/cmdsethandler.py", line 186, in import_cmdset
2026-03-04 23:56:50 [!!]     raise exc.with_traceback(tb)
2026-03-04 23:56:50 [!!]   File "/opt/nightcity/venv/lib/python3.12/site-packages/evennia/commands/cmdsethandler.py", line 181, in import_cmdset
2026-03-04 23:56:50 [!!]     module = import_module(modpath, package="evennia")
2026-03-04 23:56:50 [!!]              ^^^^^^^^^^^^^^^^^^^^^^^^^^^^^^^^^^^^^^^^^
2026-03-04 23:56:50 [!!]   File "/usr/lib/python3.12/importlib/__init__.py", line 90, in import_module
2026-03-04 23:56:50 [!!]     return _bootstrap._gcd_import(name[level:], package, level)
2026-03-04 23:56:50 [!!]            ^^^^^^^^^^^^^^^^^^^^^^^^^^^^^^^^^^^^^^^^^^^^^^^^^^^^
2026-03-04 23:56:50 [!!]   File "<frozen importlib._bootstrap>", line 1387, in _gcd_import
2026-03-04 23:56:50 [!!]   File "<frozen importlib._bootstrap>", line 1360, in _find_and_load
2026-03-04 23:56:50 [!!]   File "<frozen importlib._bootstrap>", line 1331, in _find_and_load_unlocked
2026-03-04 23:56:50 [!!]   File "<frozen importlib._bootstrap>", line 935, in _load_unlocked
2026-03-04 23:56:50 [!!]   File "<frozen importlib._bootstrap_external>", line 995, in exec_module
2026-03-04 23:56:50 [!!]   File "<frozen importlib._bootstrap>", line 488, in _call_with_frames_removed
2026-03-04 23:56:50 [!!]   File "/opt/nightcity/game/commands/default_cmdsets.py", line 52, in <module>
2026-03-04 23:56:50 [!!]     from .commonmux.CmdFinger import CmdFinger
2026-03-04 23:56:50 [!!]   File "/opt/nightcity/game/commands/commonmux/CmdFinger.py", line 5, in <module>
2026-03-04 23:56:50 [!!]     from utils.search_helpers import search_character
2026-03-04 23:56:50 [!!] ModuleNotFoundError: No module named 'utils'
2026-03-04 23:56:50 [EE] Traceback (most recent call last):
2026-03-04 23:56:50 [EE]   File "/opt/nightcity/venv/lib/python3.12/site-packages/evennia/commands/cmdsethandler.py", line 186, in import_cmdset
2026-03-04 23:56:50 [EE]     raise exc.with_traceback(tb)
2026-03-04 23:56:50 [EE]   File "/opt/nightcity/venv/lib/python3.12/site-packages/evennia/commands/cmdsethandler.py", line 181, in import_cmdset
2026-03-04 23:56:50 [EE]     module = import_module(modpath, package="evennia")
2026-03-04 23:56:50 [EE]              ^^^^^^^^^^^^^^^^^^^^^^^^^^^^^^^^^^^^^^^^^
2026-03-04 23:56:50 [EE]   File "/usr/lib/python3.12/importlib/__init__.py", line 90, in import_module
2026-03-04 23:56:50 [EE]     return _bootstrap._gcd_import(name[level:], package, level)
2026-03-04 23:56:50 [EE]            ^^^^^^^^^^^^^^^^^^^^^^^^^^^^^^^^^^^^^^^^^^^^^^^^^^^^
2026-03-04 23:56:50 [EE]   File "<frozen importlib._bootstrap>", line 1387, in _gcd_import
2026-03-04 23:56:50 [EE]   File "<frozen importlib._bootstrap>", line 1360, in _find_and_load
2026-03-04 23:56:50 [EE]   File "<frozen importlib._bootstrap>", line 1331, in _find_and_load_unlocked
2026-03-04 23:56:50 [EE]   File "<frozen importlib._bootstrap>", line 935, in _load_unlocked
2026-03-04 23:56:50 [EE]   File "<frozen importlib._bootstrap_external>", line 995, in exec_module
2026-03-04 23:56:50 [EE]   File "<frozen importlib._bootstrap>", line 488, in _call_with_frames_removed
2026-03-04 23:56:50 [EE]   File "/opt/nightcity/game/commands/default_cmdsets.py", line 52, in <module>
2026-03-04 23:56:50 [EE]     from .commonmux.CmdFinger import CmdFinger
2026-03-04 23:56:50 [EE]   File "/opt/nightcity/game/commands/commonmux/CmdFinger.py", line 5, in <module>
2026-03-04 23:56:50 [EE]     from utils.search_helpers import search_character
2026-03-04 23:56:50 [EE] ModuleNotFoundError: No module named 'utils'
None2026-03-04 23:56:50 [EE] Error loading cmdset 'commands.default_cmdsets.CharacterCmdSet'
2026-03-04 23:56:50 [EE] (Traceback was logged 26-03-04 23:56:50)
None2026-03-04 23:56:50 [EE] Error encountered for cmdset at path 'commands.default_cmdsets.CharacterCmdSet'.
2026-03-04 23:56:50 [EE] Replacing with fallback 'evennia.commands.default.cmdset_character.CharacterCmdSet'.
2026-03-04 23:56:50 [!!] Traceback (most recent call last):
2026-03-04 23:56:50 [!!]   File "/opt/nightcity/venv/lib/python3.12/site-packages/evennia/commands/cmdsethandler.py", line 186, in import_cmdset
2026-03-04 23:56:50 [!!]     raise exc.with_traceback(tb)
2026-03-04 23:56:50 [!!]   File "/opt/nightcity/venv/lib/python3.12/site-packages/evennia/commands/cmdsethandler.py", line 181, in import_cmdset
2026-03-04 23:56:50 [!!]     module = import_module(modpath, package="evennia")
2026-03-04 23:56:50 [!!]              ^^^^^^^^^^^^^^^^^^^^^^^^^^^^^^^^^^^^^^^^^
2026-03-04 23:56:50 [!!]   File "/usr/lib/python3.12/importlib/__init__.py", line 90, in import_module
2026-03-04 23:56:50 [!!]     return _bootstrap._gcd_import(name[level:], package, level)
2026-03-04 23:56:50 [!!]            ^^^^^^^^^^^^^^^^^^^^^^^^^^^^^^^^^^^^^^^^^^^^^^^^^^^^
2026-03-04 23:56:50 [!!]   File "<frozen importlib._bootstrap>", line 1387, in _gcd_import
2026-03-04 23:56:50 [!!]   File "<frozen importlib._bootstrap>", line 1360, in _find_and_load
2026-03-04 23:56:50 [!!]   File "<frozen importlib._bootstrap>", line 1331, in _find_and_load_unlocked
2026-03-04 23:56:50 [!!]   File "<frozen importlib._bootstrap>", line 935, in _load_unlocked
2026-03-04 23:56:50 [!!]   File "<frozen importlib._bootstrap_external>", line 995, in exec_module
2026-03-04 23:56:50 [!!]   File "<frozen importlib._bootstrap>", line 488, in _call_with_frames_removed
2026-03-04 23:56:50 [!!]   File "/opt/nightcity/game/commands/default_cmdsets.py", line 52, in <module>
2026-03-04 23:56:50 [!!]     from .commonmux.CmdFinger import CmdFinger
2026-03-04 23:56:50 [!!]   File "/opt/nightcity/game/commands/commonmux/CmdFinger.py", line 5, in <module>
2026-03-04 23:56:50 [!!]     from utils.search_helpers import search_character
2026-03-04 23:56:50 [!!] ModuleNotFoundError: No module named 'utils'
2026-03-04 23:56:50 [EE] Traceback (most recent call last):
2026-03-04 23:56:50 [EE]   File "/opt/nightcity/venv/lib/python3.12/site-packages/evennia/commands/cmdsethandler.py", line 186, in import_cmdset
2026-03-04 23:56:50 [EE]     raise exc.with_traceback(tb)
2026-03-04 23:56:50 [EE]   File "/opt/nightcity/venv/lib/python3.12/site-packages/evennia/commands/cmdsethandler.py", line 181, in import_cmdset
2026-03-04 23:56:50 [EE]     module = import_module(modpath, package="evennia")
2026-03-04 23:56:50 [EE]              ^^^^^^^^^^^^^^^^^^^^^^^^^^^^^^^^^^^^^^^^^
2026-03-04 23:56:50 [EE]   File "/usr/lib/python3.12/importlib/__init__.py", line 90, in import_module
2026-03-04 23:56:50 [EE]     return _bootstrap._gcd_import(name[level:], package, level)
2026-03-04 23:56:50 [EE]            ^^^^^^^^^^^^^^^^^^^^^^^^^^^^^^^^^^^^^^^^^^^^^^^^^^^^
2026-03-04 23:56:50 [EE]   File "<frozen importlib._bootstrap>", line 1387, in _gcd_import
2026-03-04 23:56:50 [EE]   File "<frozen importlib._bootstrap>", line 1360, in _find_and_load
2026-03-04 23:56:50 [EE]   File "<frozen importlib._bootstrap>", line 1331, in _find_and_load_unlocked
2026-03-04 23:56:50 [EE]   File "<frozen importlib._bootstrap>", line 935, in _load_unlocked
2026-03-04 23:56:50 [EE]   File "<frozen importlib._bootstrap_external>", line 995, in exec_module
2026-03-04 23:56:50 [EE]   File "<frozen importlib._bootstrap>", line 488, in _call_with_frames_removed
2026-03-04 23:56:50 [EE]   File "/opt/nightcity/game/commands/default_cmdsets.py", line 52, in <module>
2026-03-04 23:56:50 [EE]     from .commonmux.CmdFinger import CmdFinger
2026-03-04 23:56:50 [EE]   File "/opt/nightcity/game/commands/commonmux/CmdFinger.py", line 5, in <module>
2026-03-04 23:56:50 [EE]     from utils.search_helpers import search_character
2026-03-04 23:56:50 [EE] ModuleNotFoundError: No module named 'utils'
None2026-03-04 23:56:50 [EE] Error loading cmdset 'commands.default_cmdsets.CharacterCmdSet'
2026-03-04 23:56:50 [EE] (Traceback was logged 26-03-04 23:56:50)
None2026-03-04 23:56:50 [EE] Error encountered for cmdset at path 'commands.default_cmdsets.CharacterCmdSet'.
2026-03-04 23:56:50 [EE] Replacing with fallback 'evennia.commands.default.cmdset_character.CharacterCmdSet'.
2026-03-04 23:58:09 [..] Server disconnected from the portal.
2026-03-04 23:58:09 [..] Main loop terminated.
2026-03-04 23:58:09 [..] Server Shut Down.
2026-03-04 23:58:13 [..] Loaded.
2026-03-04 23:58:10 [..] Loading /opt/nightcity/venv/lib/python3.12/site-packages/evennia/server/server.py...
2026-03-04 23:58:13 [..] Loaded.
2026-03-04 23:58:13 [..] twistd 24.11.0 (/opt/nightcity/venv/bin/python3 3.12.3) starting up.
2026-03-04 23:58:13 [..] reactor class: twisted.internet.epollreactor.EPollReactor.
2026-03-04 23:58:13 [..] Webserver starting on 4002
2026-03-04 23:58:13 [..] Server successfully reloaded.
2026-03-04 23:58:24 [!!] Traceback (most recent call last):
2026-03-04 23:58:24 [!!]   File "/opt/nightcity/venv/lib/python3.12/site-packages/evennia/commands/cmdhandler.py", line 629, in _run_command
2026-03-04 23:58:24 [!!]     ret = cmd.func()
2026-03-04 23:58:24 [!!]           ^^^^^^^^^^
2026-03-04 23:58:24 [!!]   File "/opt/nightcity/game/commands/commonmux/CmdPage.py", line 152, in func
2026-03-04 23:58:24 [!!]     target = search_character(self.caller, recipient, quiet=True)
2026-03-04 23:58:24 [!!]              ^^^^^^^^^^^^^^^^^^^^^^^^^^^^^^^^^^^^^^^^^^^^^^^^^^^^
2026-03-04 23:58:24 [!!]   File "/opt/nightcity/game/utils/search_helpers.py", line 90, in search_character
2026-03-04 23:58:24 [!!]     alias_matches = search_object(
2026-03-04 23:58:24 [!!]                     ^^^^^^^^^^^^^^
2026-03-04 23:58:24 [!!]   File "/opt/nightcity/venv/lib/python3.12/site-packages/evennia/utils/search.py", line 129, in search_object
2026-03-04 23:58:24 [!!]     return ObjectDB.objects.search_object(*args, **kwargs)
2026-03-04 23:58:24 [!!]            ^^^^^^^^^^^^^^^^^^^^^^^^^^^^^^^^^^^^^^^^^^^^^^^
2026-03-04 23:58:24 [!!] TypeError: ObjectDBManager.search_object() got an unexpected keyword argument 'attribute_value'
2026-03-04 23:58:24 [EE] User input was: 'p mnemnosyne=test
2026-03-04 23:58:24 [EE] '.
2026-03-04 23:59:28 [!!] Traceback (most recent call last):
2026-03-04 23:59:28 [!!]   File "/opt/nightcity/venv/lib/python3.12/site-packages/evennia/commands/cmdhandler.py", line 629, in _run_command
2026-03-04 23:59:28 [!!]     ret = cmd.func()
2026-03-04 23:59:28 [!!]           ^^^^^^^^^^
2026-03-04 23:59:28 [!!]   File "/opt/nightcity/game/commands/where.py", line 101, in func
2026-03-04 23:59:28 [!!]     is_staff = caller.check_permstring("builders", "admin", "staff", "developer")
2026-03-04 23:59:28 [!!]                ^^^^^^^^^^^^^^^^^^^^^^^^^^^^^^^^^^^^^^^^^^^^^^^^^^^^^^^^^^^^^^^^^^
2026-03-04 23:59:28 [!!] TypeError: TypedObject.check_permstring() takes 2 positional arguments but 5 were given
2026-03-04 23:59:28 [EE] User input was: '+where
2026-03-04 23:59:28 [EE] '.
2026-03-05 00:03:39 [..] Server disconnected from the portal.
2026-03-05 00:03:39 [..] Main loop terminated.
2026-03-05 00:03:39 [..] Server Shut Down.
2026-03-05 00:03:43 [..] Loaded.
2026-03-05 00:03:40 [..] Loading /opt/nightcity/venv/lib/python3.12/site-packages/evennia/server/server.py...
2026-03-05 00:03:43 [..] Loaded.
2026-03-05 00:03:43 [..] twistd 24.11.0 (/opt/nightcity/venv/bin/python3 3.12.3) starting up.
2026-03-05 00:03:43 [..] reactor class: twisted.internet.epollreactor.EPollReactor.
2026-03-05 00:03:43 [..] Webserver starting on 4002
2026-03-05 00:03:43 [..] Server successfully reloaded.
2026-03-05 00:03:47 [!!] Traceback (most recent call last):
2026-03-05 00:03:47 [!!]   File "/opt/nightcity/venv/lib/python3.12/site-packages/evennia/commands/cmdhandler.py", line 629, in _run_command
2026-03-05 00:03:47 [!!]     ret = cmd.func()
2026-03-05 00:03:47 [!!]           ^^^^^^^^^^
2026-03-05 00:03:47 [!!]   File "/opt/nightcity/game/commands/where.py", line 101, in func
2026-03-05 00:03:47 [!!]     is_staff = caller.check_permstring("builders", "admin", "staff", "developer")
2026-03-05 00:03:47 [!!]                ^^^^^^^^^^^^^^^^^^^^^^^^^^^^^^^^^^^^^^^^^^^^^^^^^^^^^^^^^^^^^^^^^^
2026-03-05 00:03:47 [!!] TypeError: TypedObject.check_permstring() takes 2 positional arguments but 5 were given
2026-03-05 00:03:47 [EE] User input was: '+where
2026-03-05 00:03:47 [EE] '.
2026-03-05 00:06:29 [..] Server disconnected from the portal.
2026-03-05 00:06:29 [..] Main loop terminated.
2026-03-05 00:06:29 [..] Server Shut Down.
2026-03-05 00:06:32 [..] Loaded.
2026-03-05 00:06:29 [..] Loading /opt/nightcity/venv/lib/python3.12/site-packages/evennia/server/server.py...
2026-03-05 00:06:32 [..] Loaded.
2026-03-05 00:06:32 [..] twistd 24.11.0 (/opt/nightcity/venv/bin/python3 3.12.3) starting up.
2026-03-05 00:06:32 [..] reactor class: twisted.internet.epollreactor.EPollReactor.
2026-03-05 00:06:32 [..] Webserver starting on 4002
2026-03-05 00:06:32 [..] Server successfully reloaded.
2026-03-05 00:06:34 [!!] Traceback (most recent call last):
2026-03-05 00:06:34 [!!]   File "/opt/nightcity/venv/lib/python3.12/site-packages/evennia/commands/cmdhandler.py", line 629, in _run_command
2026-03-05 00:06:34 [!!]     ret = cmd.func()
2026-03-05 00:06:34 [!!]           ^^^^^^^^^^
2026-03-05 00:06:34 [!!]   File "/opt/nightcity/game/commands/where.py", line 101, in func
2026-03-05 00:06:34 [!!]     is_staff = any(caller.check_permstring(perm) for perm in self.STAFF_PERMS)
2026-03-05 00:06:34 [!!]                                                              ^^^^^^^^^^^^^^^^
2026-03-05 00:06:34 [!!] AttributeError: 'CmdWhere' object has no attribute 'STAFF_PERMS'
2026-03-05 00:06:34 [EE] User input was: '+where
2026-03-05 00:06:34 [EE] '.
2026-03-05 00:07:48 [..] Server disconnected from the portal.
2026-03-05 00:07:48 [..] Main loop terminated.
2026-03-05 00:07:48 [..] Server Shut Down.
2026-03-05 00:07:52 [..] Loaded.
2026-03-05 00:07:49 [..] Loading /opt/nightcity/venv/lib/python3.12/site-packages/evennia/server/server.py...
2026-03-05 00:07:52 [..] Loaded.
2026-03-05 00:07:52 [..] twistd 24.11.0 (/opt/nightcity/venv/bin/python3 3.12.3) starting up.
2026-03-05 00:07:52 [..] reactor class: twisted.internet.epollreactor.EPollReactor.
2026-03-05 00:07:52 [..] Webserver starting on 4002
2026-03-05 00:07:52 [..] Server successfully reloaded.
2026-03-05 00:10:50 [..] Server disconnected from the portal.
2026-03-05 00:10:50 [..] Main loop terminated.
2026-03-05 00:10:50 [..] Server Shut Down.
2026-03-05 00:10:53 [..] Loaded.
2026-03-05 00:10:51 [..] Loading /opt/nightcity/venv/lib/python3.12/site-packages/evennia/server/server.py...
2026-03-05 00:10:53 [..] Loaded.
2026-03-05 00:10:53 [..] twistd 24.11.0 (/opt/nightcity/venv/bin/python3 3.12.3) starting up.
2026-03-05 00:10:53 [..] reactor class: twisted.internet.epollreactor.EPollReactor.
2026-03-05 00:10:54 [..] Webserver starting on 4002
2026-03-05 00:10:54 [..] Server successfully reloaded.
2026-03-05 00:13:06 [..] CmdChargen.func() called with args: 
2026-03-05 00:14:07 [..] CmdChargen.func() called with args: delete
2026-03-05 00:14:09 [..] Server disconnected from the portal.
2026-03-05 00:14:09 [..] Main loop terminated.
2026-03-05 00:14:09 [..] Server Shut Down.
2026-03-05 00:14:13 [..] Loaded.
2026-03-05 00:14:10 [..] Loading /opt/nightcity/venv/lib/python3.12/site-packages/evennia/server/server.py...
2026-03-05 00:14:13 [..] Loaded.
2026-03-05 00:14:13 [..] twistd 24.11.0 (/opt/nightcity/venv/bin/python3 3.12.3) starting up.
2026-03-05 00:14:13 [..] reactor class: twisted.internet.epollreactor.EPollReactor.
2026-03-05 00:14:13 [..] Webserver starting on 4002
2026-03-05 00:14:13 [..] Server successfully reloaded.
2026-03-05 00:14:20 [..] CmdChargen.func() called with args: edgerunner Tech Nick Nack
2026-03-05 00:14:20 [..] Parsed args - method: edgerunner, role: Tech, full_name: Nick Nack
2026-03-05 00:14:20 [..] Chargen command called with method: edgerunner, role: Tech, full_name: Nick Nack
2026-03-05 00:14:20 [..] Waiting for user confirmation.
2026-03-05 00:14:25 [..] CmdChargen.func() called with args: eys
2026-03-05 00:14:28 [..] CmdChargen.func() called with args: edgerunner Tech Nick Nack
2026-03-05 00:14:28 [..] Parsed args - method: edgerunner, role: Tech, full_name: Nick Nack
2026-03-05 00:14:28 [..] Chargen command called with method: edgerunner, role: Tech, full_name: Nick Nack
2026-03-05 00:14:28 [..] Waiting for user confirmation.
2026-03-05 00:14:32 [..] CmdChargen.func() called with args: yes
2026-03-05 00:14:32 [..] User confirmed. Proceeding with character creation.
2026-03-05 00:14:32 [..] Creating character with method: edgerunner, role: Tech, full_name: Nick Nack
2026-03-05 00:14:32 [..] Created character sheet with ID 17
2026-03-05 00:14:32 [EE] Error in create_character: NOT NULL constraint failed: cyberware_cyberware.cost
2026-03-05 00:14:32 [EE] Traceback: Traceback (most recent call last):
2026-03-05 00:14:32 [EE]   File "/opt/nightcity/venv/lib/python3.12/site-packages/django/db/models/query.py", line 987, in get_or_create
2026-03-05 00:14:32 [EE]     return self.get(**kwargs), False
2026-03-05 00:14:32 [EE]            ^^^^^^^^^^^^^^^^^^
2026-03-05 00:14:32 [EE]   File "/opt/nightcity/venv/lib/python3.12/site-packages/django/db/models/query.py", line 639, in get
2026-03-05 00:14:32 [EE]     raise self.model.DoesNotExist(
2026-03-05 00:14:32 [EE] world.cyberware.models.Cyberware.DoesNotExist: Cyberware matching query does not exist.
None2026-03-05 00:14:32 [EE] During handling of the above exception, another exception occurred:
None2026-03-05 00:14:32 [EE] Traceback (most recent call last):
2026-03-05 00:14:32 [EE]   File "/opt/nightcity/venv/lib/python3.12/site-packages/django/db/backends/utils.py", line 105, in _execute
2026-03-05 00:14:32 [EE]     return self.cursor.execute(sql, params)
2026-03-05 00:14:32 [EE]            ^^^^^^^^^^^^^^^^^^^^^^^^^^^^^^^^
2026-03-05 00:14:32 [EE]   File "/opt/nightcity/venv/lib/python3.12/site-packages/django/db/backends/sqlite3/base.py", line 359, in execute
2026-03-05 00:14:32 [EE]     return super().execute(query, params)
2026-03-05 00:14:32 [EE]            ^^^^^^^^^^^^^^^^^^^^^^^^^^^^^^
2026-03-05 00:14:32 [EE] sqlite3.IntegrityError: NOT NULL constraint failed: cyberware_cyberware.cost
None2026-03-05 00:14:32 [EE] The above exception was the direct cause of the following exception:
None2026-03-05 00:14:32 [EE] Traceback (most recent call last):
2026-03-05 00:14:32 [EE]   File "/opt/nightcity/game/commands/chargen.py", line 221, in create_character
2026-03-05 00:14:32 [EE]     result = self.edgerunner_chargen(char, sheet, role)
2026-03-05 00:14:32 [EE]              ^^^^^^^^^^^^^^^^^^^^^^^^^^^^^^^^^^^^^^^^^^
2026-03-05 00:14:32 [EE]   File "/opt/nightcity/game/commands/chargen.py", line 271, in edgerunner_chargen
2026-03-05 00:14:32 [EE]     EdgerunnerChargen.assign_cyberware(sheet, role)  # Still using sheet for now
2026-03-05 00:14:32 [EE]     ^^^^^^^^^^^^^^^^^^^^^^^^^^^^^^^^^^^^^^^^^^^^^^^
2026-03-05 00:14:32 [EE]   File "/opt/nightcity/game/world/cyberpunk_sheets/edgerunner.py", line 761, in assign_cyberware
2026-03-05 00:14:32 [EE]     cyberware_item, created = Cyberware.objects.get_or_create(name=item_name)
2026-03-05 00:14:32 [EE]                               ^^^^^^^^^^^^^^^^^^^^^^^^^^^^^^^^^^^^^^^^^^^^^^^
2026-03-05 00:14:32 [EE]   File "/opt/nightcity/venv/lib/python3.12/site-packages/django/db/models/manager.py", line 87, in manager_method
2026-03-05 00:14:32 [EE]     return getattr(self.get_queryset(), name)(*args, **kwargs)
2026-03-05 00:14:32 [EE]            ^^^^^^^^^^^^^^^^^^^^^^^^^^^^^^^^^^^^^^^^^^^^^^^^^^^
2026-03-05 00:14:32 [EE]   File "/opt/nightcity/venv/lib/python3.12/site-packages/django/db/models/query.py", line 994, in get_or_create
2026-03-05 00:14:32 [EE]     return self.create(**params), True
2026-03-05 00:14:32 [EE]            ^^^^^^^^^^^^^^^^^^^^^
2026-03-05 00:14:32 [EE]   File "/opt/nightcity/venv/lib/python3.12/site-packages/django/db/models/query.py", line 669, in create
2026-03-05 00:14:32 [EE]     obj.save(force_insert=True, using=self.db)
2026-03-05 00:14:32 [EE]   File "/opt/nightcity/venv/lib/python3.12/site-packages/evennia/utils/idmapper/models.py", line 452, in save
2026-03-05 00:14:32 [EE]     super().save(*args, **kwargs)
2026-03-05 00:14:32 [EE]   File "/opt/nightcity/venv/lib/python3.12/site-packages/django/db/models/base.py", line 874, in save
2026-03-05 00:14:32 [EE]     self.save_base(
2026-03-05 00:14:32 [EE]   File "/opt/nightcity/venv/lib/python3.12/site-packages/django/db/models/base.py", line 966, in save_base
2026-03-05 00:14:32 [EE]     updated = self._save_table(
2026-03-05 00:14:32 [EE]               ^^^^^^^^^^^^^^^^^
2026-03-05 00:14:32 [EE]   File "/opt/nightcity/venv/lib/python3.12/site-packages/django/db/models/base.py", line 1169, in _save_table
2026-03-05 00:14:32 [EE]     results = self._do_insert(
2026-03-05 00:14:32 [EE]               ^^^^^^^^^^^^^^^^
2026-03-05 00:14:32 [EE]   File "/opt/nightcity/venv/lib/python3.12/site-packages/django/db/models/base.py", line 1220, in _do_insert
2026-03-05 00:14:32 [EE]     return manager._insert(
2026-03-05 00:14:32 [EE]            ^^^^^^^^^^^^^^^^
2026-03-05 00:14:32 [EE]   File "/opt/nightcity/venv/lib/python3.12/site-packages/django/db/models/manager.py", line 87, in manager_method
2026-03-05 00:14:32 [EE]     return getattr(self.get_queryset(), name)(*args, **kwargs)
2026-03-05 00:14:32 [EE]            ^^^^^^^^^^^^^^^^^^^^^^^^^^^^^^^^^^^^^^^^^^^^^^^^^^^
2026-03-05 00:14:32 [EE]   File "/opt/nightcity/venv/lib/python3.12/site-packages/django/db/models/query.py", line 1918, in _insert
2026-03-05 00:14:32 [EE]     return query.get_compiler(using=using).execute_sql(returning_fields)
2026-03-05 00:14:32 [EE]            ^^^^^^^^^^^^^^^^^^^^^^^^^^^^^^^^^^^^^^^^^^^^^^^^^^^^^^^^^^^^^
2026-03-05 00:14:32 [EE]   File "/opt/nightcity/venv/lib/python3.12/site-packages/django/db/models/sql/compiler.py", line 1925, in execute_sql
2026-03-05 00:14:32 [EE]     cursor.execute(sql, params)
2026-03-05 00:14:32 [EE]   File "/opt/nightcity/venv/lib/python3.12/site-packages/django/db/backends/utils.py", line 79, in execute
2026-03-05 00:14:32 [EE]     return self._execute_with_wrappers(
2026-03-05 00:14:32 [EE]            ^^^^^^^^^^^^^^^^^^^^^^^^^^^^
2026-03-05 00:14:32 [EE]   File "/opt/nightcity/venv/lib/python3.12/site-packages/django/db/backends/utils.py", line 92, in _execute_with_wrappers
2026-03-05 00:14:32 [EE]     return executor(sql, params, many, context)
2026-03-05 00:14:32 [EE]            ^^^^^^^^^^^^^^^^^^^^^^^^^^^^^^^^^^^^
2026-03-05 00:14:32 [EE]   File "/opt/nightcity/venv/lib/python3.12/site-packages/django/db/backends/utils.py", line 100, in _execute
2026-03-05 00:14:32 [EE]     with self.db.wrap_database_errors:
2026-03-05 00:14:32 [EE]   File "/opt/nightcity/venv/lib/python3.12/site-packages/django/db/utils.py", line 94, in __exit__
2026-03-05 00:14:32 [EE]     raise dj_exc_value.with_traceback(traceback) from exc_value
2026-03-05 00:14:32 [EE]   File "/opt/nightcity/venv/lib/python3.12/site-packages/django/db/backends/utils.py", line 105, in _execute
2026-03-05 00:14:32 [EE]     return self.cursor.execute(sql, params)
2026-03-05 00:14:32 [EE]            ^^^^^^^^^^^^^^^^^^^^^^^^^^^^^^^^
2026-03-05 00:14:32 [EE]   File "/opt/nightcity/venv/lib/python3.12/site-packages/django/db/backends/sqlite3/base.py", line 359, in execute
2026-03-05 00:14:32 [EE]     return super().execute(query, params)
2026-03-05 00:14:32 [EE]            ^^^^^^^^^^^^^^^^^^^^^^^^^^^^^^
2026-03-05 00:14:32 [EE] django.db.utils.IntegrityError: NOT NULL constraint failed: cyberware_cyberware.cost
2026-03-05 00:14:38 [..] at_post_puppet called for Soma
2026-03-05 00:14:38 [..] About to call display_login_notifications for Soma
2026-03-05 00:14:38 [..] About to display login notifications for Soma
2026-03-05 00:14:38 [..] Finished display_login_notifications for Soma
2026-03-05 00:14:38 [SS] Puppet Success: (Caller: Soma(account 4), Target: Soma, IP: 172.56.213.12).
2026-03-05 00:15:31 [..] CmdChargen.func() called with args: edgerunner tech Nick Nack
2026-03-05 00:15:31 [..] Parsed args - method: edgerunner, role: Tech, full_name: Nick Nack
2026-03-05 00:15:31 [..] Chargen command called with method: edgerunner, role: Tech, full_name: Nick Nack
2026-03-05 00:15:31 [..] Waiting for user confirmation.
2026-03-05 00:15:34 [..] CmdChargen.func() called with args: 
2026-03-05 00:15:36 [..] CmdChargen.func() called with args: edgerunner tech Nick Nack
2026-03-05 00:15:36 [..] Parsed args - method: edgerunner, role: Tech, full_name: Nick Nack
2026-03-05 00:15:36 [..] Chargen command called with method: edgerunner, role: Tech, full_name: Nick Nack
2026-03-05 00:15:36 [..] Creating character with method: edgerunner, role: Tech, full_name: Nick Nack
2026-03-05 00:15:36 [..] Updated character name to Nick Nack
2026-03-05 00:15:36 [..] Created character sheet with ID 18
2026-03-05 00:15:36 [EE] Error in create_character: NOT NULL constraint failed: cyberware_cyberware.cost
2026-03-05 00:15:36 [EE] Traceback: Traceback (most recent call last):
2026-03-05 00:15:36 [EE]   File "/opt/nightcity/venv/lib/python3.12/site-packages/django/db/models/query.py", line 987, in get_or_create
2026-03-05 00:15:36 [EE]     return self.get(**kwargs), False
2026-03-05 00:15:36 [EE]            ^^^^^^^^^^^^^^^^^^
2026-03-05 00:15:36 [EE]   File "/opt/nightcity/venv/lib/python3.12/site-packages/django/db/models/query.py", line 639, in get
2026-03-05 00:15:36 [EE]     raise self.model.DoesNotExist(
2026-03-05 00:15:36 [EE] world.cyberware.models.Cyberware.DoesNotExist: Cyberware matching query does not exist.
None2026-03-05 00:15:36 [EE] During handling of the above exception, another exception occurred:
None2026-03-05 00:15:36 [EE] Traceback (most recent call last):
2026-03-05 00:15:36 [EE]   File "/opt/nightcity/venv/lib/python3.12/site-packages/django/db/backends/utils.py", line 105, in _execute
2026-03-05 00:15:36 [EE]     return self.cursor.execute(sql, params)
2026-03-05 00:15:36 [EE]            ^^^^^^^^^^^^^^^^^^^^^^^^^^^^^^^^
2026-03-05 00:15:36 [EE]   File "/opt/nightcity/venv/lib/python3.12/site-packages/django/db/backends/sqlite3/base.py", line 359, in execute
2026-03-05 00:15:36 [EE]     return super().execute(query, params)
2026-03-05 00:15:36 [EE]            ^^^^^^^^^^^^^^^^^^^^^^^^^^^^^^
2026-03-05 00:15:36 [EE] sqlite3.IntegrityError: NOT NULL constraint failed: cyberware_cyberware.cost
None2026-03-05 00:15:36 [EE] The above exception was the direct cause of the following exception:
None2026-03-05 00:15:36 [EE] Traceback (most recent call last):
2026-03-05 00:15:36 [EE]   File "/opt/nightcity/game/commands/chargen.py", line 221, in create_character
2026-03-05 00:15:36 [EE]     result = self.edgerunner_chargen(char, sheet, role)
2026-03-05 00:15:36 [EE]              ^^^^^^^^^^^^^^^^^^^^^^^^^^^^^^^^^^^^^^^^^^
2026-03-05 00:15:36 [EE]   File "/opt/nightcity/game/commands/chargen.py", line 271, in edgerunner_chargen
2026-03-05 00:15:36 [EE]     EdgerunnerChargen.assign_cyberware(sheet, role)  # Still using sheet for now
2026-03-05 00:15:36 [EE]     ^^^^^^^^^^^^^^^^^^^^^^^^^^^^^^^^^^^^^^^^^^^^^^^
2026-03-05 00:15:36 [EE]   File "/opt/nightcity/game/world/cyberpunk_sheets/edgerunner.py", line 761, in assign_cyberware
2026-03-05 00:15:36 [EE]     cyberware_item, created = Cyberware.objects.get_or_create(name=item_name)
2026-03-05 00:15:36 [EE]                               ^^^^^^^^^^^^^^^^^^^^^^^^^^^^^^^^^^^^^^^^^^^^^^^
2026-03-05 00:15:36 [EE]   File "/opt/nightcity/venv/lib/python3.12/site-packages/django/db/models/manager.py", line 87, in manager_method
2026-03-05 00:15:36 [EE]     return getattr(self.get_queryset(), name)(*args, **kwargs)
2026-03-05 00:15:36 [EE]            ^^^^^^^^^^^^^^^^^^^^^^^^^^^^^^^^^^^^^^^^^^^^^^^^^^^
2026-03-05 00:15:36 [EE]   File "/opt/nightcity/venv/lib/python3.12/site-packages/django/db/models/query.py", line 994, in get_or_create
2026-03-05 00:15:36 [EE]     return self.create(**params), True
2026-03-05 00:15:36 [EE]            ^^^^^^^^^^^^^^^^^^^^^
2026-03-05 00:15:36 [EE]   File "/opt/nightcity/venv/lib/python3.12/site-packages/django/db/models/query.py", line 669, in create
2026-03-05 00:15:36 [EE]     obj.save(force_insert=True, using=self.db)
2026-03-05 00:15:36 [EE]   File "/opt/nightcity/venv/lib/python3.12/site-packages/evennia/utils/idmapper/models.py", line 452, in save
2026-03-05 00:15:36 [EE]     super().save(*args, **kwargs)
2026-03-05 00:15:36 [EE]   File "/opt/nightcity/venv/lib/python3.12/site-packages/django/db/models/base.py", line 874, in save
2026-03-05 00:15:36 [EE]     self.save_base(
2026-03-05 00:15:36 [EE]   File "/opt/nightcity/venv/lib/python3.12/site-packages/django/db/models/base.py", line 966, in save_base
2026-03-05 00:15:36 [EE]     updated = self._save_table(
2026-03-05 00:15:36 [EE]               ^^^^^^^^^^^^^^^^^
2026-03-05 00:15:36 [EE]   File "/opt/nightcity/venv/lib/python3.12/site-packages/django/db/models/base.py", line 1169, in _save_table
2026-03-05 00:15:36 [EE]     results = self._do_insert(
2026-03-05 00:15:36 [EE]               ^^^^^^^^^^^^^^^^
2026-03-05 00:15:36 [EE]   File "/opt/nightcity/venv/lib/python3.12/site-packages/django/db/models/base.py", line 1220, in _do_insert
2026-03-05 00:15:36 [EE]     return manager._insert(
2026-03-05 00:15:36 [EE]            ^^^^^^^^^^^^^^^^
2026-03-05 00:15:36 [EE]   File "/opt/nightcity/venv/lib/python3.12/site-packages/django/db/models/manager.py", line 87, in manager_method
2026-03-05 00:15:36 [EE]     return getattr(self.get_queryset(), name)(*args, **kwargs)
2026-03-05 00:15:36 [EE]            ^^^^^^^^^^^^^^^^^^^^^^^^^^^^^^^^^^^^^^^^^^^^^^^^^^^
2026-03-05 00:15:36 [EE]   File "/opt/nightcity/venv/lib/python3.12/site-packages/django/db/models/query.py", line 1918, in _insert
2026-03-05 00:15:36 [EE]     return query.get_compiler(using=using).execute_sql(returning_fields)
2026-03-05 00:15:36 [EE]            ^^^^^^^^^^^^^^^^^^^^^^^^^^^^^^^^^^^^^^^^^^^^^^^^^^^^^^^^^^^^^
2026-03-05 00:15:36 [EE]   File "/opt/nightcity/venv/lib/python3.12/site-packages/django/db/models/sql/compiler.py", line 1925, in execute_sql
2026-03-05 00:15:36 [EE]     cursor.execute(sql, params)
2026-03-05 00:15:36 [EE]   File "/opt/nightcity/venv/lib/python3.12/site-packages/django/db/backends/utils.py", line 79, in execute
2026-03-05 00:15:36 [EE]     return self._execute_with_wrappers(
2026-03-05 00:15:36 [EE]            ^^^^^^^^^^^^^^^^^^^^^^^^^^^^
2026-03-05 00:15:36 [EE]   File "/opt/nightcity/venv/lib/python3.12/site-packages/django/db/backends/utils.py", line 92, in _execute_with_wrappers
2026-03-05 00:15:36 [EE]     return executor(sql, params, many, context)
2026-03-05 00:15:36 [EE]            ^^^^^^^^^^^^^^^^^^^^^^^^^^^^^^^^^^^^
2026-03-05 00:15:36 [EE]   File "/opt/nightcity/venv/lib/python3.12/site-packages/django/db/backends/utils.py", line 100, in _execute
2026-03-05 00:15:36 [EE]     with self.db.wrap_database_errors:
2026-03-05 00:15:36 [EE]   File "/opt/nightcity/venv/lib/python3.12/site-packages/django/db/utils.py", line 94, in __exit__
2026-03-05 00:15:36 [EE]     raise dj_exc_value.with_traceback(traceback) from exc_value
2026-03-05 00:15:36 [EE]   File "/opt/nightcity/venv/lib/python3.12/site-packages/django/db/backends/utils.py", line 105, in _execute
2026-03-05 00:15:36 [EE]     return self.cursor.execute(sql, params)
2026-03-05 00:15:36 [EE]            ^^^^^^^^^^^^^^^^^^^^^^^^^^^^^^^^
2026-03-05 00:15:36 [EE]   File "/opt/nightcity/venv/lib/python3.12/site-packages/django/db/backends/sqlite3/base.py", line 359, in execute
2026-03-05 00:15:36 [EE]     return super().execute(query, params)
2026-03-05 00:15:36 [EE]            ^^^^^^^^^^^^^^^^^^^^^^^^^^^^^^
2026-03-05 00:15:36 [EE] django.db.utils.IntegrityError: NOT NULL constraint failed: cyberware_cyberware.cost
2026-03-05 00:15:39 [..] CmdChargen.func() called with args: 
2026-03-05 00:15:54 [..] CmdChargen.func() called with args: edgerunner solo Nick Nack
2026-03-05 00:15:54 [..] Parsed args - method: edgerunner, role: Solo, full_name: Nick Nack
2026-03-05 00:15:54 [..] Chargen command called with method: edgerunner, role: Solo, full_name: Nick Nack
2026-03-05 00:15:54 [..] Creating character with method: edgerunner, role: Solo, full_name: Nick Nack
2026-03-05 00:15:54 [..] Removing existing character sheet None for account before creating new one
2026-03-05 00:15:54 [EE] Error in create_character: CharacterSheet object can't be deleted because its id attribute is set to None.
2026-03-05 00:15:54 [EE] Traceback: Traceback (most recent call last):
2026-03-05 00:15:54 [EE]   File "/opt/nightcity/game/commands/chargen.py", line 194, in create_character
2026-03-05 00:15:54 [EE]     existing_sheet.delete()
2026-03-05 00:15:54 [EE]   File "/opt/nightcity/venv/lib/python3.12/site-packages/evennia/utils/idmapper/models.py", line 422, in delete
2026-03-05 00:15:54 [EE]     super().delete(*args, **kwargs)
2026-03-05 00:15:54 [EE]   File "/opt/nightcity/venv/lib/python3.12/site-packages/django/db/models/base.py", line 1293, in delete
2026-03-05 00:15:54 [EE]     raise ValueError(
2026-03-05 00:15:54 [EE] ValueError: CharacterSheet object can't be deleted because its id attribute is set to None.
2026-03-05 00:15:59 [..] CmdChargen.func() called with args: 
2026-03-05 00:16:01 [..] CmdChargen.func() called with args: edgerunner solo Nick Nack
2026-03-05 00:16:01 [..] Parsed args - method: edgerunner, role: Solo, full_name: Nick Nack
2026-03-05 00:16:01 [..] Chargen command called with method: edgerunner, role: Solo, full_name: Nick Nack
2026-03-05 00:16:01 [..] Creating character with method: edgerunner, role: Solo, full_name: Nick Nack
2026-03-05 00:16:01 [..] Removing existing character sheet None for account before creating new one
2026-03-05 00:16:01 [EE] Error in create_character: CharacterSheet object can't be deleted because its id attribute is set to None.
2026-03-05 00:16:01 [EE] Traceback: Traceback (most recent call last):
2026-03-05 00:16:01 [EE]   File "/opt/nightcity/game/commands/chargen.py", line 194, in create_character
2026-03-05 00:16:01 [EE]     existing_sheet.delete()
2026-03-05 00:16:01 [EE]   File "/opt/nightcity/venv/lib/python3.12/site-packages/evennia/utils/idmapper/models.py", line 422, in delete
2026-03-05 00:16:01 [EE]     super().delete(*args, **kwargs)
2026-03-05 00:16:01 [EE]   File "/opt/nightcity/venv/lib/python3.12/site-packages/django/db/models/base.py", line 1293, in delete
2026-03-05 00:16:01 [EE]     raise ValueError(
2026-03-05 00:16:01 [EE] ValueError: CharacterSheet object can't be deleted because its id attribute is set to None.
2026-03-05 00:16:10 [..] CmdChargen.func() called with args: edgerunner solo "Nick Nack"
2026-03-05 00:16:10 [..] Parsed args - method: edgerunner, role: Solo, full_name: Nick Nack
2026-03-05 00:16:10 [..] Chargen command called with method: edgerunner, role: Solo, full_name: Nick Nack
2026-03-05 00:16:10 [..] Creating character with method: edgerunner, role: Solo, full_name: Nick Nack
2026-03-05 00:16:10 [..] Removing existing character sheet None for account before creating new one
2026-03-05 00:16:10 [EE] Error in create_character: CharacterSheet object can't be deleted because its id attribute is set to None.
2026-03-05 00:16:10 [EE] Traceback: Traceback (most recent call last):
2026-03-05 00:16:10 [EE]   File "/opt/nightcity/game/commands/chargen.py", line 194, in create_character
2026-03-05 00:16:10 [EE]     existing_sheet.delete()
2026-03-05 00:16:10 [EE]   File "/opt/nightcity/venv/lib/python3.12/site-packages/evennia/utils/idmapper/models.py", line 422, in delete
2026-03-05 00:16:10 [EE]     super().delete(*args, **kwargs)
2026-03-05 00:16:10 [EE]   File "/opt/nightcity/venv/lib/python3.12/site-packages/django/db/models/base.py", line 1293, in delete
2026-03-05 00:16:10 [EE]     raise ValueError(
2026-03-05 00:16:10 [EE] ValueError: CharacterSheet object can't be deleted because its id attribute is set to None.
2026-03-05 00:16:58 [..] CmdChargen.func() called with args: edgerunner Tech Nick Nack
2026-03-05 00:16:58 [..] Parsed args - method: edgerunner, role: Tech, full_name: Nick Nack
2026-03-05 00:16:58 [..] Chargen command called with method: edgerunner, role: Tech, full_name: Nick Nack
2026-03-05 00:16:58 [..] Creating character with method: edgerunner, role: Tech, full_name: Nick Nack
2026-03-05 00:16:58 [..] Removing existing character sheet None for account before creating new one
2026-03-05 00:16:58 [EE] Error in create_character: CharacterSheet object can't be deleted because its id attribute is set to None.
2026-03-05 00:16:58 [EE] Traceback: Traceback (most recent call last):
2026-03-05 00:16:58 [EE]   File "/opt/nightcity/game/commands/chargen.py", line 194, in create_character
2026-03-05 00:16:58 [EE]     existing_sheet.delete()
2026-03-05 00:16:58 [EE]   File "/opt/nightcity/venv/lib/python3.12/site-packages/evennia/utils/idmapper/models.py", line 422, in delete
2026-03-05 00:16:58 [EE]     super().delete(*args, **kwargs)
2026-03-05 00:16:58 [EE]   File "/opt/nightcity/venv/lib/python3.12/site-packages/django/db/models/base.py", line 1293, in delete
2026-03-05 00:16:58 [EE]     raise ValueError(
2026-03-05 00:16:58 [EE] ValueError: CharacterSheet object can't be deleted because its id attribute is set to None.
2026-03-05 00:17:09 [..] CmdChargen.func() called with args: edgerunner solo Soma
2026-03-05 00:17:09 [..] Parsed args - method: edgerunner, role: Solo, full_name: Soma
2026-03-05 00:17:09 [..] Chargen command called with method: edgerunner, role: Solo, full_name: Soma
2026-03-05 00:17:09 [..] Creating character with method: edgerunner, role: Solo, full_name: Soma
2026-03-05 00:17:09 [..] Removing existing character sheet None for account before creating new one
2026-03-05 00:17:09 [EE] Error in create_character: CharacterSheet object can't be deleted because its id attribute is set to None.
2026-03-05 00:17:09 [EE] Traceback: Traceback (most recent call last):
2026-03-05 00:17:09 [EE]   File "/opt/nightcity/game/commands/chargen.py", line 194, in create_character
2026-03-05 00:17:09 [EE]     existing_sheet.delete()
2026-03-05 00:17:09 [EE]   File "/opt/nightcity/venv/lib/python3.12/site-packages/evennia/utils/idmapper/models.py", line 422, in delete
2026-03-05 00:17:09 [EE]     super().delete(*args, **kwargs)
2026-03-05 00:17:09 [EE]   File "/opt/nightcity/venv/lib/python3.12/site-packages/django/db/models/base.py", line 1293, in delete
2026-03-05 00:17:09 [EE]     raise ValueError(
2026-03-05 00:17:09 [EE] ValueError: CharacterSheet object can't be deleted because its id attribute is set to None.
2026-03-05 00:19:24 [SS] Character Deleted: Nick Nack (Caller: Soma(account 4), IP: 172.56.213.12).
2026-03-05 00:19:28 [DP] obj.cmdset.add() kwarg 'permanent' has changed name to 'persistent'.
2026-03-05 00:19:28 [SS] Character Created: Soma (Caller: Soma(account 4), IP: 172.56.213.12).
2026-03-05 00:19:30 [..] at_post_puppet called for Soma
2026-03-05 00:19:30 [..] Attempting to migrate character sheet data for Soma
2026-03-05 00:19:30 [..] About to call display_login_notifications for Soma
2026-03-05 00:19:30 [..] About to display login notifications for Soma
2026-03-05 00:19:30 [..] Finished display_login_notifications for Soma
2026-03-05 00:19:30 [SS] Puppet Success: (Caller: Soma(account 4), Target: Soma, IP: 172.56.213.12).
2026-03-05 00:23:09 [..] Server disconnected from the portal.
2026-03-05 00:23:09 [..] Main loop terminated.
2026-03-05 00:23:09 [..] Server Shut Down.
2026-03-05 00:23:13 [..] Loaded.
2026-03-05 00:23:10 [..] Loading /opt/nightcity/venv/lib/python3.12/site-packages/evennia/server/server.py...
2026-03-05 00:23:13 [..] Loaded.
2026-03-05 00:23:13 [..] twistd 24.11.0 (/opt/nightcity/venv/bin/python3 3.12.3) starting up.
2026-03-05 00:23:13 [..] reactor class: twisted.internet.epollreactor.EPollReactor.
2026-03-05 00:23:13 [..] Webserver starting on 4002
2026-03-05 00:23:13 [..] Server successfully reloaded.
2026-03-05 00:23:15 [..] CmdChargen.func() called with args: 
2026-03-05 00:23:22 [..] CmdChargen.func() called with args: edgerunner tech Nick Nack
2026-03-05 00:23:22 [..] Parsed args - method: edgerunner, role: Tech, full_name: Nick Nack
2026-03-05 00:23:22 [..] Chargen command called with method: edgerunner, role: Tech, full_name: Nick Nack
2026-03-05 00:23:22 [!!] Traceback (most recent call last):
2026-03-05 00:23:22 [!!]   File "/opt/nightcity/venv/lib/python3.12/site-packages/evennia/commands/cmdhandler.py", line 629, in _run_command
2026-03-05 00:23:22 [!!]     ret = cmd.func()
2026-03-05 00:23:22 [!!]           ^^^^^^^^^^
2026-03-05 00:23:22 [!!]   File "/opt/nightcity/game/commands/chargen.py", line 161, in func
2026-03-05 00:23:22 [!!]     if self.caller.db.get('role') or self.caller.db.get('full_name'):
2026-03-05 00:23:22 [!!]        ^^^^^^^^^^^^^^^^^^^^^^^^^^
2026-03-05 00:23:22 [!!] TypeError: 'NoneType' object is not callable
2026-03-05 00:23:22 [EE] User input was: 'chargen edgerunner tech Nick Nack
2026-03-05 00:23:22 [EE] '.
2026-03-05 00:24:33 [..] Server disconnected from the portal.
2026-03-05 00:24:33 [..] Main loop terminated.
2026-03-05 00:24:33 [..] Server Shut Down.
2026-03-05 00:24:38 [..] Loaded.
2026-03-05 00:24:35 [..] Loading /opt/nightcity/venv/lib/python3.12/site-packages/evennia/server/server.py...
2026-03-05 00:24:38 [..] Loaded.
2026-03-05 00:24:38 [..] twistd 24.11.0 (/opt/nightcity/venv/bin/python3 3.12.3) starting up.
2026-03-05 00:24:38 [..] reactor class: twisted.internet.epollreactor.EPollReactor.
2026-03-05 00:24:38 [..] Webserver starting on 4002
2026-03-05 00:24:38 [..] Server successfully reloaded.
2026-03-05 00:24:56 [..] CmdChargen.func() called with args: edgerunner tech Nick Nack
2026-03-05 00:24:56 [..] Parsed args - method: edgerunner, role: Tech, full_name: Nick Nack
2026-03-05 00:24:56 [..] Chargen command called with method: edgerunner, role: Tech, full_name: Nick Nack
2026-03-05 00:24:56 [..] Waiting for user confirmation.
2026-03-05 00:24:59 [..] CmdChargen.func() called with args: 
2026-03-05 00:25:00 [..] CmdChargen.func() called with args: edgerunner tech Nick Nack
2026-03-05 00:25:00 [..] Parsed args - method: edgerunner, role: Tech, full_name: Nick Nack
2026-03-05 00:25:00 [..] Chargen command called with method: edgerunner, role: Tech, full_name: Nick Nack
2026-03-05 00:25:00 [..] Waiting for user confirmation.
2026-03-05 00:25:03 [..] CmdChargen.func() called with args: yes
2026-03-05 00:25:03 [..] User confirmed. Proceeding with character creation.
2026-03-05 00:25:03 [..] Creating character with method: edgerunner, role: Tech, full_name: Nick Nack
2026-03-05 00:25:03 [..] Created new character sheet with ID 21
2026-03-05 00:25:03 [EE] Error in create_character: 'DbHolder' object does not support item assignment
2026-03-05 00:25:03 [EE] Traceback: Traceback (most recent call last):
2026-03-05 00:25:03 [EE]   File "/opt/nightcity/game/commands/chargen.py", line 207, in create_character
2026-03-05 00:25:03 [EE]     result = self.edgerunner_chargen(char, sheet, role)
2026-03-05 00:25:03 [EE]              ^^^^^^^^^^^^^^^^^^^^^^^^^^^^^^^^^^^^^^^^^^
2026-03-05 00:25:03 [EE]   File "/opt/nightcity/game/commands/chargen.py", line 234, in edgerunner_chargen
2026-03-05 00:25:03 [EE]     char.db[stat] = value
2026-03-05 00:25:03 [EE]     ~~~~~~~^^^^^^
2026-03-05 00:25:03 [EE] TypeError: 'DbHolder' object does not support item assignment
2026-03-05 00:26:25 [..] CmdChargen.func() called with args: edgerunner solo Soma
2026-03-05 00:26:25 [..] Parsed args - method: edgerunner, role: Solo, full_name: Soma
2026-03-05 00:26:25 [..] Chargen command called with method: edgerunner, role: Solo, full_name: Soma
2026-03-05 00:26:25 [..] Waiting for user confirmation.
2026-03-05 00:26:28 [..] CmdChargen.func() called with args: 
2026-03-05 00:26:29 [..] CmdChargen.func() called with args: edgerunner solo Soma
2026-03-05 00:26:29 [..] Parsed args - method: edgerunner, role: Solo, full_name: Soma
2026-03-05 00:26:29 [..] Chargen command called with method: edgerunner, role: Solo, full_name: Soma
2026-03-05 00:26:29 [..] Waiting for user confirmation.
2026-03-05 00:27:49 [..] Server disconnected from the portal.
2026-03-05 00:27:49 [..] Main loop terminated.
2026-03-05 00:27:49 [..] Server Shut Down.
2026-03-05 00:27:54 [..] Loaded.
2026-03-05 00:27:50 [..] Loading /opt/nightcity/venv/lib/python3.12/site-packages/evennia/server/server.py...
2026-03-05 00:27:54 [..] Loaded.
2026-03-05 00:27:54 [..] twistd 24.11.0 (/opt/nightcity/venv/bin/python3 3.12.3) starting up.
2026-03-05 00:27:54 [..] reactor class: twisted.internet.epollreactor.EPollReactor.
2026-03-05 00:27:54 [..] Webserver starting on 4002
2026-03-05 00:27:54 [..] Server successfully reloaded.
2026-03-05 00:28:10 [..] CmdChargen.func() called with args: edgerunner solo Soma
2026-03-05 00:28:10 [..] Parsed args - method: edgerunner, role: Solo, full_name: Soma
2026-03-05 00:28:10 [..] Chargen command called with method: edgerunner, role: Solo, full_name: Soma
2026-03-05 00:28:10 [..] Waiting for user confirmation.
2026-03-05 00:28:12 [..] CmdChargen.func() called with args: 
2026-03-05 00:28:14 [..] CmdChargen.func() called with args: edgerunner solo Soma
2026-03-05 00:28:14 [..] Parsed args - method: edgerunner, role: Solo, full_name: Soma
2026-03-05 00:28:14 [..] Chargen command called with method: edgerunner, role: Solo, full_name: Soma
2026-03-05 00:28:14 [..] Creating character with method: edgerunner, role: Solo, full_name: Soma
2026-03-05 00:28:14 [..] Created new character sheet with ID 22
2026-03-05 00:28:14 [EE] Error in create_character: type object 'EdgerunnerChargen' has no attribute 'get_skills_for_role'
2026-03-05 00:28:14 [EE] Traceback: Traceback (most recent call last):
2026-03-05 00:28:14 [EE]   File "/opt/nightcity/game/commands/chargen.py", line 207, in create_character
2026-03-05 00:28:14 [EE]     result = self.edgerunner_chargen(char, sheet, role)
2026-03-05 00:28:14 [EE]              ^^^^^^^^^^^^^^^^^^^^^^^^^^^^^^^^^^^^^^^^^^
2026-03-05 00:28:14 [EE]   File "/opt/nightcity/game/commands/chargen.py", line 247, in edgerunner_chargen
2026-03-05 00:28:14 [EE]     skills = EdgerunnerChargen.get_skills_for_role(role)
2026-03-05 00:28:14 [EE]              ^^^^^^^^^^^^^^^^^^^^^^^^^^^^^^^^^^^^^
2026-03-05 00:28:14 [EE] AttributeError: type object 'EdgerunnerChargen' has no attribute 'get_skills_for_role'
2026-03-05 00:28:24 [..] CmdChargen.func() called with args: complete Soma
2026-03-05 00:28:29 [..] CmdChargen.func() called with args: complete Solo Soma
2026-03-05 00:28:29 [..] Parsed args - method: complete, role: Solo, full_name: Soma
2026-03-05 00:28:36 [..] CmdChargen.func() called with args: complete_package Solo Soma
2026-03-05 00:28:36 [..] Parsed args - method: complete_package, role: Solo, full_name: Soma
2026-03-05 00:28:36 [..] Chargen command called with method: complete_package, role: Solo, full_name: Soma
2026-03-05 00:28:36 [..] Waiting for user confirmation.
2026-03-05 00:28:39 [..] CmdChargen.func() called with args: 
2026-03-05 00:28:41 [..] CmdChargen.func() called with args: complete_package Solo Soma
2026-03-05 00:28:41 [..] Parsed args - method: complete_package, role: Solo, full_name: Soma
2026-03-05 00:28:41 [..] Chargen command called with method: complete_package, role: Solo, full_name: Soma
2026-03-05 00:28:41 [..] Creating character with method: complete_package, role: Solo, full_name: Soma
2026-03-05 00:28:41 [..] Created new character sheet with ID 23
2026-03-05 00:28:41 [..] Adding language: Streetslang, level: 4
2026-03-05 00:28:41 [..] Added language Streetslang at level 4
2026-03-05 00:28:41 [..] Adding language: Streetslang, level: 4
2026-03-05 00:28:41 [..] Added language Streetslang at level 4
2026-03-05 00:28:51 [..] Starting calculate_humanity_loss in CharacterSheet
2026-03-05 00:28:51 [..] Total cyberware humanity loss: 0
2026-03-05 00:28:51 [..] New calculated humanity: 10
2026-03-05 00:28:51 [..] About to recalculate derived stats
2026-03-05 00:28:51 [..] Derived stats recalculated
2026-03-05 00:28:51 [..] CharacterSheet saved
2026-03-05 00:32:07 [..] Server disconnected from the portal.
2026-03-05 00:32:07 [..] Main loop terminated.
2026-03-05 00:32:07 [..] Server Shut Down.
2026-03-05 00:32:11 [..] Loaded.
2026-03-05 00:32:08 [..] Loading /opt/nightcity/venv/lib/python3.12/site-packages/evennia/server/server.py...
2026-03-05 00:32:11 [..] Loaded.
2026-03-05 00:32:11 [..] twistd 24.11.0 (/opt/nightcity/venv/bin/python3 3.12.3) starting up.
2026-03-05 00:32:11 [..] reactor class: twisted.internet.epollreactor.EPollReactor.
2026-03-05 00:32:11 [..] Webserver starting on 4002
2026-03-05 00:32:11 [..] Server successfully reloaded.
2026-03-05 00:32:21 [..] CmdChargen.func() called with args: 
2026-03-05 00:32:25 [..] CmdChargen.func() called with args: edgerunner solo Soma
2026-03-05 00:32:25 [..] Parsed args - method: edgerunner, role: Solo, full_name: Soma
2026-03-05 00:32:25 [..] Chargen command called with method: edgerunner, role: Solo, full_name: Soma
2026-03-05 00:32:25 [..] Creating character with method: edgerunner, role: Solo, full_name: Soma
2026-03-05 00:32:25 [..] Created new character sheet with ID 24
2026-03-05 00:32:25 [..] Starting calculate_humanity_loss in CharacterSheet
2026-03-05 00:32:25 [..] Total cyberware humanity loss: 21
2026-03-05 00:32:25 [..] New calculated humanity: 39
2026-03-05 00:32:25 [..] About to recalculate derived stats
2026-03-05 00:32:25 [..] Derived stats recalculated
2026-03-05 00:32:25 [..] CharacterSheet saved
2026-03-05 00:32:25 [..] Adding language: Streetslang, level: 4
2026-03-05 00:32:25 [..] Added language Streetslang at level 4
2026-03-05 00:33:00 [..] CmdChargen.func() called with args: edgerunner Tech Nick Nack
2026-03-05 00:33:00 [..] Parsed args - method: edgerunner, role: Tech, full_name: Nick Nack
2026-03-05 00:33:00 [..] Chargen command called with method: edgerunner, role: Tech, full_name: Nick Nack
2026-03-05 00:33:00 [..] Waiting for user confirmation.
2026-03-05 00:33:05 [..] CmdChargen.func() called with args: yes
2026-03-05 00:33:05 [..] User confirmed. Proceeding with character creation.
2026-03-05 00:33:05 [..] Creating character with method: edgerunner, role: Tech, full_name: Nick Nack
2026-03-05 00:33:05 [..] Using existing character sheet with ID 17
2026-03-05 00:33:05 [..] Starting calculate_humanity_loss in CharacterSheet
2026-03-05 00:33:05 [..] Total cyberware humanity loss: 19
2026-03-05 00:33:05 [..] New calculated humanity: 51
2026-03-05 00:33:05 [..] About to recalculate derived stats
2026-03-05 00:33:05 [..] Derived stats recalculated
2026-03-05 00:33:05 [..] CharacterSheet saved
2026-03-05 00:33:05 [..] Adding language: Streetslang, level: 4
2026-03-05 00:33:05 [..] Added language Streetslang at level 4
2026-03-05 00:33:08 [..] CmdChargen.func() called with args: 
2026-03-05 00:33:15 [..] CmdChargen.func() called with args: edgerunner tech Soma
2026-03-05 00:33:15 [..] Parsed args - method: edgerunner, role: Tech, full_name: Soma
2026-03-05 00:33:15 [..] Chargen command called with method: edgerunner, role: Tech, full_name: Soma
2026-03-05 00:33:15 [..] Creating character with method: edgerunner, role: Tech, full_name: Soma
2026-03-05 00:33:15 [..] Created new character sheet with ID 25
2026-03-05 00:33:15 [..] Starting calculate_humanity_loss in CharacterSheet
2026-03-05 00:33:15 [..] Total cyberware humanity loss: 12
2026-03-05 00:33:15 [..] New calculated humanity: 18
2026-03-05 00:33:15 [..] About to recalculate derived stats
2026-03-05 00:33:15 [..] Derived stats recalculated
2026-03-05 00:33:15 [..] CharacterSheet saved
2026-03-05 00:33:15 [..] Adding language: Streetslang, level: 4
2026-03-05 00:33:15 [..] Added language Streetslang at level 4
2026-03-05 00:33:45 [..] CmdChargen.func() called with args: 
2026-03-05 00:37:06 [..] Starting calculate_humanity_loss in CharacterSheet
2026-03-05 00:37:06 [..] Total cyberware humanity loss: 12
2026-03-05 00:37:06 [..] New calculated humanity: 18
2026-03-05 00:37:06 [..] About to recalculate derived stats
2026-03-05 00:37:06 [..] Derived stats recalculated
2026-03-05 00:37:06 [..] CharacterSheet saved
2026-03-05 00:37:07 [..] Starting calculate_humanity_loss in CharacterSheet
2026-03-05 00:37:07 [..] Total cyberware humanity loss: 19
2026-03-05 00:37:07 [..] New calculated humanity: 51
2026-03-05 00:37:07 [..] About to recalculate derived stats
2026-03-05 00:37:07 [..] Derived stats recalculated
2026-03-05 00:37:07 [..] CharacterSheet saved
2026-03-05 00:40:35 [..] Server disconnected from the portal.
2026-03-05 00:40:35 [..] Main loop terminated.
2026-03-05 00:40:35 [..] Server Shut Down.
2026-03-05 00:40:40 [..] Loaded.
2026-03-05 00:40:36 [..] Loading /opt/nightcity/venv/lib/python3.12/site-packages/evennia/server/server.py...
2026-03-05 00:40:40 [..] Loaded.
2026-03-05 00:40:40 [..] twistd 24.11.0 (/opt/nightcity/venv/bin/python3 3.12.3) starting up.
2026-03-05 00:40:40 [..] reactor class: twisted.internet.epollreactor.EPollReactor.
2026-03-05 00:40:40 [..] Webserver starting on 4002
2026-03-05 00:40:40 [..] Server successfully reloaded.
2026-03-05 00:55:47 [WW] ip_from_request: No valid IP address found in request. Using remote_addr.
2026-03-05 01:05:06 [..] Logged out: Soma(account 4) 172.56.213.12 (0 sessions(s) remaining) (quit)
2026-03-05 01:06:08 [..] Starting calculate_humanity_loss in CharacterSheet
2026-03-05 01:06:08 [..] Total cyberware humanity loss: 19
2026-03-05 01:06:08 [..] New calculated humanity: 51
2026-03-05 01:06:08 [..] About to recalculate derived stats
2026-03-05 01:06:08 [..] Derived stats recalculated
2026-03-05 01:06:08 [..] CharacterSheet saved
2026-03-05 01:13:52 [WW] ip_from_request: No valid IP address found in request. Using remote_addr.
2026-03-05 01:14:56 [..] Starting calculate_humanity_loss in CharacterSheet
2026-03-05 01:14:56 [..] Total cyberware humanity loss: 19
2026-03-05 01:14:56 [..] New calculated humanity: 51
2026-03-05 01:14:56 [..] About to recalculate derived stats
2026-03-05 01:14:56 [..] Derived stats recalculated
2026-03-05 01:14:56 [..] CharacterSheet saved
2026-03-05 01:27:55 [..] Starting calculate_humanity_loss in CharacterSheet
2026-03-05 01:27:55 [..] Total cyberware humanity loss: 19
2026-03-05 01:27:55 [..] New calculated humanity: 51
2026-03-05 01:27:55 [..] About to recalculate derived stats
2026-03-05 01:27:55 [..] Derived stats recalculated
2026-03-05 01:27:55 [..] CharacterSheet saved
2026-03-05 01:28:01 [..] CmdChargen.func() called with args: 
2026-03-05 01:28:11 [..] CmdChargen.func() called with args: 
2026-03-05 01:28:21 [..] CmdChargen.func() called with args: edgerunner tech Nick Nack
2026-03-05 01:28:21 [..] Parsed args - method: edgerunner, role: Tech, full_name: Nick Nack
2026-03-05 01:28:21 [..] Chargen command called with method: edgerunner, role: Tech, full_name: Nick Nack
2026-03-05 01:28:21 [..] Creating character with method: edgerunner, role: Tech, full_name: Nick Nack
2026-03-05 01:28:21 [..] Created new character sheet with ID 26
2026-03-05 01:28:21 [..] Starting calculate_humanity_loss in CharacterSheet
2026-03-05 01:28:21 [..] Total cyberware humanity loss: 12
2026-03-05 01:28:21 [..] New calculated humanity: 58
2026-03-05 01:28:21 [..] About to recalculate derived stats
2026-03-05 01:28:21 [..] Derived stats recalculated
2026-03-05 01:28:21 [..] CharacterSheet saved
2026-03-05 01:28:21 [..] Adding language: Streetslang, level: 4
2026-03-05 01:28:21 [..] Added language Streetslang at level 4
2026-03-05 01:28:28 [..] Starting calculate_humanity_loss in CharacterSheet
2026-03-05 01:28:28 [..] Total cyberware humanity loss: 12
2026-03-05 01:28:28 [..] New calculated humanity: 58
2026-03-05 01:28:28 [..] About to recalculate derived stats
2026-03-05 01:28:28 [..] Derived stats recalculated
2026-03-05 01:28:28 [..] CharacterSheet saved
2026-03-05 01:28:47 [..] CmdChargen.func() called with args: 
2026-03-05 01:31:25 [..] CmdChargen.func() called with args: complete_package Tech Nick Nack
2026-03-05 01:31:25 [..] Parsed args - method: complete_package, role: Tech, full_name: Nick Nack
2026-03-05 01:31:25 [..] Chargen command called with method: complete_package, role: Tech, full_name: Nick Nack
2026-03-05 01:31:25 [..] Creating character with method: complete_package, role: Tech, full_name: Nick Nack
2026-03-05 01:31:25 [..] Created new character sheet with ID 27
2026-03-05 01:31:25 [..] Adding language: Streetslang, level: 4
2026-03-05 01:31:25 [..] Added language Streetslang at level 4
2026-03-05 01:31:25 [..] Adding language: Streetslang, level: 4
2026-03-05 01:31:25 [..] Added language Streetslang at level 4
2026-03-05 01:31:42 [..] CmdChargen.func() called with args: 
2026-03-05 05:04:20 [..] CmdChargen.func() called with args: 
2026-03-05 05:04:27 [..] CmdChargen.func() called with args: edgerunner tech Nick Nack
2026-03-05 05:04:27 [..] Parsed args - method: edgerunner, role: Tech, full_name: Nick Nack
2026-03-05 05:04:27 [..] Chargen command called with method: edgerunner, role: Tech, full_name: Nick Nack
2026-03-05 05:04:27 [..] Creating character with method: edgerunner, role: Tech, full_name: Nick Nack
2026-03-05 05:04:27 [..] Created new character sheet with ID 28
2026-03-05 05:04:27 [..] Starting calculate_humanity_loss in CharacterSheet
2026-03-05 05:04:27 [..] Total cyberware humanity loss: 12
2026-03-05 05:04:27 [..] New calculated humanity: 48
2026-03-05 05:04:27 [..] About to recalculate derived stats
2026-03-05 05:04:27 [..] Derived stats recalculated
2026-03-05 05:04:27 [..] CharacterSheet saved
2026-03-05 05:04:27 [..] Adding language: Streetslang, level: 4
2026-03-05 05:04:27 [..] Added language Streetslang at level 4
2026-03-05 05:04:33 [..] Starting calculate_humanity_loss in CharacterSheet
2026-03-05 05:04:33 [..] Total cyberware humanity loss: 12
2026-03-05 05:04:33 [..] New calculated humanity: 48
2026-03-05 05:04:33 [..] About to recalculate derived stats
2026-03-05 05:04:33 [..] Derived stats recalculated
2026-03-05 05:04:33 [..] CharacterSheet saved
2026-03-05 10:38:05 [WW] ip_from_request: No valid IP address found in request. Using remote_addr.
2026-03-05 10:38:05 [WW] ip_from_request: No valid IP address found in request. Using remote_addr.
2026-03-05 10:38:05 [WW] ip_from_request: No valid IP address found in request. Using remote_addr.
2026-03-05 10:38:06 [WW] ip_from_request: No valid IP address found in request. Using remote_addr.
2026-03-05 10:38:06 [WW] ip_from_request: No valid IP address found in request. Using remote_addr.
2026-03-05 10:38:07 [WW] ip_from_request: No valid IP address found in request. Using remote_addr.
2026-03-05 12:02:13 [WW] ip_from_request: No valid IP address found in request. Using remote_addr.
2026-03-05 15:00:21 [SS] Authentication Success: Mnemosyne(account 2) (IP: 24.43.130.218).
2026-03-05 15:00:21 [..] Logged in: Mnemosyne(account 2) 24.43.130.218 (2 session(s) total)
2026-03-05 15:00:24 [..] at_post_puppet called for Mnemosyne
2026-03-05 15:00:24 [..] About to call display_login_notifications for Mnemosyne
2026-03-05 15:00:24 [..] About to display login notifications for Mnemosyne
2026-03-05 15:00:24 [..] Finished display_login_notifications for Mnemosyne
2026-03-05 15:00:24 [SS] Puppet Success: (Caller: Mnemosyne(account 2), Target: Mnemosyne, IP: 24.43.130.218).
2026-03-05 17:21:57 [WW] ip_from_request: No valid IP address found in request. Using remote_addr.
2026-03-05 20:10:10 [WW] ip_from_request: No valid IP address found in request. Using remote_addr.
2026-03-06 01:17:19 [WW] ip_from_request: No valid IP address found in request. Using remote_addr.
2026-03-06 04:31:37 [WW] ip_from_request: No valid IP address found in request. Using remote_addr.
2026-03-06 06:20:09 [WW] ip_from_request: No valid IP address found in request. Using remote_addr.
2026-03-06 08:04:46 [WW] ip_from_request: No valid IP address found in request. Using remote_addr.
2026-03-06 09:35:31 [WW] ip_from_request: No valid IP address found in request. Using remote_addr.
2026-03-06 11:30:20 [WW] ip_from_request: No valid IP address found in request. Using remote_addr.
2026-03-06 15:31:17 [WW] ip_from_request: No valid IP address found in request. Using remote_addr.
2026-03-06 18:45:12 [WW] ip_from_request: No valid IP address found in request. Using remote_addr.
2026-03-06 21:26:47 [WW] ip_from_request: No valid IP address found in request. Using remote_addr.
2026-03-06 22:58:25 [SS] Authentication Success: Soma(account 4) (IP: 76.105.8.183).
2026-03-06 22:58:25 [..] Logged in: Soma(account 4) 76.105.8.183 (1 session(s) total)
2026-03-06 22:58:28 [..] at_post_puppet called for Soma
2026-03-06 22:58:28 [..] Attempting to migrate character sheet data for Soma
2026-03-06 22:58:29 [..] Successfully migrated character sheet data for Soma
2026-03-06 22:58:29 [..] About to call display_login_notifications for Soma
2026-03-06 22:58:29 [..] About to display login notifications for Soma
2026-03-06 22:58:29 [..] Finished display_login_notifications for Soma
2026-03-06 22:58:29 [SS] Puppet Success: (Caller: Soma(account 4), Target: Soma, IP: 76.105.8.183).
2026-03-06 22:58:38 [..] Server disconnected from the portal.
2026-03-06 22:58:38 [..] Main loop terminated.
2026-03-06 22:58:38 [..] Server Shut Down.
2026-03-06 22:58:42 [..] Loaded.
2026-03-06 22:58:39 [..] Loading /opt/nightcity/venv/lib/python3.12/site-packages/evennia/server/server.py...
2026-03-06 22:58:42 [..] Loaded.
2026-03-06 22:58:42 [..] twistd 24.11.0 (/opt/nightcity/venv/bin/python3 3.12.3) starting up.
2026-03-06 22:58:42 [..] reactor class: twisted.internet.epollreactor.EPollReactor.
2026-03-06 22:58:42 [..] Webserver starting on 4002
2026-03-06 22:58:42 [..] Server successfully reloaded.
2026-03-06 22:58:42 [!!] Traceback (most recent call last):
2026-03-06 22:58:42 [!!]   File "/opt/nightcity/venv/lib/python3.12/site-packages/evennia/commands/cmdsethandler.py", line 181, in import_cmdset
2026-03-06 22:58:42 [!!]     module = import_module(modpath, package="evennia")
2026-03-06 22:58:42 [!!]              ^^^^^^^^^^^^^^^^^^^^^^^^^^^^^^^^^^^^^^^^^
2026-03-06 22:58:42 [!!]   File "/usr/lib/python3.12/importlib/__init__.py", line 90, in import_module
2026-03-06 22:58:42 [!!]     return _bootstrap._gcd_import(name[level:], package, level)
2026-03-06 22:58:42 [!!]            ^^^^^^^^^^^^^^^^^^^^^^^^^^^^^^^^^^^^^^^^^^^^^^^^^^^^
2026-03-06 22:58:42 [!!]   File "<frozen importlib._bootstrap>", line 1387, in _gcd_import
2026-03-06 22:58:42 [!!]   File "<frozen importlib._bootstrap>", line 1360, in _find_and_load
2026-03-06 22:58:42 [!!]   File "<frozen importlib._bootstrap>", line 1331, in _find_and_load_unlocked
2026-03-06 22:58:42 [!!]   File "<frozen importlib._bootstrap>", line 935, in _load_unlocked
2026-03-06 22:58:42 [!!]   File "<frozen importlib._bootstrap_external>", line 991, in exec_module
2026-03-06 22:58:42 [!!]   File "<frozen importlib._bootstrap_external>", line 1129, in get_code
2026-03-06 22:58:42 [!!]   File "<frozen importlib._bootstrap_external>", line 1059, in source_to_code
2026-03-06 22:58:42 [!!]   File "<frozen importlib._bootstrap>", line 488, in _call_with_frames_removed
2026-03-06 22:58:42 [!!]   File "/opt/nightcity/game/commands/default_cmdsets.py", line 186
2026-03-06 22:58:42 [!!]     Populates the cmdset
2026-03-06 22:58:42 [!!]               ^^^
2026-03-06 22:58:42 [!!] SyntaxError: invalid syntax
2026-03-06 22:58:42 [EE] Traceback (most recent call last):
2026-03-06 22:58:42 [EE]   File "/opt/nightcity/venv/lib/python3.12/site-packages/evennia/commands/cmdsethandler.py", line 181, in import_cmdset
2026-03-06 22:58:42 [EE]     module = import_module(modpath, package="evennia")
2026-03-06 22:58:42 [EE]              ^^^^^^^^^^^^^^^^^^^^^^^^^^^^^^^^^^^^^^^^^
2026-03-06 22:58:42 [EE]   File "/usr/lib/python3.12/importlib/__init__.py", line 90, in import_module
2026-03-06 22:58:42 [EE]     return _bootstrap._gcd_import(name[level:], package, level)
2026-03-06 22:58:42 [EE]            ^^^^^^^^^^^^^^^^^^^^^^^^^^^^^^^^^^^^^^^^^^^^^^^^^^^^
2026-03-06 22:58:42 [EE]   File "<frozen importlib._bootstrap>", line 1387, in _gcd_import
2026-03-06 22:58:42 [EE]   File "<frozen importlib._bootstrap>", line 1360, in _find_and_load
2026-03-06 22:58:42 [EE]   File "<frozen importlib._bootstrap>", line 1331, in _find_and_load_unlocked
2026-03-06 22:58:42 [EE]   File "<frozen importlib._bootstrap>", line 935, in _load_unlocked
2026-03-06 22:58:42 [EE]   File "<frozen importlib._bootstrap_external>", line 991, in exec_module
2026-03-06 22:58:42 [EE]   File "<frozen importlib._bootstrap_external>", line 1129, in get_code
2026-03-06 22:58:42 [EE]   File "<frozen importlib._bootstrap_external>", line 1059, in source_to_code
2026-03-06 22:58:42 [EE]   File "<frozen importlib._bootstrap>", line 488, in _call_with_frames_removed
2026-03-06 22:58:42 [EE]   File "/opt/nightcity/game/commands/default_cmdsets.py", line 186
2026-03-06 22:58:42 [EE]     Populates the cmdset
2026-03-06 22:58:42 [EE]               ^^^
2026-03-06 22:58:42 [EE] SyntaxError: invalid syntax
None2026-03-06 22:58:42 [EE] SyntaxError encountered when loading cmdset 'commands.default_cmdsets.SessionCmdSet'.
2026-03-06 22:58:42 [EE] (Traceback was logged 26-03-06 22:58:42)
None2026-03-06 22:58:42 [EE] Error encountered for cmdset at path 'commands.default_cmdsets.SessionCmdSet'.
2026-03-06 22:58:42 [EE] Replacing with fallback 'evennia.commands.default.cmdset_session.SessionCmdSet'.
2026-03-06 22:58:42 [!!] Traceback (most recent call last):
2026-03-06 22:58:42 [!!]   File "/opt/nightcity/venv/lib/python3.12/site-packages/evennia/typeclasses/models.py", line 288, in set_class_from_typeclass
2026-03-06 22:58:42 [!!]     self.__class__ = class_from_module(self.db_typeclass_path)
2026-03-06 22:58:42 [!!]                      ^^^^^^^^^^^^^^^^^^^^^^^^^^^^^^^^^^^^^^^^^
2026-03-06 22:58:42 [!!]   File "/opt/nightcity/venv/lib/python3.12/site-packages/evennia/utils/utils.py", line 1655, in class_from_module
2026-03-06 22:58:42 [!!]     mod = importlib.import_module(testpath, package="evennia")
2026-03-06 22:58:42 [!!]           ^^^^^^^^^^^^^^^^^^^^^^^^^^^^^^^^^^^^^^^^^^^^^^^^^^^^
2026-03-06 22:58:42 [!!]   File "/usr/lib/python3.12/importlib/__init__.py", line 90, in import_module
2026-03-06 22:58:42 [!!]     return _bootstrap._gcd_import(name[level:], package, level)
2026-03-06 22:58:42 [!!]            ^^^^^^^^^^^^^^^^^^^^^^^^^^^^^^^^^^^^^^^^^^^^^^^^^^^^
2026-03-06 22:58:42 [!!]   File "<frozen importlib._bootstrap>", line 1387, in _gcd_import
2026-03-06 22:58:42 [!!]   File "<frozen importlib._bootstrap>", line 1360, in _find_and_load
2026-03-06 22:58:42 [!!]   File "<frozen importlib._bootstrap>", line 1331, in _find_and_load_unlocked
2026-03-06 22:58:42 [!!]   File "<frozen importlib._bootstrap>", line 935, in _load_unlocked
2026-03-06 22:58:42 [!!]   File "<frozen importlib._bootstrap_external>", line 995, in exec_module
2026-03-06 22:58:42 [!!]   File "<frozen importlib._bootstrap>", line 488, in _call_with_frames_removed
2026-03-06 22:58:42 [!!]   File "/opt/nightcity/game/typeclasses/characters.py", line 12, in <module>
2026-03-06 22:58:42 [!!]     from world.languages.models import CharacterLanguage, Language
2026-03-06 22:58:42 [!!] ImportError: cannot import name 'CharacterLanguage' from 'world.languages.models' (/opt/nightcity/game/world/languages/models.py)
2026-03-06 22:58:42 [!!] Traceback (most recent call last):
2026-03-06 22:58:42 [!!]   File "/opt/nightcity/venv/lib/python3.12/site-packages/evennia/commands/cmdsethandler.py", line 181, in import_cmdset
2026-03-06 22:58:42 [!!]     module = import_module(modpath, package="evennia")
2026-03-06 22:58:42 [!!]              ^^^^^^^^^^^^^^^^^^^^^^^^^^^^^^^^^^^^^^^^^
2026-03-06 22:58:42 [!!]   File "/usr/lib/python3.12/importlib/__init__.py", line 90, in import_module
2026-03-06 22:58:42 [!!]     return _bootstrap._gcd_import(name[level:], package, level)
2026-03-06 22:58:42 [!!]            ^^^^^^^^^^^^^^^^^^^^^^^^^^^^^^^^^^^^^^^^^^^^^^^^^^^^
2026-03-06 22:58:42 [!!]   File "<frozen importlib._bootstrap>", line 1387, in _gcd_import
2026-03-06 22:58:42 [!!]   File "<frozen importlib._bootstrap>", line 1360, in _find_and_load
2026-03-06 22:58:42 [!!]   File "<frozen importlib._bootstrap>", line 1331, in _find_and_load_unlocked
2026-03-06 22:58:42 [!!]   File "<frozen importlib._bootstrap>", line 935, in _load_unlocked
2026-03-06 22:58:42 [!!]   File "<frozen importlib._bootstrap_external>", line 991, in exec_module
2026-03-06 22:58:42 [!!]   File "<frozen importlib._bootstrap_external>", line 1129, in get_code
2026-03-06 22:58:42 [!!]   File "<frozen importlib._bootstrap_external>", line 1059, in source_to_code
2026-03-06 22:58:42 [!!]   File "<frozen importlib._bootstrap>", line 488, in _call_with_frames_removed
2026-03-06 22:58:42 [!!]   File "/opt/nightcity/game/commands/default_cmdsets.py", line 186
2026-03-06 22:58:42 [!!]     Populates the cmdset
2026-03-06 22:58:42 [!!]               ^^^
2026-03-06 22:58:42 [!!] SyntaxError: invalid syntax
2026-03-06 22:58:42 [EE] Traceback (most recent call last):
2026-03-06 22:58:42 [EE]   File "/opt/nightcity/venv/lib/python3.12/site-packages/evennia/commands/cmdsethandler.py", line 181, in import_cmdset
2026-03-06 22:58:42 [EE]     module = import_module(modpath, package="evennia")
2026-03-06 22:58:42 [EE]              ^^^^^^^^^^^^^^^^^^^^^^^^^^^^^^^^^^^^^^^^^
2026-03-06 22:58:42 [EE]   File "/usr/lib/python3.12/importlib/__init__.py", line 90, in import_module
2026-03-06 22:58:42 [EE]     return _bootstrap._gcd_import(name[level:], package, level)
2026-03-06 22:58:42 [EE]            ^^^^^^^^^^^^^^^^^^^^^^^^^^^^^^^^^^^^^^^^^^^^^^^^^^^^
2026-03-06 22:58:42 [EE]   File "<frozen importlib._bootstrap>", line 1387, in _gcd_import
2026-03-06 22:58:42 [EE]   File "<frozen importlib._bootstrap>", line 1360, in _find_and_load
2026-03-06 22:58:42 [EE]   File "<frozen importlib._bootstrap>", line 1331, in _find_and_load_unlocked
2026-03-06 22:58:42 [EE]   File "<frozen importlib._bootstrap>", line 935, in _load_unlocked
2026-03-06 22:58:42 [EE]   File "<frozen importlib._bootstrap_external>", line 991, in exec_module
2026-03-06 22:58:42 [EE]   File "<frozen importlib._bootstrap_external>", line 1129, in get_code
2026-03-06 22:58:42 [EE]   File "<frozen importlib._bootstrap_external>", line 1059, in source_to_code
2026-03-06 22:58:42 [EE]   File "<frozen importlib._bootstrap>", line 488, in _call_with_frames_removed
2026-03-06 22:58:42 [EE]   File "/opt/nightcity/game/commands/default_cmdsets.py", line 186
2026-03-06 22:58:42 [EE]     Populates the cmdset
2026-03-06 22:58:42 [EE]               ^^^
2026-03-06 22:58:42 [EE] SyntaxError: invalid syntax
None2026-03-06 22:58:42 [EE] SyntaxError encountered when loading cmdset 'commands.default_cmdsets.SessionCmdSet'.
2026-03-06 22:58:42 [EE] (Traceback was logged 26-03-06 22:58:42)
None2026-03-06 22:58:42 [EE] Error encountered for cmdset at path 'commands.default_cmdsets.SessionCmdSet'.
2026-03-06 22:58:42 [EE] Replacing with fallback 'evennia.commands.default.cmdset_session.SessionCmdSet'.
2026-03-06 22:58:42 [!!] Traceback (most recent call last):
2026-03-06 22:58:42 [!!]   File "/opt/nightcity/venv/lib/python3.12/site-packages/evennia/typeclasses/models.py", line 288, in set_class_from_typeclass
2026-03-06 22:58:42 [!!]     self.__class__ = class_from_module(self.db_typeclass_path)
2026-03-06 22:58:42 [!!]                      ^^^^^^^^^^^^^^^^^^^^^^^^^^^^^^^^^^^^^^^^^
2026-03-06 22:58:42 [!!]   File "/opt/nightcity/venv/lib/python3.12/site-packages/evennia/utils/utils.py", line 1655, in class_from_module
2026-03-06 22:58:42 [!!]     mod = importlib.import_module(testpath, package="evennia")
2026-03-06 22:58:42 [!!]           ^^^^^^^^^^^^^^^^^^^^^^^^^^^^^^^^^^^^^^^^^^^^^^^^^^^^
2026-03-06 22:58:42 [!!]   File "/usr/lib/python3.12/importlib/__init__.py", line 90, in import_module
2026-03-06 22:58:42 [!!]     return _bootstrap._gcd_import(name[level:], package, level)
2026-03-06 22:58:42 [!!]            ^^^^^^^^^^^^^^^^^^^^^^^^^^^^^^^^^^^^^^^^^^^^^^^^^^^^
2026-03-06 22:58:42 [!!]   File "<frozen importlib._bootstrap>", line 1387, in _gcd_import
2026-03-06 22:58:42 [!!]   File "<frozen importlib._bootstrap>", line 1360, in _find_and_load
2026-03-06 22:58:42 [!!]   File "<frozen importlib._bootstrap>", line 1331, in _find_and_load_unlocked
2026-03-06 22:58:42 [!!]   File "<frozen importlib._bootstrap>", line 935, in _load_unlocked
2026-03-06 22:58:42 [!!]   File "<frozen importlib._bootstrap_external>", line 995, in exec_module
2026-03-06 22:58:42 [!!]   File "<frozen importlib._bootstrap>", line 488, in _call_with_frames_removed
2026-03-06 22:58:42 [!!]   File "/opt/nightcity/game/typeclasses/characters.py", line 12, in <module>
2026-03-06 22:58:42 [!!]     from world.languages.models import CharacterLanguage, Language
2026-03-06 22:58:42 [!!] ImportError: cannot import name 'CharacterLanguage' from 'world.languages.models' (/opt/nightcity/game/world/languages/models.py)
2026-03-06 22:58:42 [!!] Traceback (most recent call last):
2026-03-06 22:58:42 [!!]   File "/opt/nightcity/venv/lib/python3.12/site-packages/evennia/commands/cmdsethandler.py", line 181, in import_cmdset
2026-03-06 22:58:42 [!!]     module = import_module(modpath, package="evennia")
2026-03-06 22:58:42 [!!]              ^^^^^^^^^^^^^^^^^^^^^^^^^^^^^^^^^^^^^^^^^
2026-03-06 22:58:42 [!!]   File "/usr/lib/python3.12/importlib/__init__.py", line 90, in import_module
2026-03-06 22:58:42 [!!]     return _bootstrap._gcd_import(name[level:], package, level)
2026-03-06 22:58:42 [!!]            ^^^^^^^^^^^^^^^^^^^^^^^^^^^^^^^^^^^^^^^^^^^^^^^^^^^^
2026-03-06 22:58:42 [!!]   File "<frozen importlib._bootstrap>", line 1387, in _gcd_import
2026-03-06 22:58:42 [!!]   File "<frozen importlib._bootstrap>", line 1360, in _find_and_load
2026-03-06 22:58:42 [!!]   File "<frozen importlib._bootstrap>", line 1331, in _find_and_load_unlocked
2026-03-06 22:58:42 [!!]   File "<frozen importlib._bootstrap>", line 935, in _load_unlocked
2026-03-06 22:58:42 [!!]   File "<frozen importlib._bootstrap_external>", line 991, in exec_module
2026-03-06 22:58:42 [!!]   File "<frozen importlib._bootstrap_external>", line 1129, in get_code
2026-03-06 22:58:42 [!!]   File "<frozen importlib._bootstrap_external>", line 1059, in source_to_code
2026-03-06 22:58:42 [!!]   File "<frozen importlib._bootstrap>", line 488, in _call_with_frames_removed
2026-03-06 22:58:42 [!!]   File "/opt/nightcity/game/commands/default_cmdsets.py", line 186
2026-03-06 22:58:42 [!!]     Populates the cmdset
2026-03-06 22:58:42 [!!]               ^^^
2026-03-06 22:58:42 [!!] SyntaxError: invalid syntax
2026-03-06 22:58:42 [EE] Traceback (most recent call last):
2026-03-06 22:58:42 [EE]   File "/opt/nightcity/venv/lib/python3.12/site-packages/evennia/commands/cmdsethandler.py", line 181, in import_cmdset
2026-03-06 22:58:42 [EE]     module = import_module(modpath, package="evennia")
2026-03-06 22:58:42 [EE]              ^^^^^^^^^^^^^^^^^^^^^^^^^^^^^^^^^^^^^^^^^
2026-03-06 22:58:42 [EE]   File "/usr/lib/python3.12/importlib/__init__.py", line 90, in import_module
2026-03-06 22:58:42 [EE]     return _bootstrap._gcd_import(name[level:], package, level)
2026-03-06 22:58:42 [EE]            ^^^^^^^^^^^^^^^^^^^^^^^^^^^^^^^^^^^^^^^^^^^^^^^^^^^^
2026-03-06 22:58:42 [EE]   File "<frozen importlib._bootstrap>", line 1387, in _gcd_import
2026-03-06 22:58:42 [EE]   File "<frozen importlib._bootstrap>", line 1360, in _find_and_load
2026-03-06 22:58:42 [EE]   File "<frozen importlib._bootstrap>", line 1331, in _find_and_load_unlocked
2026-03-06 22:58:42 [EE]   File "<frozen importlib._bootstrap>", line 935, in _load_unlocked
2026-03-06 22:58:42 [EE]   File "<frozen importlib._bootstrap_external>", line 991, in exec_module
2026-03-06 22:58:42 [EE]   File "<frozen importlib._bootstrap_external>", line 1129, in get_code
2026-03-06 22:58:42 [EE]   File "<frozen importlib._bootstrap_external>", line 1059, in source_to_code
2026-03-06 22:58:42 [EE]   File "<frozen importlib._bootstrap>", line 488, in _call_with_frames_removed
2026-03-06 22:58:42 [EE]   File "/opt/nightcity/game/commands/default_cmdsets.py", line 186
2026-03-06 22:58:42 [EE]     Populates the cmdset
2026-03-06 22:58:42 [EE]               ^^^
2026-03-06 22:58:42 [EE] SyntaxError: invalid syntax
None2026-03-06 22:58:42 [EE] SyntaxError encountered when loading cmdset 'commands.default_cmdsets.SessionCmdSet'.
2026-03-06 22:58:42 [EE] (Traceback was logged 26-03-06 22:58:42)
None2026-03-06 22:58:42 [EE] Error encountered for cmdset at path 'commands.default_cmdsets.SessionCmdSet'.
2026-03-06 22:58:42 [EE] Replacing with fallback 'evennia.commands.default.cmdset_session.SessionCmdSet'.
2026-03-06 22:58:42 [!!] Traceback (most recent call last):
2026-03-06 22:58:42 [!!]   File "/opt/nightcity/venv/lib/python3.12/site-packages/evennia/commands/cmdsethandler.py", line 181, in import_cmdset
2026-03-06 22:58:42 [!!]     module = import_module(modpath, package="evennia")
2026-03-06 22:58:42 [!!]              ^^^^^^^^^^^^^^^^^^^^^^^^^^^^^^^^^^^^^^^^^
2026-03-06 22:58:42 [!!]   File "/usr/lib/python3.12/importlib/__init__.py", line 90, in import_module
2026-03-06 22:58:42 [!!]     return _bootstrap._gcd_import(name[level:], package, level)
2026-03-06 22:58:42 [!!]            ^^^^^^^^^^^^^^^^^^^^^^^^^^^^^^^^^^^^^^^^^^^^^^^^^^^^
2026-03-06 22:58:42 [!!]   File "<frozen importlib._bootstrap>", line 1387, in _gcd_import
2026-03-06 22:58:42 [!!]   File "<frozen importlib._bootstrap>", line 1360, in _find_and_load
2026-03-06 22:58:42 [!!]   File "<frozen importlib._bootstrap>", line 1331, in _find_and_load_unlocked
2026-03-06 22:58:42 [!!]   File "<frozen importlib._bootstrap>", line 935, in _load_unlocked
2026-03-06 22:58:42 [!!]   File "<frozen importlib._bootstrap_external>", line 991, in exec_module
2026-03-06 22:58:42 [!!]   File "<frozen importlib._bootstrap_external>", line 1129, in get_code
2026-03-06 22:58:42 [!!]   File "<frozen importlib._bootstrap_external>", line 1059, in source_to_code
2026-03-06 22:58:42 [!!]   File "<frozen importlib._bootstrap>", line 488, in _call_with_frames_removed
2026-03-06 22:58:42 [!!]   File "/opt/nightcity/game/commands/default_cmdsets.py", line 186
2026-03-06 22:58:42 [!!]     Populates the cmdset
2026-03-06 22:58:42 [!!]               ^^^
2026-03-06 22:58:42 [!!] SyntaxError: invalid syntax
2026-03-06 22:58:42 [EE] Traceback (most recent call last):
2026-03-06 22:58:42 [EE]   File "/opt/nightcity/venv/lib/python3.12/site-packages/evennia/commands/cmdsethandler.py", line 181, in import_cmdset
2026-03-06 22:58:42 [EE]     module = import_module(modpath, package="evennia")
2026-03-06 22:58:42 [EE]              ^^^^^^^^^^^^^^^^^^^^^^^^^^^^^^^^^^^^^^^^^
2026-03-06 22:58:42 [EE]   File "/usr/lib/python3.12/importlib/__init__.py", line 90, in import_module
2026-03-06 22:58:42 [EE]     return _bootstrap._gcd_import(name[level:], package, level)
2026-03-06 22:58:42 [EE]            ^^^^^^^^^^^^^^^^^^^^^^^^^^^^^^^^^^^^^^^^^^^^^^^^^^^^
2026-03-06 22:58:42 [EE]   File "<frozen importlib._bootstrap>", line 1387, in _gcd_import
2026-03-06 22:58:42 [EE]   File "<frozen importlib._bootstrap>", line 1360, in _find_and_load
2026-03-06 22:58:42 [EE]   File "<frozen importlib._bootstrap>", line 1331, in _find_and_load_unlocked
2026-03-06 22:58:42 [EE]   File "<frozen importlib._bootstrap>", line 935, in _load_unlocked
2026-03-06 22:58:42 [EE]   File "<frozen importlib._bootstrap_external>", line 991, in exec_module
2026-03-06 22:58:42 [EE]   File "<frozen importlib._bootstrap_external>", line 1129, in get_code
2026-03-06 22:58:42 [EE]   File "<frozen importlib._bootstrap_external>", line 1059, in source_to_code
2026-03-06 22:58:42 [EE]   File "<frozen importlib._bootstrap>", line 488, in _call_with_frames_removed
2026-03-06 22:58:42 [EE]   File "/opt/nightcity/game/commands/default_cmdsets.py", line 186
2026-03-06 22:58:42 [EE]     Populates the cmdset
2026-03-06 22:58:42 [EE]               ^^^
2026-03-06 22:58:42 [EE] SyntaxError: invalid syntax
None2026-03-06 22:58:42 [EE] SyntaxError encountered when loading cmdset 'commands.default_cmdsets.SessionCmdSet'.
2026-03-06 22:58:42 [EE] (Traceback was logged 26-03-06 22:58:42)
None2026-03-06 22:58:42 [EE] Error encountered for cmdset at path 'commands.default_cmdsets.SessionCmdSet'.
2026-03-06 22:58:42 [EE] Replacing with fallback 'evennia.commands.default.cmdset_session.SessionCmdSet'.
2026-03-06 22:58:42 [!!] Traceback (most recent call last):
2026-03-06 22:58:42 [!!]   File "/opt/nightcity/venv/lib/python3.12/site-packages/evennia/typeclasses/models.py", line 288, in set_class_from_typeclass
2026-03-06 22:58:42 [!!]     self.__class__ = class_from_module(self.db_typeclass_path)
2026-03-06 22:58:42 [!!]                      ^^^^^^^^^^^^^^^^^^^^^^^^^^^^^^^^^^^^^^^^^
2026-03-06 22:58:42 [!!]   File "/opt/nightcity/venv/lib/python3.12/site-packages/evennia/utils/utils.py", line 1655, in class_from_module
2026-03-06 22:58:42 [!!]     mod = importlib.import_module(testpath, package="evennia")
2026-03-06 22:58:42 [!!]           ^^^^^^^^^^^^^^^^^^^^^^^^^^^^^^^^^^^^^^^^^^^^^^^^^^^^
2026-03-06 22:58:42 [!!]   File "/usr/lib/python3.12/importlib/__init__.py", line 90, in import_module
2026-03-06 22:58:42 [!!]     return _bootstrap._gcd_import(name[level:], package, level)
2026-03-06 22:58:42 [!!]            ^^^^^^^^^^^^^^^^^^^^^^^^^^^^^^^^^^^^^^^^^^^^^^^^^^^^
2026-03-06 22:58:42 [!!]   File "<frozen importlib._bootstrap>", line 1387, in _gcd_import
2026-03-06 22:58:42 [!!]   File "<frozen importlib._bootstrap>", line 1360, in _find_and_load
2026-03-06 22:58:42 [!!]   File "<frozen importlib._bootstrap>", line 1331, in _find_and_load_unlocked
2026-03-06 22:58:42 [!!]   File "<frozen importlib._bootstrap>", line 935, in _load_unlocked
2026-03-06 22:58:42 [!!]   File "<frozen importlib._bootstrap_external>", line 995, in exec_module
2026-03-06 22:58:42 [!!]   File "<frozen importlib._bootstrap>", line 488, in _call_with_frames_removed
2026-03-06 22:58:42 [!!]   File "/opt/nightcity/game/typeclasses/characters.py", line 12, in <module>
2026-03-06 22:58:42 [!!]     from world.languages.models import CharacterLanguage, Language
2026-03-06 22:58:42 [!!] ImportError: cannot import name 'CharacterLanguage' from 'world.languages.models' (/opt/nightcity/game/world/languages/models.py)
2026-03-06 22:59:51 [..] Server disconnected from the portal.
2026-03-06 22:59:51 [..] Main loop terminated.
2026-03-06 22:59:51 [..] Server Shut Down.
2026-03-06 22:59:54 [..] Loaded.
2026-03-06 22:59:51 [..] Loading /opt/nightcity/venv/lib/python3.12/site-packages/evennia/server/server.py...
2026-03-06 22:59:54 [..] Loaded.
2026-03-06 22:59:54 [..] twistd 24.11.0 (/opt/nightcity/venv/bin/python3 3.12.3) starting up.
2026-03-06 22:59:54 [..] reactor class: twisted.internet.epollreactor.EPollReactor.
2026-03-06 22:59:54 [..] Webserver starting on 4002
2026-03-06 22:59:54 [..] Server successfully reloaded.
2026-03-06 22:59:55 [!!] Traceback (most recent call last):
2026-03-06 22:59:55 [!!]   File "/opt/nightcity/venv/lib/python3.12/site-packages/evennia/commands/cmdsethandler.py", line 186, in import_cmdset
2026-03-06 22:59:55 [!!]     raise exc.with_traceback(tb)
2026-03-06 22:59:55 [!!]   File "/opt/nightcity/venv/lib/python3.12/site-packages/evennia/commands/cmdsethandler.py", line 181, in import_cmdset
2026-03-06 22:59:55 [!!]     module = import_module(modpath, package="evennia")
2026-03-06 22:59:55 [!!]              ^^^^^^^^^^^^^^^^^^^^^^^^^^^^^^^^^^^^^^^^^
2026-03-06 22:59:55 [!!]   File "/usr/lib/python3.12/importlib/__init__.py", line 90, in import_module
2026-03-06 22:59:55 [!!]     return _bootstrap._gcd_import(name[level:], package, level)
2026-03-06 22:59:55 [!!]            ^^^^^^^^^^^^^^^^^^^^^^^^^^^^^^^^^^^^^^^^^^^^^^^^^^^^
2026-03-06 22:59:55 [!!]   File "<frozen importlib._bootstrap>", line 1387, in _gcd_import
2026-03-06 22:59:55 [!!]   File "<frozen importlib._bootstrap>", line 1360, in _find_and_load
2026-03-06 22:59:55 [!!]   File "<frozen importlib._bootstrap>", line 1331, in _find_and_load_unlocked
2026-03-06 22:59:55 [!!]   File "<frozen importlib._bootstrap>", line 935, in _load_unlocked
2026-03-06 22:59:55 [!!]   File "<frozen importlib._bootstrap_external>", line 995, in exec_module
2026-03-06 22:59:55 [!!]   File "<frozen importlib._bootstrap>", line 488, in _call_with_frames_removed
2026-03-06 22:59:55 [!!]   File "/opt/nightcity/game/commands/default_cmdsets.py", line 21, in <module>
2026-03-06 22:59:55 [!!]     from .admin_commands import CmdStat, CmdHeal, CmdApprove, CmdUnapprove, CmdSpawnRipperdoc, CmdGradientName, CmdClearAllStates, CmdClearRental, CmdCleanupDuplicates, CmdExamine, CmdAssociateAllCharacterSheets, CmdViewCharacterSheetID, CmdSetCharacterSheetID, CmdAllSheets, CmdViewSheetAttributes, CmdSyncLanguages, CmdJoin, CmdSummon
2026-03-06 22:59:55 [!!]   File "/opt/nightcity/game/commands/admin_commands.py", line 641, in <module>
2026-03-06 22:59:55 [!!]     from typeclasses.characters import Character
2026-03-06 22:59:55 [!!]   File "/opt/nightcity/game/typeclasses/characters.py", line 12, in <module>
2026-03-06 22:59:55 [!!]     from world.languages.models import CharacterLanguage, Language
2026-03-06 22:59:55 [!!] ImportError: cannot import name 'CharacterLanguage' from 'world.languages.models' (/opt/nightcity/game/world/languages/models.py)
2026-03-06 22:59:55 [EE] Traceback (most recent call last):
2026-03-06 22:59:55 [EE]   File "/opt/nightcity/venv/lib/python3.12/site-packages/evennia/commands/cmdsethandler.py", line 186, in import_cmdset
2026-03-06 22:59:55 [EE]     raise exc.with_traceback(tb)
2026-03-06 22:59:55 [EE]   File "/opt/nightcity/venv/lib/python3.12/site-packages/evennia/commands/cmdsethandler.py", line 181, in import_cmdset
2026-03-06 22:59:55 [EE]     module = import_module(modpath, package="evennia")
2026-03-06 22:59:55 [EE]              ^^^^^^^^^^^^^^^^^^^^^^^^^^^^^^^^^^^^^^^^^
2026-03-06 22:59:55 [EE]   File "/usr/lib/python3.12/importlib/__init__.py", line 90, in import_module
2026-03-06 22:59:55 [EE]     return _bootstrap._gcd_import(name[level:], package, level)
2026-03-06 22:59:55 [EE]            ^^^^^^^^^^^^^^^^^^^^^^^^^^^^^^^^^^^^^^^^^^^^^^^^^^^^
2026-03-06 22:59:55 [EE]   File "<frozen importlib._bootstrap>", line 1387, in _gcd_import
2026-03-06 22:59:55 [EE]   File "<frozen importlib._bootstrap>", line 1360, in _find_and_load
2026-03-06 22:59:55 [EE]   File "<frozen importlib._bootstrap>", line 1331, in _find_and_load_unlocked
2026-03-06 22:59:55 [EE]   File "<frozen importlib._bootstrap>", line 935, in _load_unlocked
2026-03-06 22:59:55 [EE]   File "<frozen importlib._bootstrap_external>", line 995, in exec_module
2026-03-06 22:59:55 [EE]   File "<frozen importlib._bootstrap>", line 488, in _call_with_frames_removed
2026-03-06 22:59:55 [EE]   File "/opt/nightcity/game/commands/default_cmdsets.py", line 21, in <module>
2026-03-06 22:59:55 [EE]     from .admin_commands import CmdStat, CmdHeal, CmdApprove, CmdUnapprove, CmdSpawnRipperdoc, CmdGradientName, CmdClearAllStates, CmdClearRental, CmdCleanupDuplicates, CmdExamine, CmdAssociateAllCharacterSheets, CmdViewCharacterSheetID, CmdSetCharacterSheetID, CmdAllSheets, CmdViewSheetAttributes, CmdSyncLanguages, CmdJoin, CmdSummon
2026-03-06 22:59:55 [EE]   File "/opt/nightcity/game/commands/admin_commands.py", line 641, in <module>
2026-03-06 22:59:55 [EE]     from typeclasses.characters import Character
2026-03-06 22:59:55 [EE]   File "/opt/nightcity/game/typeclasses/characters.py", line 12, in <module>
2026-03-06 22:59:55 [EE]     from world.languages.models import CharacterLanguage, Language
2026-03-06 22:59:55 [EE] ImportError: cannot import name 'CharacterLanguage' from 'world.languages.models' (/opt/nightcity/game/world/languages/models.py)
None2026-03-06 22:59:55 [EE] Error loading cmdset 'commands.default_cmdsets.SessionCmdSet'
2026-03-06 22:59:55 [EE] (Traceback was logged 26-03-06 22:59:55)
None2026-03-06 22:59:55 [EE] Error encountered for cmdset at path 'commands.default_cmdsets.SessionCmdSet'.
2026-03-06 22:59:55 [EE] Replacing with fallback 'evennia.commands.default.cmdset_session.SessionCmdSet'.
2026-03-06 22:59:55 [!!] Traceback (most recent call last):
2026-03-06 22:59:55 [!!]   File "/opt/nightcity/venv/lib/python3.12/site-packages/evennia/typeclasses/models.py", line 288, in set_class_from_typeclass
2026-03-06 22:59:55 [!!]     self.__class__ = class_from_module(self.db_typeclass_path)
2026-03-06 22:59:55 [!!]                      ^^^^^^^^^^^^^^^^^^^^^^^^^^^^^^^^^^^^^^^^^
2026-03-06 22:59:55 [!!]   File "/opt/nightcity/venv/lib/python3.12/site-packages/evennia/utils/utils.py", line 1655, in class_from_module
2026-03-06 22:59:55 [!!]     mod = importlib.import_module(testpath, package="evennia")
2026-03-06 22:59:55 [!!]           ^^^^^^^^^^^^^^^^^^^^^^^^^^^^^^^^^^^^^^^^^^^^^^^^^^^^
2026-03-06 22:59:55 [!!]   File "/usr/lib/python3.12/importlib/__init__.py", line 90, in import_module
2026-03-06 22:59:55 [!!]     return _bootstrap._gcd_import(name[level:], package, level)
2026-03-06 22:59:55 [!!]            ^^^^^^^^^^^^^^^^^^^^^^^^^^^^^^^^^^^^^^^^^^^^^^^^^^^^
2026-03-06 22:59:55 [!!]   File "<frozen importlib._bootstrap>", line 1387, in _gcd_import
2026-03-06 22:59:55 [!!]   File "<frozen importlib._bootstrap>", line 1360, in _find_and_load
2026-03-06 22:59:55 [!!]   File "<frozen importlib._bootstrap>", line 1331, in _find_and_load_unlocked
2026-03-06 22:59:55 [!!]   File "<frozen importlib._bootstrap>", line 935, in _load_unlocked
2026-03-06 22:59:55 [!!]   File "<frozen importlib._bootstrap_external>", line 995, in exec_module
2026-03-06 22:59:55 [!!]   File "<frozen importlib._bootstrap>", line 488, in _call_with_frames_removed
2026-03-06 22:59:55 [!!]   File "/opt/nightcity/game/typeclasses/characters.py", line 12, in <module>
2026-03-06 22:59:55 [!!]     from world.languages.models import CharacterLanguage, Language
2026-03-06 22:59:55 [!!] ImportError: cannot import name 'CharacterLanguage' from 'world.languages.models' (/opt/nightcity/game/world/languages/models.py)
2026-03-06 22:59:55 [!!] Traceback (most recent call last):
2026-03-06 22:59:55 [!!]   File "/opt/nightcity/venv/lib/python3.12/site-packages/evennia/commands/cmdsethandler.py", line 186, in import_cmdset
2026-03-06 22:59:55 [!!]     raise exc.with_traceback(tb)
2026-03-06 22:59:55 [!!]   File "/opt/nightcity/venv/lib/python3.12/site-packages/evennia/commands/cmdsethandler.py", line 181, in import_cmdset
2026-03-06 22:59:55 [!!]     module = import_module(modpath, package="evennia")
2026-03-06 22:59:55 [!!]              ^^^^^^^^^^^^^^^^^^^^^^^^^^^^^^^^^^^^^^^^^
2026-03-06 22:59:55 [!!]   File "/usr/lib/python3.12/importlib/__init__.py", line 90, in import_module
2026-03-06 22:59:55 [!!]     return _bootstrap._gcd_import(name[level:], package, level)
2026-03-06 22:59:55 [!!]            ^^^^^^^^^^^^^^^^^^^^^^^^^^^^^^^^^^^^^^^^^^^^^^^^^^^^
2026-03-06 22:59:55 [!!]   File "<frozen importlib._bootstrap>", line 1387, in _gcd_import
2026-03-06 22:59:55 [!!]   File "<frozen importlib._bootstrap>", line 1360, in _find_and_load
2026-03-06 22:59:55 [!!]   File "<frozen importlib._bootstrap>", line 1331, in _find_and_load_unlocked
2026-03-06 22:59:55 [!!]   File "<frozen importlib._bootstrap>", line 935, in _load_unlocked
2026-03-06 22:59:55 [!!]   File "<frozen importlib._bootstrap_external>", line 995, in exec_module
2026-03-06 22:59:55 [!!]   File "<frozen importlib._bootstrap>", line 488, in _call_with_frames_removed
2026-03-06 22:59:55 [!!]   File "/opt/nightcity/game/commands/default_cmdsets.py", line 21, in <module>
2026-03-06 22:59:55 [!!]     from .admin_commands import CmdStat, CmdHeal, CmdApprove, CmdUnapprove, CmdSpawnRipperdoc, CmdGradientName, CmdClearAllStates, CmdClearRental, CmdCleanupDuplicates, CmdExamine, CmdAssociateAllCharacterSheets, CmdViewCharacterSheetID, CmdSetCharacterSheetID, CmdAllSheets, CmdViewSheetAttributes, CmdSyncLanguages, CmdJoin, CmdSummon
2026-03-06 22:59:55 [!!]   File "/opt/nightcity/game/commands/admin_commands.py", line 641, in <module>
2026-03-06 22:59:55 [!!]     from typeclasses.characters import Character
2026-03-06 22:59:55 [!!]   File "/opt/nightcity/game/typeclasses/characters.py", line 12, in <module>
2026-03-06 22:59:55 [!!]     from world.languages.models import CharacterLanguage, Language
2026-03-06 22:59:55 [!!] ImportError: cannot import name 'CharacterLanguage' from 'world.languages.models' (/opt/nightcity/game/world/languages/models.py)
2026-03-06 22:59:55 [EE] Traceback (most recent call last):
2026-03-06 22:59:55 [EE]   File "/opt/nightcity/venv/lib/python3.12/site-packages/evennia/commands/cmdsethandler.py", line 186, in import_cmdset
2026-03-06 22:59:55 [EE]     raise exc.with_traceback(tb)
2026-03-06 22:59:55 [EE]   File "/opt/nightcity/venv/lib/python3.12/site-packages/evennia/commands/cmdsethandler.py", line 181, in import_cmdset
2026-03-06 22:59:55 [EE]     module = import_module(modpath, package="evennia")
2026-03-06 22:59:55 [EE]              ^^^^^^^^^^^^^^^^^^^^^^^^^^^^^^^^^^^^^^^^^
2026-03-06 22:59:55 [EE]   File "/usr/lib/python3.12/importlib/__init__.py", line 90, in import_module
2026-03-06 22:59:55 [EE]     return _bootstrap._gcd_import(name[level:], package, level)
2026-03-06 22:59:55 [EE]            ^^^^^^^^^^^^^^^^^^^^^^^^^^^^^^^^^^^^^^^^^^^^^^^^^^^^
2026-03-06 22:59:55 [EE]   File "<frozen importlib._bootstrap>", line 1387, in _gcd_import
2026-03-06 22:59:55 [EE]   File "<frozen importlib._bootstrap>", line 1360, in _find_and_load
2026-03-06 22:59:55 [EE]   File "<frozen importlib._bootstrap>", line 1331, in _find_and_load_unlocked
2026-03-06 22:59:55 [EE]   File "<frozen importlib._bootstrap>", line 935, in _load_unlocked
2026-03-06 22:59:55 [EE]   File "<frozen importlib._bootstrap_external>", line 995, in exec_module
2026-03-06 22:59:55 [EE]   File "<frozen importlib._bootstrap>", line 488, in _call_with_frames_removed
2026-03-06 22:59:55 [EE]   File "/opt/nightcity/game/commands/default_cmdsets.py", line 21, in <module>
2026-03-06 22:59:55 [EE]     from .admin_commands import CmdStat, CmdHeal, CmdApprove, CmdUnapprove, CmdSpawnRipperdoc, CmdGradientName, CmdClearAllStates, CmdClearRental, CmdCleanupDuplicates, CmdExamine, CmdAssociateAllCharacterSheets, CmdViewCharacterSheetID, CmdSetCharacterSheetID, CmdAllSheets, CmdViewSheetAttributes, CmdSyncLanguages, CmdJoin, CmdSummon
2026-03-06 22:59:55 [EE]   File "/opt/nightcity/game/commands/admin_commands.py", line 641, in <module>
2026-03-06 22:59:55 [EE]     from typeclasses.characters import Character
2026-03-06 22:59:55 [EE]   File "/opt/nightcity/game/typeclasses/characters.py", line 12, in <module>
2026-03-06 22:59:55 [EE]     from world.languages.models import CharacterLanguage, Language
2026-03-06 22:59:55 [EE] ImportError: cannot import name 'CharacterLanguage' from 'world.languages.models' (/opt/nightcity/game/world/languages/models.py)
None2026-03-06 22:59:55 [EE] Error loading cmdset 'commands.default_cmdsets.SessionCmdSet'
2026-03-06 22:59:55 [EE] (Traceback was logged 26-03-06 22:59:55)
None2026-03-06 22:59:55 [EE] Error encountered for cmdset at path 'commands.default_cmdsets.SessionCmdSet'.
2026-03-06 22:59:55 [EE] Replacing with fallback 'evennia.commands.default.cmdset_session.SessionCmdSet'.
2026-03-06 22:59:55 [!!] Traceback (most recent call last):
2026-03-06 22:59:55 [!!]   File "/opt/nightcity/venv/lib/python3.12/site-packages/evennia/typeclasses/models.py", line 288, in set_class_from_typeclass
2026-03-06 22:59:55 [!!]     self.__class__ = class_from_module(self.db_typeclass_path)
2026-03-06 22:59:55 [!!]                      ^^^^^^^^^^^^^^^^^^^^^^^^^^^^^^^^^^^^^^^^^
2026-03-06 22:59:55 [!!]   File "/opt/nightcity/venv/lib/python3.12/site-packages/evennia/utils/utils.py", line 1655, in class_from_module
2026-03-06 22:59:55 [!!]     mod = importlib.import_module(testpath, package="evennia")
2026-03-06 22:59:55 [!!]           ^^^^^^^^^^^^^^^^^^^^^^^^^^^^^^^^^^^^^^^^^^^^^^^^^^^^
2026-03-06 22:59:55 [!!]   File "/usr/lib/python3.12/importlib/__init__.py", line 90, in import_module
2026-03-06 22:59:55 [!!]     return _bootstrap._gcd_import(name[level:], package, level)
2026-03-06 22:59:55 [!!]            ^^^^^^^^^^^^^^^^^^^^^^^^^^^^^^^^^^^^^^^^^^^^^^^^^^^^
2026-03-06 22:59:55 [!!]   File "<frozen importlib._bootstrap>", line 1387, in _gcd_import
2026-03-06 22:59:55 [!!]   File "<frozen importlib._bootstrap>", line 1360, in _find_and_load
2026-03-06 22:59:55 [!!]   File "<frozen importlib._bootstrap>", line 1331, in _find_and_load_unlocked
2026-03-06 22:59:55 [!!]   File "<frozen importlib._bootstrap>", line 935, in _load_unlocked
2026-03-06 22:59:55 [!!]   File "<frozen importlib._bootstrap_external>", line 995, in exec_module
2026-03-06 22:59:55 [!!]   File "<frozen importlib._bootstrap>", line 488, in _call_with_frames_removed
2026-03-06 22:59:55 [!!]   File "/opt/nightcity/game/typeclasses/characters.py", line 12, in <module>
2026-03-06 22:59:55 [!!]     from world.languages.models import CharacterLanguage, Language
2026-03-06 22:59:55 [!!] ImportError: cannot import name 'CharacterLanguage' from 'world.languages.models' (/opt/nightcity/game/world/languages/models.py)
2026-03-06 22:59:55 [!!] Traceback (most recent call last):
2026-03-06 22:59:55 [!!]   File "/opt/nightcity/venv/lib/python3.12/site-packages/evennia/commands/cmdsethandler.py", line 186, in import_cmdset
2026-03-06 22:59:55 [!!]     raise exc.with_traceback(tb)
2026-03-06 22:59:55 [!!]   File "/opt/nightcity/venv/lib/python3.12/site-packages/evennia/commands/cmdsethandler.py", line 181, in import_cmdset
2026-03-06 22:59:55 [!!]     module = import_module(modpath, package="evennia")
2026-03-06 22:59:55 [!!]              ^^^^^^^^^^^^^^^^^^^^^^^^^^^^^^^^^^^^^^^^^
2026-03-06 22:59:55 [!!]   File "/usr/lib/python3.12/importlib/__init__.py", line 90, in import_module
2026-03-06 22:59:55 [!!]     return _bootstrap._gcd_import(name[level:], package, level)
2026-03-06 22:59:55 [!!]            ^^^^^^^^^^^^^^^^^^^^^^^^^^^^^^^^^^^^^^^^^^^^^^^^^^^^
2026-03-06 22:59:55 [!!]   File "<frozen importlib._bootstrap>", line 1387, in _gcd_import
2026-03-06 22:59:55 [!!]   File "<frozen importlib._bootstrap>", line 1360, in _find_and_load
2026-03-06 22:59:55 [!!]   File "<frozen importlib._bootstrap>", line 1331, in _find_and_load_unlocked
2026-03-06 22:59:55 [!!]   File "<frozen importlib._bootstrap>", line 935, in _load_unlocked
2026-03-06 22:59:55 [!!]   File "<frozen importlib._bootstrap_external>", line 995, in exec_module
2026-03-06 22:59:55 [!!]   File "<frozen importlib._bootstrap>", line 488, in _call_with_frames_removed
2026-03-06 22:59:55 [!!]   File "/opt/nightcity/game/commands/default_cmdsets.py", line 21, in <module>
2026-03-06 22:59:55 [!!]     from .admin_commands import CmdStat, CmdHeal, CmdApprove, CmdUnapprove, CmdSpawnRipperdoc, CmdGradientName, CmdClearAllStates, CmdClearRental, CmdCleanupDuplicates, CmdExamine, CmdAssociateAllCharacterSheets, CmdViewCharacterSheetID, CmdSetCharacterSheetID, CmdAllSheets, CmdViewSheetAttributes, CmdSyncLanguages, CmdJoin, CmdSummon
2026-03-06 22:59:55 [!!]   File "/opt/nightcity/game/commands/admin_commands.py", line 641, in <module>
2026-03-06 22:59:55 [!!]     from typeclasses.characters import Character
2026-03-06 22:59:55 [!!]   File "/opt/nightcity/game/typeclasses/characters.py", line 12, in <module>
2026-03-06 22:59:55 [!!]     from world.languages.models import CharacterLanguage, Language
2026-03-06 22:59:55 [!!] ImportError: cannot import name 'CharacterLanguage' from 'world.languages.models' (/opt/nightcity/game/world/languages/models.py)
2026-03-06 22:59:55 [EE] Traceback (most recent call last):
2026-03-06 22:59:55 [EE]   File "/opt/nightcity/venv/lib/python3.12/site-packages/evennia/commands/cmdsethandler.py", line 186, in import_cmdset
2026-03-06 22:59:55 [EE]     raise exc.with_traceback(tb)
2026-03-06 22:59:55 [EE]   File "/opt/nightcity/venv/lib/python3.12/site-packages/evennia/commands/cmdsethandler.py", line 181, in import_cmdset
2026-03-06 22:59:55 [EE]     module = import_module(modpath, package="evennia")
2026-03-06 22:59:55 [EE]              ^^^^^^^^^^^^^^^^^^^^^^^^^^^^^^^^^^^^^^^^^
2026-03-06 22:59:55 [EE]   File "/usr/lib/python3.12/importlib/__init__.py", line 90, in import_module
2026-03-06 22:59:55 [EE]     return _bootstrap._gcd_import(name[level:], package, level)
2026-03-06 22:59:55 [EE]            ^^^^^^^^^^^^^^^^^^^^^^^^^^^^^^^^^^^^^^^^^^^^^^^^^^^^
2026-03-06 22:59:55 [EE]   File "<frozen importlib._bootstrap>", line 1387, in _gcd_import
2026-03-06 22:59:55 [EE]   File "<frozen importlib._bootstrap>", line 1360, in _find_and_load
2026-03-06 22:59:55 [EE]   File "<frozen importlib._bootstrap>", line 1331, in _find_and_load_unlocked
2026-03-06 22:59:55 [EE]   File "<frozen importlib._bootstrap>", line 935, in _load_unlocked
2026-03-06 22:59:55 [EE]   File "<frozen importlib._bootstrap_external>", line 995, in exec_module
2026-03-06 22:59:55 [EE]   File "<frozen importlib._bootstrap>", line 488, in _call_with_frames_removed
2026-03-06 22:59:55 [EE]   File "/opt/nightcity/game/commands/default_cmdsets.py", line 21, in <module>
2026-03-06 22:59:55 [EE]     from .admin_commands import CmdStat, CmdHeal, CmdApprove, CmdUnapprove, CmdSpawnRipperdoc, CmdGradientName, CmdClearAllStates, CmdClearRental, CmdCleanupDuplicates, CmdExamine, CmdAssociateAllCharacterSheets, CmdViewCharacterSheetID, CmdSetCharacterSheetID, CmdAllSheets, CmdViewSheetAttributes, CmdSyncLanguages, CmdJoin, CmdSummon
2026-03-06 22:59:55 [EE]   File "/opt/nightcity/game/commands/admin_commands.py", line 641, in <module>
2026-03-06 22:59:55 [EE]     from typeclasses.characters import Character
2026-03-06 22:59:55 [EE]   File "/opt/nightcity/game/typeclasses/characters.py", line 12, in <module>
2026-03-06 22:59:55 [EE]     from world.languages.models import CharacterLanguage, Language
2026-03-06 22:59:55 [EE] ImportError: cannot import name 'CharacterLanguage' from 'world.languages.models' (/opt/nightcity/game/world/languages/models.py)
None2026-03-06 22:59:55 [EE] Error loading cmdset 'commands.default_cmdsets.SessionCmdSet'
2026-03-06 22:59:55 [EE] (Traceback was logged 26-03-06 22:59:55)
None2026-03-06 22:59:55 [EE] Error encountered for cmdset at path 'commands.default_cmdsets.SessionCmdSet'.
2026-03-06 22:59:55 [EE] Replacing with fallback 'evennia.commands.default.cmdset_session.SessionCmdSet'.
2026-03-06 22:59:55 [!!] Traceback (most recent call last):
2026-03-06 22:59:55 [!!]   File "/opt/nightcity/venv/lib/python3.12/site-packages/evennia/commands/cmdsethandler.py", line 186, in import_cmdset
2026-03-06 22:59:55 [!!]     raise exc.with_traceback(tb)
2026-03-06 22:59:55 [!!]   File "/opt/nightcity/venv/lib/python3.12/site-packages/evennia/commands/cmdsethandler.py", line 181, in import_cmdset
2026-03-06 22:59:55 [!!]     module = import_module(modpath, package="evennia")
2026-03-06 22:59:55 [!!]              ^^^^^^^^^^^^^^^^^^^^^^^^^^^^^^^^^^^^^^^^^
2026-03-06 22:59:55 [!!]   File "/usr/lib/python3.12/importlib/__init__.py", line 90, in import_module
2026-03-06 22:59:55 [!!]     return _bootstrap._gcd_import(name[level:], package, level)
2026-03-06 22:59:55 [!!]            ^^^^^^^^^^^^^^^^^^^^^^^^^^^^^^^^^^^^^^^^^^^^^^^^^^^^
2026-03-06 22:59:55 [!!]   File "<frozen importlib._bootstrap>", line 1387, in _gcd_import
2026-03-06 22:59:55 [!!]   File "<frozen importlib._bootstrap>", line 1360, in _find_and_load
2026-03-06 22:59:55 [!!]   File "<frozen importlib._bootstrap>", line 1331, in _find_and_load_unlocked
2026-03-06 22:59:55 [!!]   File "<frozen importlib._bootstrap>", line 935, in _load_unlocked
2026-03-06 22:59:55 [!!]   File "<frozen importlib._bootstrap_external>", line 995, in exec_module
2026-03-06 22:59:55 [!!]   File "<frozen importlib._bootstrap>", line 488, in _call_with_frames_removed
2026-03-06 22:59:55 [!!]   File "/opt/nightcity/game/commands/default_cmdsets.py", line 21, in <module>
2026-03-06 22:59:55 [!!]     from .admin_commands import CmdStat, CmdHeal, CmdApprove, CmdUnapprove, CmdSpawnRipperdoc, CmdGradientName, CmdClearAllStates, CmdClearRental, CmdCleanupDuplicates, CmdExamine, CmdAssociateAllCharacterSheets, CmdViewCharacterSheetID, CmdSetCharacterSheetID, CmdAllSheets, CmdViewSheetAttributes, CmdSyncLanguages, CmdJoin, CmdSummon
2026-03-06 22:59:55 [!!]   File "/opt/nightcity/game/commands/admin_commands.py", line 641, in <module>
2026-03-06 22:59:55 [!!]     from typeclasses.characters import Character
2026-03-06 22:59:55 [!!]   File "/opt/nightcity/game/typeclasses/characters.py", line 12, in <module>
2026-03-06 22:59:55 [!!]     from world.languages.models import CharacterLanguage, Language
2026-03-06 22:59:55 [!!] ImportError: cannot import name 'CharacterLanguage' from 'world.languages.models' (/opt/nightcity/game/world/languages/models.py)
2026-03-06 22:59:55 [EE] Traceback (most recent call last):
2026-03-06 22:59:55 [EE]   File "/opt/nightcity/venv/lib/python3.12/site-packages/evennia/commands/cmdsethandler.py", line 186, in import_cmdset
2026-03-06 22:59:55 [EE]     raise exc.with_traceback(tb)
2026-03-06 22:59:55 [EE]   File "/opt/nightcity/venv/lib/python3.12/site-packages/evennia/commands/cmdsethandler.py", line 181, in import_cmdset
2026-03-06 22:59:55 [EE]     module = import_module(modpath, package="evennia")
2026-03-06 22:59:55 [EE]              ^^^^^^^^^^^^^^^^^^^^^^^^^^^^^^^^^^^^^^^^^
2026-03-06 22:59:55 [EE]   File "/usr/lib/python3.12/importlib/__init__.py", line 90, in import_module
2026-03-06 22:59:55 [EE]     return _bootstrap._gcd_import(name[level:], package, level)
2026-03-06 22:59:55 [EE]            ^^^^^^^^^^^^^^^^^^^^^^^^^^^^^^^^^^^^^^^^^^^^^^^^^^^^
2026-03-06 22:59:55 [EE]   File "<frozen importlib._bootstrap>", line 1387, in _gcd_import
2026-03-06 22:59:55 [EE]   File "<frozen importlib._bootstrap>", line 1360, in _find_and_load
2026-03-06 22:59:55 [EE]   File "<frozen importlib._bootstrap>", line 1331, in _find_and_load_unlocked
2026-03-06 22:59:55 [EE]   File "<frozen importlib._bootstrap>", line 935, in _load_unlocked
2026-03-06 22:59:55 [EE]   File "<frozen importlib._bootstrap_external>", line 995, in exec_module
2026-03-06 22:59:55 [EE]   File "<frozen importlib._bootstrap>", line 488, in _call_with_frames_removed
2026-03-06 22:59:55 [EE]   File "/opt/nightcity/game/commands/default_cmdsets.py", line 21, in <module>
2026-03-06 22:59:55 [EE]     from .admin_commands import CmdStat, CmdHeal, CmdApprove, CmdUnapprove, CmdSpawnRipperdoc, CmdGradientName, CmdClearAllStates, CmdClearRental, CmdCleanupDuplicates, CmdExamine, CmdAssociateAllCharacterSheets, CmdViewCharacterSheetID, CmdSetCharacterSheetID, CmdAllSheets, CmdViewSheetAttributes, CmdSyncLanguages, CmdJoin, CmdSummon
2026-03-06 22:59:55 [EE]   File "/opt/nightcity/game/commands/admin_commands.py", line 641, in <module>
2026-03-06 22:59:55 [EE]     from typeclasses.characters import Character
2026-03-06 22:59:55 [EE]   File "/opt/nightcity/game/typeclasses/characters.py", line 12, in <module>
2026-03-06 22:59:55 [EE]     from world.languages.models import CharacterLanguage, Language
2026-03-06 22:59:55 [EE] ImportError: cannot import name 'CharacterLanguage' from 'world.languages.models' (/opt/nightcity/game/world/languages/models.py)
None2026-03-06 22:59:55 [EE] Error loading cmdset 'commands.default_cmdsets.SessionCmdSet'
2026-03-06 22:59:55 [EE] (Traceback was logged 26-03-06 22:59:55)
None2026-03-06 22:59:55 [EE] Error encountered for cmdset at path 'commands.default_cmdsets.SessionCmdSet'.
2026-03-06 22:59:55 [EE] Replacing with fallback 'evennia.commands.default.cmdset_session.SessionCmdSet'.
2026-03-06 22:59:55 [!!] Traceback (most recent call last):
2026-03-06 22:59:55 [!!]   File "/opt/nightcity/venv/lib/python3.12/site-packages/evennia/typeclasses/models.py", line 288, in set_class_from_typeclass
2026-03-06 22:59:55 [!!]     self.__class__ = class_from_module(self.db_typeclass_path)
2026-03-06 22:59:55 [!!]                      ^^^^^^^^^^^^^^^^^^^^^^^^^^^^^^^^^^^^^^^^^
2026-03-06 22:59:55 [!!]   File "/opt/nightcity/venv/lib/python3.12/site-packages/evennia/utils/utils.py", line 1655, in class_from_module
2026-03-06 22:59:55 [!!]     mod = importlib.import_module(testpath, package="evennia")
2026-03-06 22:59:55 [!!]           ^^^^^^^^^^^^^^^^^^^^^^^^^^^^^^^^^^^^^^^^^^^^^^^^^^^^
2026-03-06 22:59:55 [!!]   File "/usr/lib/python3.12/importlib/__init__.py", line 90, in import_module
2026-03-06 22:59:55 [!!]     return _bootstrap._gcd_import(name[level:], package, level)
2026-03-06 22:59:55 [!!]            ^^^^^^^^^^^^^^^^^^^^^^^^^^^^^^^^^^^^^^^^^^^^^^^^^^^^
2026-03-06 22:59:55 [!!]   File "<frozen importlib._bootstrap>", line 1387, in _gcd_import
2026-03-06 22:59:55 [!!]   File "<frozen importlib._bootstrap>", line 1360, in _find_and_load
2026-03-06 22:59:55 [!!]   File "<frozen importlib._bootstrap>", line 1331, in _find_and_load_unlocked
2026-03-06 22:59:55 [!!]   File "<frozen importlib._bootstrap>", line 935, in _load_unlocked
2026-03-06 22:59:55 [!!]   File "<frozen importlib._bootstrap_external>", line 995, in exec_module
2026-03-06 22:59:55 [!!]   File "<frozen importlib._bootstrap>", line 488, in _call_with_frames_removed
2026-03-06 22:59:55 [!!]   File "/opt/nightcity/game/typeclasses/characters.py", line 12, in <module>
2026-03-06 22:59:55 [!!]     from world.languages.models import CharacterLanguage, Language
2026-03-06 22:59:55 [!!] ImportError: cannot import name 'CharacterLanguage' from 'world.languages.models' (/opt/nightcity/game/world/languages/models.py)
2026-03-06 23:00:48 [..] Server disconnected from the portal.
2026-03-06 23:00:48 [..] Main loop terminated.
2026-03-06 23:00:48 [..] Server Shut Down.
2026-03-06 23:00:51 [..] Loaded.
2026-03-06 23:00:49 [..] Loading /opt/nightcity/venv/lib/python3.12/site-packages/evennia/server/server.py...
2026-03-06 23:00:51 [..] Loaded.
2026-03-06 23:00:51 [..] twistd 24.11.0 (/opt/nightcity/venv/bin/python3 3.12.3) starting up.
2026-03-06 23:00:51 [..] reactor class: twisted.internet.epollreactor.EPollReactor.
2026-03-06 23:00:51 [..] Webserver starting on 4002
2026-03-06 23:00:51 [..] Server successfully reloaded.
2026-03-06 23:00:51 [!!] Traceback (most recent call last):
2026-03-06 23:00:51 [!!]   File "/opt/nightcity/venv/lib/python3.12/site-packages/evennia/commands/cmdsethandler.py", line 186, in import_cmdset
2026-03-06 23:00:51 [!!]     raise exc.with_traceback(tb)
2026-03-06 23:00:51 [!!]   File "/opt/nightcity/venv/lib/python3.12/site-packages/evennia/commands/cmdsethandler.py", line 181, in import_cmdset
2026-03-06 23:00:51 [!!]     module = import_module(modpath, package="evennia")
2026-03-06 23:00:51 [!!]              ^^^^^^^^^^^^^^^^^^^^^^^^^^^^^^^^^^^^^^^^^
2026-03-06 23:00:51 [!!]   File "/usr/lib/python3.12/importlib/__init__.py", line 90, in import_module
2026-03-06 23:00:51 [!!]     return _bootstrap._gcd_import(name[level:], package, level)
2026-03-06 23:00:51 [!!]            ^^^^^^^^^^^^^^^^^^^^^^^^^^^^^^^^^^^^^^^^^^^^^^^^^^^^
2026-03-06 23:00:51 [!!]   File "<frozen importlib._bootstrap>", line 1387, in _gcd_import
2026-03-06 23:00:51 [!!]   File "<frozen importlib._bootstrap>", line 1360, in _find_and_load
2026-03-06 23:00:51 [!!]   File "<frozen importlib._bootstrap>", line 1331, in _find_and_load_unlocked
2026-03-06 23:00:51 [!!]   File "<frozen importlib._bootstrap>", line 935, in _load_unlocked
2026-03-06 23:00:51 [!!]   File "<frozen importlib._bootstrap_external>", line 995, in exec_module
2026-03-06 23:00:51 [!!]   File "<frozen importlib._bootstrap>", line 488, in _call_with_frames_removed
2026-03-06 23:00:51 [!!]   File "/opt/nightcity/game/commands/default_cmdsets.py", line 21, in <module>
2026-03-06 23:00:51 [!!]     from .admin_commands import CmdStat, CmdHeal, CmdApprove, CmdUnapprove, CmdSpawnRipperdoc, CmdGradientName, CmdClearAllStates, CmdClearRental, CmdCleanupDuplicates, CmdExamine, CmdAssociateAllCharacterSheets, CmdViewCharacterSheetID, CmdSetCharacterSheetID, CmdAllSheets, CmdViewSheetAttributes, CmdSyncLanguages, CmdJoin, CmdSummon
2026-03-06 23:00:51 [!!]   File "/opt/nightcity/game/commands/admin_commands.py", line 641, in <module>
2026-03-06 23:00:51 [!!]     from typeclasses.characters import Character
2026-03-06 23:00:51 [!!]   File "/opt/nightcity/game/typeclasses/characters.py", line 12, in <module>
2026-03-06 23:00:51 [!!]     from world.languages.models import CharacterLanguage, Language
2026-03-06 23:00:51 [!!] ImportError: cannot import name 'CharacterLanguage' from 'world.languages.models' (/opt/nightcity/game/world/languages/models.py)
2026-03-06 23:00:51 [EE] Traceback (most recent call last):
2026-03-06 23:00:51 [EE]   File "/opt/nightcity/venv/lib/python3.12/site-packages/evennia/commands/cmdsethandler.py", line 186, in import_cmdset
2026-03-06 23:00:51 [EE]     raise exc.with_traceback(tb)
2026-03-06 23:00:51 [EE]   File "/opt/nightcity/venv/lib/python3.12/site-packages/evennia/commands/cmdsethandler.py", line 181, in import_cmdset
2026-03-06 23:00:51 [EE]     module = import_module(modpath, package="evennia")
2026-03-06 23:00:51 [EE]              ^^^^^^^^^^^^^^^^^^^^^^^^^^^^^^^^^^^^^^^^^
2026-03-06 23:00:51 [EE]   File "/usr/lib/python3.12/importlib/__init__.py", line 90, in import_module
2026-03-06 23:00:51 [EE]     return _bootstrap._gcd_import(name[level:], package, level)
2026-03-06 23:00:51 [EE]            ^^^^^^^^^^^^^^^^^^^^^^^^^^^^^^^^^^^^^^^^^^^^^^^^^^^^
2026-03-06 23:00:51 [EE]   File "<frozen importlib._bootstrap>", line 1387, in _gcd_import
2026-03-06 23:00:51 [EE]   File "<frozen importlib._bootstrap>", line 1360, in _find_and_load
2026-03-06 23:00:51 [EE]   File "<frozen importlib._bootstrap>", line 1331, in _find_and_load_unlocked
2026-03-06 23:00:51 [EE]   File "<frozen importlib._bootstrap>", line 935, in _load_unlocked
2026-03-06 23:00:51 [EE]   File "<frozen importlib._bootstrap_external>", line 995, in exec_module
2026-03-06 23:00:51 [EE]   File "<frozen importlib._bootstrap>", line 488, in _call_with_frames_removed
2026-03-06 23:00:51 [EE]   File "/opt/nightcity/game/commands/default_cmdsets.py", line 21, in <module>
2026-03-06 23:00:51 [EE]     from .admin_commands import CmdStat, CmdHeal, CmdApprove, CmdUnapprove, CmdSpawnRipperdoc, CmdGradientName, CmdClearAllStates, CmdClearRental, CmdCleanupDuplicates, CmdExamine, CmdAssociateAllCharacterSheets, CmdViewCharacterSheetID, CmdSetCharacterSheetID, CmdAllSheets, CmdViewSheetAttributes, CmdSyncLanguages, CmdJoin, CmdSummon
2026-03-06 23:00:51 [EE]   File "/opt/nightcity/game/commands/admin_commands.py", line 641, in <module>
2026-03-06 23:00:51 [EE]     from typeclasses.characters import Character
2026-03-06 23:00:51 [EE]   File "/opt/nightcity/game/typeclasses/characters.py", line 12, in <module>
2026-03-06 23:00:51 [EE]     from world.languages.models import CharacterLanguage, Language
2026-03-06 23:00:51 [EE] ImportError: cannot import name 'CharacterLanguage' from 'world.languages.models' (/opt/nightcity/game/world/languages/models.py)
None2026-03-06 23:00:51 [EE] Error loading cmdset 'commands.default_cmdsets.SessionCmdSet'
2026-03-06 23:00:51 [EE] (Traceback was logged 26-03-06 23:00:51)
None2026-03-06 23:00:52 [EE] Error encountered for cmdset at path 'commands.default_cmdsets.SessionCmdSet'.
2026-03-06 23:00:52 [EE] Replacing with fallback 'evennia.commands.default.cmdset_session.SessionCmdSet'.
2026-03-06 23:00:52 [!!] Traceback (most recent call last):
2026-03-06 23:00:52 [!!]   File "/opt/nightcity/venv/lib/python3.12/site-packages/evennia/typeclasses/models.py", line 288, in set_class_from_typeclass
2026-03-06 23:00:52 [!!]     self.__class__ = class_from_module(self.db_typeclass_path)
2026-03-06 23:00:52 [!!]                      ^^^^^^^^^^^^^^^^^^^^^^^^^^^^^^^^^^^^^^^^^
2026-03-06 23:00:52 [!!]   File "/opt/nightcity/venv/lib/python3.12/site-packages/evennia/utils/utils.py", line 1655, in class_from_module
2026-03-06 23:00:52 [!!]     mod = importlib.import_module(testpath, package="evennia")
2026-03-06 23:00:52 [!!]           ^^^^^^^^^^^^^^^^^^^^^^^^^^^^^^^^^^^^^^^^^^^^^^^^^^^^
2026-03-06 23:00:52 [!!]   File "/usr/lib/python3.12/importlib/__init__.py", line 90, in import_module
2026-03-06 23:00:52 [!!]     return _bootstrap._gcd_import(name[level:], package, level)
2026-03-06 23:00:52 [!!]            ^^^^^^^^^^^^^^^^^^^^^^^^^^^^^^^^^^^^^^^^^^^^^^^^^^^^
2026-03-06 23:00:52 [!!]   File "<frozen importlib._bootstrap>", line 1387, in _gcd_import
2026-03-06 23:00:52 [!!]   File "<frozen importlib._bootstrap>", line 1360, in _find_and_load
2026-03-06 23:00:52 [!!]   File "<frozen importlib._bootstrap>", line 1331, in _find_and_load_unlocked
2026-03-06 23:00:52 [!!]   File "<frozen importlib._bootstrap>", line 935, in _load_unlocked
2026-03-06 23:00:52 [!!]   File "<frozen importlib._bootstrap_external>", line 995, in exec_module
2026-03-06 23:00:52 [!!]   File "<frozen importlib._bootstrap>", line 488, in _call_with_frames_removed
2026-03-06 23:00:52 [!!]   File "/opt/nightcity/game/typeclasses/characters.py", line 12, in <module>
2026-03-06 23:00:52 [!!]     from world.languages.models import CharacterLanguage, Language
2026-03-06 23:00:52 [!!] ImportError: cannot import name 'CharacterLanguage' from 'world.languages.models' (/opt/nightcity/game/world/languages/models.py)
2026-03-06 23:00:52 [!!] Traceback (most recent call last):
2026-03-06 23:00:52 [!!]   File "/opt/nightcity/venv/lib/python3.12/site-packages/evennia/commands/cmdsethandler.py", line 186, in import_cmdset
2026-03-06 23:00:52 [!!]     raise exc.with_traceback(tb)
2026-03-06 23:00:52 [!!]   File "/opt/nightcity/venv/lib/python3.12/site-packages/evennia/commands/cmdsethandler.py", line 181, in import_cmdset
2026-03-06 23:00:52 [!!]     module = import_module(modpath, package="evennia")
2026-03-06 23:00:52 [!!]              ^^^^^^^^^^^^^^^^^^^^^^^^^^^^^^^^^^^^^^^^^
2026-03-06 23:00:52 [!!]   File "/usr/lib/python3.12/importlib/__init__.py", line 90, in import_module
2026-03-06 23:00:52 [!!]     return _bootstrap._gcd_import(name[level:], package, level)
2026-03-06 23:00:52 [!!]            ^^^^^^^^^^^^^^^^^^^^^^^^^^^^^^^^^^^^^^^^^^^^^^^^^^^^
2026-03-06 23:00:52 [!!]   File "<frozen importlib._bootstrap>", line 1387, in _gcd_import
2026-03-06 23:00:52 [!!]   File "<frozen importlib._bootstrap>", line 1360, in _find_and_load
2026-03-06 23:00:52 [!!]   File "<frozen importlib._bootstrap>", line 1331, in _find_and_load_unlocked
2026-03-06 23:00:52 [!!]   File "<frozen importlib._bootstrap>", line 935, in _load_unlocked
2026-03-06 23:00:52 [!!]   File "<frozen importlib._bootstrap_external>", line 995, in exec_module
2026-03-06 23:00:52 [!!]   File "<frozen importlib._bootstrap>", line 488, in _call_with_frames_removed
2026-03-06 23:00:52 [!!]   File "/opt/nightcity/game/commands/default_cmdsets.py", line 21, in <module>
2026-03-06 23:00:52 [!!]     from .admin_commands import CmdStat, CmdHeal, CmdApprove, CmdUnapprove, CmdSpawnRipperdoc, CmdGradientName, CmdClearAllStates, CmdClearRental, CmdCleanupDuplicates, CmdExamine, CmdAssociateAllCharacterSheets, CmdViewCharacterSheetID, CmdSetCharacterSheetID, CmdAllSheets, CmdViewSheetAttributes, CmdSyncLanguages, CmdJoin, CmdSummon
2026-03-06 23:00:52 [!!]   File "/opt/nightcity/game/commands/admin_commands.py", line 641, in <module>
2026-03-06 23:00:52 [!!]     from typeclasses.characters import Character
2026-03-06 23:00:52 [!!]   File "/opt/nightcity/game/typeclasses/characters.py", line 12, in <module>
2026-03-06 23:00:52 [!!]     from world.languages.models import CharacterLanguage, Language
2026-03-06 23:00:52 [!!] ImportError: cannot import name 'CharacterLanguage' from 'world.languages.models' (/opt/nightcity/game/world/languages/models.py)
2026-03-06 23:00:52 [EE] Traceback (most recent call last):
2026-03-06 23:00:52 [EE]   File "/opt/nightcity/venv/lib/python3.12/site-packages/evennia/commands/cmdsethandler.py", line 186, in import_cmdset
2026-03-06 23:00:52 [EE]     raise exc.with_traceback(tb)
2026-03-06 23:00:52 [EE]   File "/opt/nightcity/venv/lib/python3.12/site-packages/evennia/commands/cmdsethandler.py", line 181, in import_cmdset
2026-03-06 23:00:52 [EE]     module = import_module(modpath, package="evennia")
2026-03-06 23:00:52 [EE]              ^^^^^^^^^^^^^^^^^^^^^^^^^^^^^^^^^^^^^^^^^
2026-03-06 23:00:52 [EE]   File "/usr/lib/python3.12/importlib/__init__.py", line 90, in import_module
2026-03-06 23:00:52 [EE]     return _bootstrap._gcd_import(name[level:], package, level)
2026-03-06 23:00:52 [EE]            ^^^^^^^^^^^^^^^^^^^^^^^^^^^^^^^^^^^^^^^^^^^^^^^^^^^^
2026-03-06 23:00:52 [EE]   File "<frozen importlib._bootstrap>", line 1387, in _gcd_import
2026-03-06 23:00:52 [EE]   File "<frozen importlib._bootstrap>", line 1360, in _find_and_load
2026-03-06 23:00:52 [EE]   File "<frozen importlib._bootstrap>", line 1331, in _find_and_load_unlocked
2026-03-06 23:00:52 [EE]   File "<frozen importlib._bootstrap>", line 935, in _load_unlocked
2026-03-06 23:00:52 [EE]   File "<frozen importlib._bootstrap_external>", line 995, in exec_module
2026-03-06 23:00:52 [EE]   File "<frozen importlib._bootstrap>", line 488, in _call_with_frames_removed
2026-03-06 23:00:52 [EE]   File "/opt/nightcity/game/commands/default_cmdsets.py", line 21, in <module>
2026-03-06 23:00:52 [EE]     from .admin_commands import CmdStat, CmdHeal, CmdApprove, CmdUnapprove, CmdSpawnRipperdoc, CmdGradientName, CmdClearAllStates, CmdClearRental, CmdCleanupDuplicates, CmdExamine, CmdAssociateAllCharacterSheets, CmdViewCharacterSheetID, CmdSetCharacterSheetID, CmdAllSheets, CmdViewSheetAttributes, CmdSyncLanguages, CmdJoin, CmdSummon
2026-03-06 23:00:52 [EE]   File "/opt/nightcity/game/commands/admin_commands.py", line 641, in <module>
2026-03-06 23:00:52 [EE]     from typeclasses.characters import Character
2026-03-06 23:00:52 [EE]   File "/opt/nightcity/game/typeclasses/characters.py", line 12, in <module>
2026-03-06 23:00:52 [EE]     from world.languages.models import CharacterLanguage, Language
2026-03-06 23:00:52 [EE] ImportError: cannot import name 'CharacterLanguage' from 'world.languages.models' (/opt/nightcity/game/world/languages/models.py)
None2026-03-06 23:00:52 [EE] Error loading cmdset 'commands.default_cmdsets.SessionCmdSet'
2026-03-06 23:00:52 [EE] (Traceback was logged 26-03-06 23:00:52)
None2026-03-06 23:00:52 [EE] Error encountered for cmdset at path 'commands.default_cmdsets.SessionCmdSet'.
2026-03-06 23:00:52 [EE] Replacing with fallback 'evennia.commands.default.cmdset_session.SessionCmdSet'.
2026-03-06 23:00:52 [!!] Traceback (most recent call last):
2026-03-06 23:00:52 [!!]   File "/opt/nightcity/venv/lib/python3.12/site-packages/evennia/typeclasses/models.py", line 288, in set_class_from_typeclass
2026-03-06 23:00:52 [!!]     self.__class__ = class_from_module(self.db_typeclass_path)
2026-03-06 23:00:52 [!!]                      ^^^^^^^^^^^^^^^^^^^^^^^^^^^^^^^^^^^^^^^^^
2026-03-06 23:00:52 [!!]   File "/opt/nightcity/venv/lib/python3.12/site-packages/evennia/utils/utils.py", line 1655, in class_from_module
2026-03-06 23:00:52 [!!]     mod = importlib.import_module(testpath, package="evennia")
2026-03-06 23:00:52 [!!]           ^^^^^^^^^^^^^^^^^^^^^^^^^^^^^^^^^^^^^^^^^^^^^^^^^^^^
2026-03-06 23:00:52 [!!]   File "/usr/lib/python3.12/importlib/__init__.py", line 90, in import_module
2026-03-06 23:00:52 [!!]     return _bootstrap._gcd_import(name[level:], package, level)
2026-03-06 23:00:52 [!!]            ^^^^^^^^^^^^^^^^^^^^^^^^^^^^^^^^^^^^^^^^^^^^^^^^^^^^
2026-03-06 23:00:52 [!!]   File "<frozen importlib._bootstrap>", line 1387, in _gcd_import
2026-03-06 23:00:52 [!!]   File "<frozen importlib._bootstrap>", line 1360, in _find_and_load
2026-03-06 23:00:52 [!!]   File "<frozen importlib._bootstrap>", line 1331, in _find_and_load_unlocked
2026-03-06 23:00:52 [!!]   File "<frozen importlib._bootstrap>", line 935, in _load_unlocked
2026-03-06 23:00:52 [!!]   File "<frozen importlib._bootstrap_external>", line 995, in exec_module
2026-03-06 23:00:52 [!!]   File "<frozen importlib._bootstrap>", line 488, in _call_with_frames_removed
2026-03-06 23:00:52 [!!]   File "/opt/nightcity/game/typeclasses/characters.py", line 12, in <module>
2026-03-06 23:00:52 [!!]     from world.languages.models import CharacterLanguage, Language
2026-03-06 23:00:52 [!!] ImportError: cannot import name 'CharacterLanguage' from 'world.languages.models' (/opt/nightcity/game/world/languages/models.py)
2026-03-06 23:00:52 [!!] Traceback (most recent call last):
2026-03-06 23:00:52 [!!]   File "/opt/nightcity/venv/lib/python3.12/site-packages/evennia/commands/cmdsethandler.py", line 186, in import_cmdset
2026-03-06 23:00:52 [!!]     raise exc.with_traceback(tb)
2026-03-06 23:00:52 [!!]   File "/opt/nightcity/venv/lib/python3.12/site-packages/evennia/commands/cmdsethandler.py", line 181, in import_cmdset
2026-03-06 23:00:52 [!!]     module = import_module(modpath, package="evennia")
2026-03-06 23:00:52 [!!]              ^^^^^^^^^^^^^^^^^^^^^^^^^^^^^^^^^^^^^^^^^
2026-03-06 23:00:52 [!!]   File "/usr/lib/python3.12/importlib/__init__.py", line 90, in import_module
2026-03-06 23:00:52 [!!]     return _bootstrap._gcd_import(name[level:], package, level)
2026-03-06 23:00:52 [!!]            ^^^^^^^^^^^^^^^^^^^^^^^^^^^^^^^^^^^^^^^^^^^^^^^^^^^^
2026-03-06 23:00:52 [!!]   File "<frozen importlib._bootstrap>", line 1387, in _gcd_import
2026-03-06 23:00:52 [!!]   File "<frozen importlib._bootstrap>", line 1360, in _find_and_load
2026-03-06 23:00:52 [!!]   File "<frozen importlib._bootstrap>", line 1331, in _find_and_load_unlocked
2026-03-06 23:00:52 [!!]   File "<frozen importlib._bootstrap>", line 935, in _load_unlocked
2026-03-06 23:00:52 [!!]   File "<frozen importlib._bootstrap_external>", line 995, in exec_module
2026-03-06 23:00:52 [!!]   File "<frozen importlib._bootstrap>", line 488, in _call_with_frames_removed
2026-03-06 23:00:52 [!!]   File "/opt/nightcity/game/commands/default_cmdsets.py", line 21, in <module>
2026-03-06 23:00:52 [!!]     from .admin_commands import CmdStat, CmdHeal, CmdApprove, CmdUnapprove, CmdSpawnRipperdoc, CmdGradientName, CmdClearAllStates, CmdClearRental, CmdCleanupDuplicates, CmdExamine, CmdAssociateAllCharacterSheets, CmdViewCharacterSheetID, CmdSetCharacterSheetID, CmdAllSheets, CmdViewSheetAttributes, CmdSyncLanguages, CmdJoin, CmdSummon
2026-03-06 23:00:52 [!!]   File "/opt/nightcity/game/commands/admin_commands.py", line 641, in <module>
2026-03-06 23:00:52 [!!]     from typeclasses.characters import Character
2026-03-06 23:00:52 [!!]   File "/opt/nightcity/game/typeclasses/characters.py", line 12, in <module>
2026-03-06 23:00:52 [!!]     from world.languages.models import CharacterLanguage, Language
2026-03-06 23:00:52 [!!] ImportError: cannot import name 'CharacterLanguage' from 'world.languages.models' (/opt/nightcity/game/world/languages/models.py)
2026-03-06 23:00:52 [EE] Traceback (most recent call last):
2026-03-06 23:00:52 [EE]   File "/opt/nightcity/venv/lib/python3.12/site-packages/evennia/commands/cmdsethandler.py", line 186, in import_cmdset
2026-03-06 23:00:52 [EE]     raise exc.with_traceback(tb)
2026-03-06 23:00:52 [EE]   File "/opt/nightcity/venv/lib/python3.12/site-packages/evennia/commands/cmdsethandler.py", line 181, in import_cmdset
2026-03-06 23:00:52 [EE]     module = import_module(modpath, package="evennia")
2026-03-06 23:00:52 [EE]              ^^^^^^^^^^^^^^^^^^^^^^^^^^^^^^^^^^^^^^^^^
2026-03-06 23:00:52 [EE]   File "/usr/lib/python3.12/importlib/__init__.py", line 90, in import_module
2026-03-06 23:00:52 [EE]     return _bootstrap._gcd_import(name[level:], package, level)
2026-03-06 23:00:52 [EE]            ^^^^^^^^^^^^^^^^^^^^^^^^^^^^^^^^^^^^^^^^^^^^^^^^^^^^
2026-03-06 23:00:52 [EE]   File "<frozen importlib._bootstrap>", line 1387, in _gcd_import
2026-03-06 23:00:52 [EE]   File "<frozen importlib._bootstrap>", line 1360, in _find_and_load
2026-03-06 23:00:52 [EE]   File "<frozen importlib._bootstrap>", line 1331, in _find_and_load_unlocked
2026-03-06 23:00:52 [EE]   File "<frozen importlib._bootstrap>", line 935, in _load_unlocked
2026-03-06 23:00:52 [EE]   File "<frozen importlib._bootstrap_external>", line 995, in exec_module
2026-03-06 23:00:52 [EE]   File "<frozen importlib._bootstrap>", line 488, in _call_with_frames_removed
2026-03-06 23:00:52 [EE]   File "/opt/nightcity/game/commands/default_cmdsets.py", line 21, in <module>
2026-03-06 23:00:52 [EE]     from .admin_commands import CmdStat, CmdHeal, CmdApprove, CmdUnapprove, CmdSpawnRipperdoc, CmdGradientName, CmdClearAllStates, CmdClearRental, CmdCleanupDuplicates, CmdExamine, CmdAssociateAllCharacterSheets, CmdViewCharacterSheetID, CmdSetCharacterSheetID, CmdAllSheets, CmdViewSheetAttributes, CmdSyncLanguages, CmdJoin, CmdSummon
2026-03-06 23:00:52 [EE]   File "/opt/nightcity/game/commands/admin_commands.py", line 641, in <module>
2026-03-06 23:00:52 [EE]     from typeclasses.characters import Character
2026-03-06 23:00:52 [EE]   File "/opt/nightcity/game/typeclasses/characters.py", line 12, in <module>
2026-03-06 23:00:52 [EE]     from world.languages.models import CharacterLanguage, Language
2026-03-06 23:00:52 [EE] ImportError: cannot import name 'CharacterLanguage' from 'world.languages.models' (/opt/nightcity/game/world/languages/models.py)
None2026-03-06 23:00:52 [EE] Error loading cmdset 'commands.default_cmdsets.SessionCmdSet'
2026-03-06 23:00:52 [EE] (Traceback was logged 26-03-06 23:00:52)
None2026-03-06 23:00:52 [EE] Error encountered for cmdset at path 'commands.default_cmdsets.SessionCmdSet'.
2026-03-06 23:00:52 [EE] Replacing with fallback 'evennia.commands.default.cmdset_session.SessionCmdSet'.
2026-03-06 23:00:52 [!!] Traceback (most recent call last):
2026-03-06 23:00:52 [!!]   File "/opt/nightcity/venv/lib/python3.12/site-packages/evennia/commands/cmdsethandler.py", line 186, in import_cmdset
2026-03-06 23:00:52 [!!]     raise exc.with_traceback(tb)
2026-03-06 23:00:52 [!!]   File "/opt/nightcity/venv/lib/python3.12/site-packages/evennia/commands/cmdsethandler.py", line 181, in import_cmdset
2026-03-06 23:00:52 [!!]     module = import_module(modpath, package="evennia")
2026-03-06 23:00:52 [!!]              ^^^^^^^^^^^^^^^^^^^^^^^^^^^^^^^^^^^^^^^^^
2026-03-06 23:00:52 [!!]   File "/usr/lib/python3.12/importlib/__init__.py", line 90, in import_module
2026-03-06 23:00:52 [!!]     return _bootstrap._gcd_import(name[level:], package, level)
2026-03-06 23:00:52 [!!]            ^^^^^^^^^^^^^^^^^^^^^^^^^^^^^^^^^^^^^^^^^^^^^^^^^^^^
2026-03-06 23:00:52 [!!]   File "<frozen importlib._bootstrap>", line 1387, in _gcd_import
2026-03-06 23:00:52 [!!]   File "<frozen importlib._bootstrap>", line 1360, in _find_and_load
2026-03-06 23:00:52 [!!]   File "<frozen importlib._bootstrap>", line 1331, in _find_and_load_unlocked
2026-03-06 23:00:52 [!!]   File "<frozen importlib._bootstrap>", line 935, in _load_unlocked
2026-03-06 23:00:52 [!!]   File "<frozen importlib._bootstrap_external>", line 995, in exec_module
2026-03-06 23:00:52 [!!]   File "<frozen importlib._bootstrap>", line 488, in _call_with_frames_removed
2026-03-06 23:00:52 [!!]   File "/opt/nightcity/game/commands/default_cmdsets.py", line 21, in <module>
2026-03-06 23:00:52 [!!]     from .admin_commands import CmdStat, CmdHeal, CmdApprove, CmdUnapprove, CmdSpawnRipperdoc, CmdGradientName, CmdClearAllStates, CmdClearRental, CmdCleanupDuplicates, CmdExamine, CmdAssociateAllCharacterSheets, CmdViewCharacterSheetID, CmdSetCharacterSheetID, CmdAllSheets, CmdViewSheetAttributes, CmdSyncLanguages, CmdJoin, CmdSummon
2026-03-06 23:00:52 [!!]   File "/opt/nightcity/game/commands/admin_commands.py", line 641, in <module>
2026-03-06 23:00:52 [!!]     from typeclasses.characters import Character
2026-03-06 23:00:52 [!!]   File "/opt/nightcity/game/typeclasses/characters.py", line 12, in <module>
2026-03-06 23:00:52 [!!]     from world.languages.models import CharacterLanguage, Language
2026-03-06 23:00:52 [!!] ImportError: cannot import name 'CharacterLanguage' from 'world.languages.models' (/opt/nightcity/game/world/languages/models.py)
2026-03-06 23:00:52 [EE] Traceback (most recent call last):
2026-03-06 23:00:52 [EE]   File "/opt/nightcity/venv/lib/python3.12/site-packages/evennia/commands/cmdsethandler.py", line 186, in import_cmdset
2026-03-06 23:00:52 [EE]     raise exc.with_traceback(tb)
2026-03-06 23:00:52 [EE]   File "/opt/nightcity/venv/lib/python3.12/site-packages/evennia/commands/cmdsethandler.py", line 181, in import_cmdset
2026-03-06 23:00:52 [EE]     module = import_module(modpath, package="evennia")
2026-03-06 23:00:52 [EE]              ^^^^^^^^^^^^^^^^^^^^^^^^^^^^^^^^^^^^^^^^^
2026-03-06 23:00:52 [EE]   File "/usr/lib/python3.12/importlib/__init__.py", line 90, in import_module
2026-03-06 23:00:52 [EE]     return _bootstrap._gcd_import(name[level:], package, level)
2026-03-06 23:00:52 [EE]            ^^^^^^^^^^^^^^^^^^^^^^^^^^^^^^^^^^^^^^^^^^^^^^^^^^^^
2026-03-06 23:00:52 [EE]   File "<frozen importlib._bootstrap>", line 1387, in _gcd_import
2026-03-06 23:00:52 [EE]   File "<frozen importlib._bootstrap>", line 1360, in _find_and_load
2026-03-06 23:00:52 [EE]   File "<frozen importlib._bootstrap>", line 1331, in _find_and_load_unlocked
2026-03-06 23:00:52 [EE]   File "<frozen importlib._bootstrap>", line 935, in _load_unlocked
2026-03-06 23:00:52 [EE]   File "<frozen importlib._bootstrap_external>", line 995, in exec_module
2026-03-06 23:00:52 [EE]   File "<frozen importlib._bootstrap>", line 488, in _call_with_frames_removed
2026-03-06 23:00:52 [EE]   File "/opt/nightcity/game/commands/default_cmdsets.py", line 21, in <module>
2026-03-06 23:00:52 [EE]     from .admin_commands import CmdStat, CmdHeal, CmdApprove, CmdUnapprove, CmdSpawnRipperdoc, CmdGradientName, CmdClearAllStates, CmdClearRental, CmdCleanupDuplicates, CmdExamine, CmdAssociateAllCharacterSheets, CmdViewCharacterSheetID, CmdSetCharacterSheetID, CmdAllSheets, CmdViewSheetAttributes, CmdSyncLanguages, CmdJoin, CmdSummon
2026-03-06 23:00:52 [EE]   File "/opt/nightcity/game/commands/admin_commands.py", line 641, in <module>
2026-03-06 23:00:52 [EE]     from typeclasses.characters import Character
2026-03-06 23:00:52 [EE]   File "/opt/nightcity/game/typeclasses/characters.py", line 12, in <module>
2026-03-06 23:00:52 [EE]     from world.languages.models import CharacterLanguage, Language
2026-03-06 23:00:52 [EE] ImportError: cannot import name 'CharacterLanguage' from 'world.languages.models' (/opt/nightcity/game/world/languages/models.py)
None2026-03-06 23:00:52 [EE] Error loading cmdset 'commands.default_cmdsets.SessionCmdSet'
2026-03-06 23:00:52 [EE] (Traceback was logged 26-03-06 23:00:52)
None2026-03-06 23:00:52 [EE] Error encountered for cmdset at path 'commands.default_cmdsets.SessionCmdSet'.
2026-03-06 23:00:52 [EE] Replacing with fallback 'evennia.commands.default.cmdset_session.SessionCmdSet'.
2026-03-06 23:00:52 [!!] Traceback (most recent call last):
2026-03-06 23:00:52 [!!]   File "/opt/nightcity/venv/lib/python3.12/site-packages/evennia/typeclasses/models.py", line 288, in set_class_from_typeclass
2026-03-06 23:00:52 [!!]     self.__class__ = class_from_module(self.db_typeclass_path)
2026-03-06 23:00:52 [!!]                      ^^^^^^^^^^^^^^^^^^^^^^^^^^^^^^^^^^^^^^^^^
2026-03-06 23:00:52 [!!]   File "/opt/nightcity/venv/lib/python3.12/site-packages/evennia/utils/utils.py", line 1655, in class_from_module
2026-03-06 23:00:52 [!!]     mod = importlib.import_module(testpath, package="evennia")
2026-03-06 23:00:52 [!!]           ^^^^^^^^^^^^^^^^^^^^^^^^^^^^^^^^^^^^^^^^^^^^^^^^^^^^
2026-03-06 23:00:52 [!!]   File "/usr/lib/python3.12/importlib/__init__.py", line 90, in import_module
2026-03-06 23:00:52 [!!]     return _bootstrap._gcd_import(name[level:], package, level)
2026-03-06 23:00:52 [!!]            ^^^^^^^^^^^^^^^^^^^^^^^^^^^^^^^^^^^^^^^^^^^^^^^^^^^^
2026-03-06 23:00:52 [!!]   File "<frozen importlib._bootstrap>", line 1387, in _gcd_import
2026-03-06 23:00:52 [!!]   File "<frozen importlib._bootstrap>", line 1360, in _find_and_load
2026-03-06 23:00:52 [!!]   File "<frozen importlib._bootstrap>", line 1331, in _find_and_load_unlocked
2026-03-06 23:00:52 [!!]   File "<frozen importlib._bootstrap>", line 935, in _load_unlocked
2026-03-06 23:00:52 [!!]   File "<frozen importlib._bootstrap_external>", line 995, in exec_module
2026-03-06 23:00:52 [!!]   File "<frozen importlib._bootstrap>", line 488, in _call_with_frames_removed
2026-03-06 23:00:52 [!!]   File "/opt/nightcity/game/typeclasses/characters.py", line 12, in <module>
2026-03-06 23:00:52 [!!]     from world.languages.models import CharacterLanguage, Language
2026-03-06 23:00:52 [!!] ImportError: cannot import name 'CharacterLanguage' from 'world.languages.models' (/opt/nightcity/game/world/languages/models.py)
2026-03-06 23:09:51 [WW] Warning: Idmapper flush called more than once in 5.0 min interval. Check memory usage.
2026-03-06 23:11:32 [..] Server disconnected from the portal.
2026-03-06 23:11:32 [..] Main loop terminated.
2026-03-06 23:11:32 [..] Server Shut Down.
2026-03-06 23:11:36 [..] Loaded.
2026-03-06 23:11:33 [..] Loading /opt/nightcity/venv/lib/python3.12/site-packages/evennia/server/server.py...
2026-03-06 23:11:36 [..] Loaded.
2026-03-06 23:11:36 [..] twistd 24.11.0 (/opt/nightcity/venv/bin/python3 3.12.3) starting up.
2026-03-06 23:11:36 [..] reactor class: twisted.internet.epollreactor.EPollReactor.
2026-03-06 23:11:36 [..] Webserver starting on 4002
2026-03-06 23:11:36 [..] Server successfully reloaded.
2026-03-06 23:11:38 [!!] Traceback (most recent call last):
2026-03-06 23:11:38 [!!]   File "/opt/nightcity/venv/lib/python3.12/site-packages/evennia/commands/cmdsethandler.py", line 209, in import_cmdset
2026-03-06 23:11:38 [!!]     cmdsetclass = cmdsetclass(cmdsetobj)
2026-03-06 23:11:38 [!!]                   ^^^^^^^^^^^^^^^^^^^^^^
2026-03-06 23:11:38 [!!]   File "/opt/nightcity/venv/lib/python3.12/site-packages/evennia/commands/cmdset.py", line 225, in __init__
2026-03-06 23:11:38 [!!]     self.at_cmdset_creation()
2026-03-06 23:11:38 [!!]   File "/opt/nightcity/game/commands/default_cmdsets.py", line 91, in at_cmdset_creation
2026-03-06 23:11:38 [!!]     self.add(CmdVote())
2026-03-06 23:11:38 [!!]              ^^^^^^^
2026-03-06 23:11:38 [!!] NameError: name 'CmdVote' is not defined. Did you mean: 'CmdNotes'?
2026-03-06 23:11:38 [EE] Traceback (most recent call last):
2026-03-06 23:11:38 [EE]   File "/opt/nightcity/venv/lib/python3.12/site-packages/evennia/commands/cmdsethandler.py", line 209, in import_cmdset
2026-03-06 23:11:38 [EE]     cmdsetclass = cmdsetclass(cmdsetobj)
2026-03-06 23:11:38 [EE]                   ^^^^^^^^^^^^^^^^^^^^^^
2026-03-06 23:11:38 [EE]   File "/opt/nightcity/venv/lib/python3.12/site-packages/evennia/commands/cmdset.py", line 225, in __init__
2026-03-06 23:11:38 [EE]     self.at_cmdset_creation()
2026-03-06 23:11:38 [EE]   File "/opt/nightcity/game/commands/default_cmdsets.py", line 91, in at_cmdset_creation
2026-03-06 23:11:38 [EE]     self.add(CmdVote())
2026-03-06 23:11:38 [EE]              ^^^^^^^
2026-03-06 23:11:38 [EE] NameError: name 'CmdVote' is not defined. Did you mean: 'CmdNotes'?
None2026-03-06 23:11:38 [EE] Compile/Run error when loading cmdset 'commands.default_cmdsets.CharacterCmdSet'.
2026-03-06 23:11:38 [EE] (Traceback was logged 26-03-06 23:11:38)
None2026-03-06 23:11:38 [EE] Error encountered for cmdset at path 'commands.default_cmdsets.CharacterCmdSet'.
2026-03-06 23:11:38 [EE] Replacing with fallback 'evennia.commands.default.cmdset_character.CharacterCmdSet'.
2026-03-06 23:11:38 [!!] Traceback (most recent call last):
2026-03-06 23:11:38 [!!]   File "/opt/nightcity/venv/lib/python3.12/site-packages/evennia/commands/cmdsethandler.py", line 209, in import_cmdset
2026-03-06 23:11:38 [!!]     cmdsetclass = cmdsetclass(cmdsetobj)
2026-03-06 23:11:38 [!!]                   ^^^^^^^^^^^^^^^^^^^^^^
2026-03-06 23:11:38 [!!]   File "/opt/nightcity/venv/lib/python3.12/site-packages/evennia/commands/cmdset.py", line 225, in __init__
2026-03-06 23:11:38 [!!]     self.at_cmdset_creation()
2026-03-06 23:11:38 [!!]   File "/opt/nightcity/game/commands/default_cmdsets.py", line 91, in at_cmdset_creation
2026-03-06 23:11:38 [!!]     self.add(CmdVote())
2026-03-06 23:11:38 [!!]              ^^^^^^^
2026-03-06 23:11:38 [!!] NameError: name 'CmdVote' is not defined. Did you mean: 'CmdNotes'?
2026-03-06 23:11:38 [EE] Traceback (most recent call last):
2026-03-06 23:11:38 [EE]   File "/opt/nightcity/venv/lib/python3.12/site-packages/evennia/commands/cmdsethandler.py", line 209, in import_cmdset
2026-03-06 23:11:38 [EE]     cmdsetclass = cmdsetclass(cmdsetobj)
2026-03-06 23:11:38 [EE]                   ^^^^^^^^^^^^^^^^^^^^^^
2026-03-06 23:11:38 [EE]   File "/opt/nightcity/venv/lib/python3.12/site-packages/evennia/commands/cmdset.py", line 225, in __init__
2026-03-06 23:11:38 [EE]     self.at_cmdset_creation()
2026-03-06 23:11:38 [EE]   File "/opt/nightcity/game/commands/default_cmdsets.py", line 91, in at_cmdset_creation
2026-03-06 23:11:38 [EE]     self.add(CmdVote())
2026-03-06 23:11:38 [EE]              ^^^^^^^
2026-03-06 23:11:38 [EE] NameError: name 'CmdVote' is not defined. Did you mean: 'CmdNotes'?
None2026-03-06 23:11:38 [EE] Compile/Run error when loading cmdset 'commands.default_cmdsets.CharacterCmdSet'.
2026-03-06 23:11:38 [EE] (Traceback was logged 26-03-06 23:11:38)
None2026-03-06 23:11:38 [EE] Error encountered for cmdset at path 'commands.default_cmdsets.CharacterCmdSet'.
2026-03-06 23:11:38 [EE] Replacing with fallback 'evennia.commands.default.cmdset_character.CharacterCmdSet'.
2026-03-06 23:12:43 [..] Server disconnected from the portal.
2026-03-06 23:12:43 [..] Main loop terminated.
2026-03-06 23:12:43 [..] Server Shut Down.
2026-03-06 23:12:47 [..] Loaded.
2026-03-06 23:12:44 [..] Loading /opt/nightcity/venv/lib/python3.12/site-packages/evennia/server/server.py...
2026-03-06 23:12:47 [..] Loaded.
2026-03-06 23:12:47 [..] twistd 24.11.0 (/opt/nightcity/venv/bin/python3 3.12.3) starting up.
2026-03-06 23:12:47 [..] reactor class: twisted.internet.epollreactor.EPollReactor.
2026-03-06 23:12:47 [..] Webserver starting on 4002
2026-03-06 23:12:47 [..] Server successfully reloaded.
2026-03-06 23:12:47 [!!] Traceback (most recent call last):
2026-03-06 23:12:47 [!!]   File "/opt/nightcity/venv/lib/python3.12/site-packages/evennia/commands/cmdsethandler.py", line 186, in import_cmdset
2026-03-06 23:12:47 [!!]     raise exc.with_traceback(tb)
2026-03-06 23:12:47 [!!]   File "/opt/nightcity/venv/lib/python3.12/site-packages/evennia/commands/cmdsethandler.py", line 181, in import_cmdset
2026-03-06 23:12:47 [!!]     module = import_module(modpath, package="evennia")
2026-03-06 23:12:47 [!!]              ^^^^^^^^^^^^^^^^^^^^^^^^^^^^^^^^^^^^^^^^^
2026-03-06 23:12:47 [!!]   File "/usr/lib/python3.12/importlib/__init__.py", line 90, in import_module
2026-03-06 23:12:47 [!!]     return _bootstrap._gcd_import(name[level:], package, level)
2026-03-06 23:12:47 [!!]            ^^^^^^^^^^^^^^^^^^^^^^^^^^^^^^^^^^^^^^^^^^^^^^^^^^^^
2026-03-06 23:12:47 [!!]   File "<frozen importlib._bootstrap>", line 1387, in _gcd_import
2026-03-06 23:12:47 [!!]   File "<frozen importlib._bootstrap>", line 1360, in _find_and_load
2026-03-06 23:12:47 [!!]   File "<frozen importlib._bootstrap>", line 1331, in _find_and_load_unlocked
2026-03-06 23:12:47 [!!]   File "<frozen importlib._bootstrap>", line 935, in _load_unlocked
2026-03-06 23:12:47 [!!]   File "<frozen importlib._bootstrap_external>", line 995, in exec_module
2026-03-06 23:12:47 [!!]   File "<frozen importlib._bootstrap>", line 488, in _call_with_frames_removed
2026-03-06 23:12:47 [!!]   File "/opt/nightcity/game/commands/default_cmdsets.py", line 72, in <module>
2026-03-06 23:12:47 [!!]     from .vote_commands.py import CmdVote
2026-03-06 23:12:47 [!!] ModuleNotFoundError: No module named 'commands.vote_commands.py'; 'commands.vote_commands' is not a package
2026-03-06 23:12:47 [EE] Traceback (most recent call last):
2026-03-06 23:12:47 [EE]   File "/opt/nightcity/venv/lib/python3.12/site-packages/evennia/commands/cmdsethandler.py", line 186, in import_cmdset
2026-03-06 23:12:47 [EE]     raise exc.with_traceback(tb)
2026-03-06 23:12:47 [EE]   File "/opt/nightcity/venv/lib/python3.12/site-packages/evennia/commands/cmdsethandler.py", line 181, in import_cmdset
2026-03-06 23:12:47 [EE]     module = import_module(modpath, package="evennia")
2026-03-06 23:12:47 [EE]              ^^^^^^^^^^^^^^^^^^^^^^^^^^^^^^^^^^^^^^^^^
2026-03-06 23:12:47 [EE]   File "/usr/lib/python3.12/importlib/__init__.py", line 90, in import_module
2026-03-06 23:12:47 [EE]     return _bootstrap._gcd_import(name[level:], package, level)
2026-03-06 23:12:47 [EE]            ^^^^^^^^^^^^^^^^^^^^^^^^^^^^^^^^^^^^^^^^^^^^^^^^^^^^
2026-03-06 23:12:47 [EE]   File "<frozen importlib._bootstrap>", line 1387, in _gcd_import
2026-03-06 23:12:47 [EE]   File "<frozen importlib._bootstrap>", line 1360, in _find_and_load
2026-03-06 23:12:47 [EE]   File "<frozen importlib._bootstrap>", line 1331, in _find_and_load_unlocked
2026-03-06 23:12:47 [EE]   File "<frozen importlib._bootstrap>", line 935, in _load_unlocked
2026-03-06 23:12:47 [EE]   File "<frozen importlib._bootstrap_external>", line 995, in exec_module
2026-03-06 23:12:47 [EE]   File "<frozen importlib._bootstrap>", line 488, in _call_with_frames_removed
2026-03-06 23:12:47 [EE]   File "/opt/nightcity/game/commands/default_cmdsets.py", line 72, in <module>
2026-03-06 23:12:47 [EE]     from .vote_commands.py import CmdVote
2026-03-06 23:12:47 [EE] ModuleNotFoundError: No module named 'commands.vote_commands.py'; 'commands.vote_commands' is not a package
None2026-03-06 23:12:47 [EE] Error loading cmdset 'commands.default_cmdsets.SessionCmdSet'
2026-03-06 23:12:47 [EE] (Traceback was logged 26-03-06 23:12:47)
None2026-03-06 23:12:47 [EE] Error encountered for cmdset at path 'commands.default_cmdsets.SessionCmdSet'.
2026-03-06 23:12:47 [EE] Replacing with fallback 'evennia.commands.default.cmdset_session.SessionCmdSet'.
2026-03-06 23:12:48 [!!] Traceback (most recent call last):
2026-03-06 23:12:48 [!!]   File "/opt/nightcity/venv/lib/python3.12/site-packages/evennia/commands/cmdsethandler.py", line 186, in import_cmdset
2026-03-06 23:12:48 [!!]     raise exc.with_traceback(tb)
2026-03-06 23:12:48 [!!]   File "/opt/nightcity/venv/lib/python3.12/site-packages/evennia/commands/cmdsethandler.py", line 181, in import_cmdset
2026-03-06 23:12:48 [!!]     module = import_module(modpath, package="evennia")
2026-03-06 23:12:48 [!!]              ^^^^^^^^^^^^^^^^^^^^^^^^^^^^^^^^^^^^^^^^^
2026-03-06 23:12:48 [!!]   File "/usr/lib/python3.12/importlib/__init__.py", line 90, in import_module
2026-03-06 23:12:48 [!!]     return _bootstrap._gcd_import(name[level:], package, level)
2026-03-06 23:12:48 [!!]            ^^^^^^^^^^^^^^^^^^^^^^^^^^^^^^^^^^^^^^^^^^^^^^^^^^^^
2026-03-06 23:12:48 [!!]   File "<frozen importlib._bootstrap>", line 1387, in _gcd_import
2026-03-06 23:12:48 [!!]   File "<frozen importlib._bootstrap>", line 1360, in _find_and_load
2026-03-06 23:12:48 [!!]   File "<frozen importlib._bootstrap>", line 1331, in _find_and_load_unlocked
2026-03-06 23:12:48 [!!]   File "<frozen importlib._bootstrap>", line 935, in _load_unlocked
2026-03-06 23:12:48 [!!]   File "<frozen importlib._bootstrap_external>", line 995, in exec_module
2026-03-06 23:12:48 [!!]   File "<frozen importlib._bootstrap>", line 488, in _call_with_frames_removed
2026-03-06 23:12:48 [!!]   File "/opt/nightcity/game/commands/default_cmdsets.py", line 72, in <module>
2026-03-06 23:12:48 [!!]     from .vote_commands.py import CmdVote
2026-03-06 23:12:48 [!!] ModuleNotFoundError: No module named 'commands.vote_commands.py'; 'commands.vote_commands' is not a package
2026-03-06 23:12:48 [EE] Traceback (most recent call last):
2026-03-06 23:12:48 [EE]   File "/opt/nightcity/venv/lib/python3.12/site-packages/evennia/commands/cmdsethandler.py", line 186, in import_cmdset
2026-03-06 23:12:48 [EE]     raise exc.with_traceback(tb)
2026-03-06 23:12:48 [EE]   File "/opt/nightcity/venv/lib/python3.12/site-packages/evennia/commands/cmdsethandler.py", line 181, in import_cmdset
2026-03-06 23:12:48 [EE]     module = import_module(modpath, package="evennia")
2026-03-06 23:12:48 [EE]              ^^^^^^^^^^^^^^^^^^^^^^^^^^^^^^^^^^^^^^^^^
2026-03-06 23:12:48 [EE]   File "/usr/lib/python3.12/importlib/__init__.py", line 90, in import_module
2026-03-06 23:12:48 [EE]     return _bootstrap._gcd_import(name[level:], package, level)
2026-03-06 23:12:48 [EE]            ^^^^^^^^^^^^^^^^^^^^^^^^^^^^^^^^^^^^^^^^^^^^^^^^^^^^
2026-03-06 23:12:48 [EE]   File "<frozen importlib._bootstrap>", line 1387, in _gcd_import
2026-03-06 23:12:48 [EE]   File "<frozen importlib._bootstrap>", line 1360, in _find_and_load
2026-03-06 23:12:48 [EE]   File "<frozen importlib._bootstrap>", line 1331, in _find_and_load_unlocked
2026-03-06 23:12:48 [EE]   File "<frozen importlib._bootstrap>", line 935, in _load_unlocked
2026-03-06 23:12:48 [EE]   File "<frozen importlib._bootstrap_external>", line 995, in exec_module
2026-03-06 23:12:48 [EE]   File "<frozen importlib._bootstrap>", line 488, in _call_with_frames_removed
2026-03-06 23:12:48 [EE]   File "/opt/nightcity/game/commands/default_cmdsets.py", line 72, in <module>
2026-03-06 23:12:48 [EE]     from .vote_commands.py import CmdVote
2026-03-06 23:12:48 [EE] ModuleNotFoundError: No module named 'commands.vote_commands.py'; 'commands.vote_commands' is not a package
None2026-03-06 23:12:48 [EE] Error loading cmdset 'commands.default_cmdsets.SessionCmdSet'
2026-03-06 23:12:48 [EE] (Traceback was logged 26-03-06 23:12:48)
None2026-03-06 23:12:48 [EE] Error encountered for cmdset at path 'commands.default_cmdsets.SessionCmdSet'.
2026-03-06 23:12:48 [EE] Replacing with fallback 'evennia.commands.default.cmdset_session.SessionCmdSet'.
2026-03-06 23:12:48 [!!] Traceback (most recent call last):
2026-03-06 23:12:48 [!!]   File "/opt/nightcity/venv/lib/python3.12/site-packages/evennia/commands/cmdsethandler.py", line 186, in import_cmdset
2026-03-06 23:12:48 [!!]     raise exc.with_traceback(tb)
2026-03-06 23:12:48 [!!]   File "/opt/nightcity/venv/lib/python3.12/site-packages/evennia/commands/cmdsethandler.py", line 181, in import_cmdset
2026-03-06 23:12:48 [!!]     module = import_module(modpath, package="evennia")
2026-03-06 23:12:48 [!!]              ^^^^^^^^^^^^^^^^^^^^^^^^^^^^^^^^^^^^^^^^^
2026-03-06 23:12:48 [!!]   File "/usr/lib/python3.12/importlib/__init__.py", line 90, in import_module
2026-03-06 23:12:48 [!!]     return _bootstrap._gcd_import(name[level:], package, level)
2026-03-06 23:12:48 [!!]            ^^^^^^^^^^^^^^^^^^^^^^^^^^^^^^^^^^^^^^^^^^^^^^^^^^^^
2026-03-06 23:12:48 [!!]   File "<frozen importlib._bootstrap>", line 1387, in _gcd_import
2026-03-06 23:12:48 [!!]   File "<frozen importlib._bootstrap>", line 1360, in _find_and_load
2026-03-06 23:12:48 [!!]   File "<frozen importlib._bootstrap>", line 1331, in _find_and_load_unlocked
2026-03-06 23:12:48 [!!]   File "<frozen importlib._bootstrap>", line 935, in _load_unlocked
2026-03-06 23:12:48 [!!]   File "<frozen importlib._bootstrap_external>", line 995, in exec_module
2026-03-06 23:12:48 [!!]   File "<frozen importlib._bootstrap>", line 488, in _call_with_frames_removed
2026-03-06 23:12:48 [!!]   File "/opt/nightcity/game/commands/default_cmdsets.py", line 72, in <module>
2026-03-06 23:12:48 [!!]     from .vote_commands.py import CmdVote
2026-03-06 23:12:48 [!!] ModuleNotFoundError: No module named 'commands.vote_commands.py'; 'commands.vote_commands' is not a package
2026-03-06 23:12:48 [EE] Traceback (most recent call last):
2026-03-06 23:12:48 [EE]   File "/opt/nightcity/venv/lib/python3.12/site-packages/evennia/commands/cmdsethandler.py", line 186, in import_cmdset
2026-03-06 23:12:48 [EE]     raise exc.with_traceback(tb)
2026-03-06 23:12:48 [EE]   File "/opt/nightcity/venv/lib/python3.12/site-packages/evennia/commands/cmdsethandler.py", line 181, in import_cmdset
2026-03-06 23:12:48 [EE]     module = import_module(modpath, package="evennia")
2026-03-06 23:12:48 [EE]              ^^^^^^^^^^^^^^^^^^^^^^^^^^^^^^^^^^^^^^^^^
2026-03-06 23:12:48 [EE]   File "/usr/lib/python3.12/importlib/__init__.py", line 90, in import_module
2026-03-06 23:12:48 [EE]     return _bootstrap._gcd_import(name[level:], package, level)
2026-03-06 23:12:48 [EE]            ^^^^^^^^^^^^^^^^^^^^^^^^^^^^^^^^^^^^^^^^^^^^^^^^^^^^
2026-03-06 23:12:48 [EE]   File "<frozen importlib._bootstrap>", line 1387, in _gcd_import
2026-03-06 23:12:48 [EE]   File "<frozen importlib._bootstrap>", line 1360, in _find_and_load
2026-03-06 23:12:48 [EE]   File "<frozen importlib._bootstrap>", line 1331, in _find_and_load_unlocked
2026-03-06 23:12:48 [EE]   File "<frozen importlib._bootstrap>", line 935, in _load_unlocked
2026-03-06 23:12:48 [EE]   File "<frozen importlib._bootstrap_external>", line 995, in exec_module
2026-03-06 23:12:48 [EE]   File "<frozen importlib._bootstrap>", line 488, in _call_with_frames_removed
2026-03-06 23:12:48 [EE]   File "/opt/nightcity/game/commands/default_cmdsets.py", line 72, in <module>
2026-03-06 23:12:48 [EE]     from .vote_commands.py import CmdVote
2026-03-06 23:12:48 [EE] ModuleNotFoundError: No module named 'commands.vote_commands.py'; 'commands.vote_commands' is not a package
None2026-03-06 23:12:48 [EE] Error loading cmdset 'commands.default_cmdsets.SessionCmdSet'
2026-03-06 23:12:48 [EE] (Traceback was logged 26-03-06 23:12:48)
None2026-03-06 23:12:48 [EE] Error encountered for cmdset at path 'commands.default_cmdsets.SessionCmdSet'.
2026-03-06 23:12:48 [EE] Replacing with fallback 'evennia.commands.default.cmdset_session.SessionCmdSet'.
2026-03-06 23:12:48 [!!] Traceback (most recent call last):
2026-03-06 23:12:48 [!!]   File "/opt/nightcity/venv/lib/python3.12/site-packages/evennia/commands/cmdsethandler.py", line 186, in import_cmdset
2026-03-06 23:12:48 [!!]     raise exc.with_traceback(tb)
2026-03-06 23:12:48 [!!]   File "/opt/nightcity/venv/lib/python3.12/site-packages/evennia/commands/cmdsethandler.py", line 181, in import_cmdset
2026-03-06 23:12:48 [!!]     module = import_module(modpath, package="evennia")
2026-03-06 23:12:48 [!!]              ^^^^^^^^^^^^^^^^^^^^^^^^^^^^^^^^^^^^^^^^^
2026-03-06 23:12:48 [!!]   File "/usr/lib/python3.12/importlib/__init__.py", line 90, in import_module
2026-03-06 23:12:48 [!!]     return _bootstrap._gcd_import(name[level:], package, level)
2026-03-06 23:12:48 [!!]            ^^^^^^^^^^^^^^^^^^^^^^^^^^^^^^^^^^^^^^^^^^^^^^^^^^^^
2026-03-06 23:12:48 [!!]   File "<frozen importlib._bootstrap>", line 1387, in _gcd_import
2026-03-06 23:12:48 [!!]   File "<frozen importlib._bootstrap>", line 1360, in _find_and_load
2026-03-06 23:12:48 [!!]   File "<frozen importlib._bootstrap>", line 1331, in _find_and_load_unlocked
2026-03-06 23:12:48 [!!]   File "<frozen importlib._bootstrap>", line 935, in _load_unlocked
2026-03-06 23:12:48 [!!]   File "<frozen importlib._bootstrap_external>", line 995, in exec_module
2026-03-06 23:12:48 [!!]   File "<frozen importlib._bootstrap>", line 488, in _call_with_frames_removed
2026-03-06 23:12:48 [!!]   File "/opt/nightcity/game/commands/default_cmdsets.py", line 72, in <module>
2026-03-06 23:12:48 [!!]     from .vote_commands.py import CmdVote
2026-03-06 23:12:48 [!!] ModuleNotFoundError: No module named 'commands.vote_commands.py'; 'commands.vote_commands' is not a package
2026-03-06 23:12:48 [EE] Traceback (most recent call last):
2026-03-06 23:12:48 [EE]   File "/opt/nightcity/venv/lib/python3.12/site-packages/evennia/commands/cmdsethandler.py", line 186, in import_cmdset
2026-03-06 23:12:48 [EE]     raise exc.with_traceback(tb)
2026-03-06 23:12:48 [EE]   File "/opt/nightcity/venv/lib/python3.12/site-packages/evennia/commands/cmdsethandler.py", line 181, in import_cmdset
2026-03-06 23:12:48 [EE]     module = import_module(modpath, package="evennia")
2026-03-06 23:12:48 [EE]              ^^^^^^^^^^^^^^^^^^^^^^^^^^^^^^^^^^^^^^^^^
2026-03-06 23:12:48 [EE]   File "/usr/lib/python3.12/importlib/__init__.py", line 90, in import_module
2026-03-06 23:12:48 [EE]     return _bootstrap._gcd_import(name[level:], package, level)
2026-03-06 23:12:48 [EE]            ^^^^^^^^^^^^^^^^^^^^^^^^^^^^^^^^^^^^^^^^^^^^^^^^^^^^
2026-03-06 23:12:48 [EE]   File "<frozen importlib._bootstrap>", line 1387, in _gcd_import
2026-03-06 23:12:48 [EE]   File "<frozen importlib._bootstrap>", line 1360, in _find_and_load
2026-03-06 23:12:48 [EE]   File "<frozen importlib._bootstrap>", line 1331, in _find_and_load_unlocked
2026-03-06 23:12:48 [EE]   File "<frozen importlib._bootstrap>", line 935, in _load_unlocked
2026-03-06 23:12:48 [EE]   File "<frozen importlib._bootstrap_external>", line 995, in exec_module
2026-03-06 23:12:48 [EE]   File "<frozen importlib._bootstrap>", line 488, in _call_with_frames_removed
2026-03-06 23:12:48 [EE]   File "/opt/nightcity/game/commands/default_cmdsets.py", line 72, in <module>
2026-03-06 23:12:48 [EE]     from .vote_commands.py import CmdVote
2026-03-06 23:12:48 [EE] ModuleNotFoundError: No module named 'commands.vote_commands.py'; 'commands.vote_commands' is not a package
None2026-03-06 23:12:48 [EE] Error loading cmdset 'commands.default_cmdsets.SessionCmdSet'
2026-03-06 23:12:48 [EE] (Traceback was logged 26-03-06 23:12:48)
None2026-03-06 23:12:48 [EE] Error encountered for cmdset at path 'commands.default_cmdsets.SessionCmdSet'.
2026-03-06 23:12:48 [EE] Replacing with fallback 'evennia.commands.default.cmdset_session.SessionCmdSet'.
2026-03-06 23:14:19 [..] Server disconnected from the portal.
2026-03-06 23:14:19 [..] Main loop terminated.
2026-03-06 23:14:19 [..] Server Shut Down.
2026-03-06 23:14:23 [..] Loaded.
2026-03-06 23:14:20 [..] Loading /opt/nightcity/venv/lib/python3.12/site-packages/evennia/server/server.py...
2026-03-06 23:14:23 [..] Loaded.
2026-03-06 23:14:23 [..] twistd 24.11.0 (/opt/nightcity/venv/bin/python3 3.12.3) starting up.
2026-03-06 23:14:23 [..] reactor class: twisted.internet.epollreactor.EPollReactor.
2026-03-06 23:14:23 [..] Webserver starting on 4002
2026-03-06 23:14:23 [..] Server successfully reloaded.
2026-03-06 23:14:23 [!!] Traceback (most recent call last):
2026-03-06 23:14:23 [!!]   File "/opt/nightcity/venv/lib/python3.12/site-packages/evennia/commands/cmdsethandler.py", line 186, in import_cmdset
2026-03-06 23:14:23 [!!]     raise exc.with_traceback(tb)
2026-03-06 23:14:23 [!!]   File "/opt/nightcity/venv/lib/python3.12/site-packages/evennia/commands/cmdsethandler.py", line 181, in import_cmdset
2026-03-06 23:14:23 [!!]     module = import_module(modpath, package="evennia")
2026-03-06 23:14:23 [!!]              ^^^^^^^^^^^^^^^^^^^^^^^^^^^^^^^^^^^^^^^^^
2026-03-06 23:14:23 [!!]   File "/usr/lib/python3.12/importlib/__init__.py", line 90, in import_module
2026-03-06 23:14:23 [!!]     return _bootstrap._gcd_import(name[level:], package, level)
2026-03-06 23:14:23 [!!]            ^^^^^^^^^^^^^^^^^^^^^^^^^^^^^^^^^^^^^^^^^^^^^^^^^^^^
2026-03-06 23:14:23 [!!]   File "<frozen importlib._bootstrap>", line 1387, in _gcd_import
2026-03-06 23:14:23 [!!]   File "<frozen importlib._bootstrap>", line 1360, in _find_and_load
2026-03-06 23:14:23 [!!]   File "<frozen importlib._bootstrap>", line 1331, in _find_and_load_unlocked
2026-03-06 23:14:23 [!!]   File "<frozen importlib._bootstrap>", line 935, in _load_unlocked
2026-03-06 23:14:23 [!!]   File "<frozen importlib._bootstrap_external>", line 995, in exec_module
2026-03-06 23:14:23 [!!]   File "<frozen importlib._bootstrap>", line 488, in _call_with_frames_removed
2026-03-06 23:14:23 [!!]   File "/opt/nightcity/game/commands/default_cmdsets.py", line 72, in <module>
2026-03-06 23:14:23 [!!]     from commands.vote_commands.py import CmdVote
2026-03-06 23:14:23 [!!] ModuleNotFoundError: No module named 'commands.vote_commands.py'; 'commands.vote_commands' is not a package
2026-03-06 23:14:23 [EE] Traceback (most recent call last):
2026-03-06 23:14:23 [EE]   File "/opt/nightcity/venv/lib/python3.12/site-packages/evennia/commands/cmdsethandler.py", line 186, in import_cmdset
2026-03-06 23:14:23 [EE]     raise exc.with_traceback(tb)
2026-03-06 23:14:23 [EE]   File "/opt/nightcity/venv/lib/python3.12/site-packages/evennia/commands/cmdsethandler.py", line 181, in import_cmdset
2026-03-06 23:14:23 [EE]     module = import_module(modpath, package="evennia")
2026-03-06 23:14:23 [EE]              ^^^^^^^^^^^^^^^^^^^^^^^^^^^^^^^^^^^^^^^^^
2026-03-06 23:14:23 [EE]   File "/usr/lib/python3.12/importlib/__init__.py", line 90, in import_module
2026-03-06 23:14:23 [EE]     return _bootstrap._gcd_import(name[level:], package, level)
2026-03-06 23:14:23 [EE]            ^^^^^^^^^^^^^^^^^^^^^^^^^^^^^^^^^^^^^^^^^^^^^^^^^^^^
2026-03-06 23:14:23 [EE]   File "<frozen importlib._bootstrap>", line 1387, in _gcd_import
2026-03-06 23:14:23 [EE]   File "<frozen importlib._bootstrap>", line 1360, in _find_and_load
2026-03-06 23:14:23 [EE]   File "<frozen importlib._bootstrap>", line 1331, in _find_and_load_unlocked
2026-03-06 23:14:23 [EE]   File "<frozen importlib._bootstrap>", line 935, in _load_unlocked
2026-03-06 23:14:23 [EE]   File "<frozen importlib._bootstrap_external>", line 995, in exec_module
2026-03-06 23:14:23 [EE]   File "<frozen importlib._bootstrap>", line 488, in _call_with_frames_removed
2026-03-06 23:14:23 [EE]   File "/opt/nightcity/game/commands/default_cmdsets.py", line 72, in <module>
2026-03-06 23:14:23 [EE]     from commands.vote_commands.py import CmdVote
2026-03-06 23:14:23 [EE] ModuleNotFoundError: No module named 'commands.vote_commands.py'; 'commands.vote_commands' is not a package
None2026-03-06 23:14:23 [EE] Error loading cmdset 'commands.default_cmdsets.SessionCmdSet'
2026-03-06 23:14:23 [EE] (Traceback was logged 26-03-06 23:14:23)
None2026-03-06 23:14:23 [EE] Error encountered for cmdset at path 'commands.default_cmdsets.SessionCmdSet'.
2026-03-06 23:14:23 [EE] Replacing with fallback 'evennia.commands.default.cmdset_session.SessionCmdSet'.
2026-03-06 23:14:24 [!!] Traceback (most recent call last):
2026-03-06 23:14:24 [!!]   File "/opt/nightcity/venv/lib/python3.12/site-packages/evennia/commands/cmdsethandler.py", line 186, in import_cmdset
2026-03-06 23:14:24 [!!]     raise exc.with_traceback(tb)
2026-03-06 23:14:24 [!!]   File "/opt/nightcity/venv/lib/python3.12/site-packages/evennia/commands/cmdsethandler.py", line 181, in import_cmdset
2026-03-06 23:14:24 [!!]     module = import_module(modpath, package="evennia")
2026-03-06 23:14:24 [!!]              ^^^^^^^^^^^^^^^^^^^^^^^^^^^^^^^^^^^^^^^^^
2026-03-06 23:14:24 [!!]   File "/usr/lib/python3.12/importlib/__init__.py", line 90, in import_module
2026-03-06 23:14:24 [!!]     return _bootstrap._gcd_import(name[level:], package, level)
2026-03-06 23:14:24 [!!]            ^^^^^^^^^^^^^^^^^^^^^^^^^^^^^^^^^^^^^^^^^^^^^^^^^^^^
2026-03-06 23:14:24 [!!]   File "<frozen importlib._bootstrap>", line 1387, in _gcd_import
2026-03-06 23:14:24 [!!]   File "<frozen importlib._bootstrap>", line 1360, in _find_and_load
2026-03-06 23:14:24 [!!]   File "<frozen importlib._bootstrap>", line 1331, in _find_and_load_unlocked
2026-03-06 23:14:24 [!!]   File "<frozen importlib._bootstrap>", line 935, in _load_unlocked
2026-03-06 23:14:24 [!!]   File "<frozen importlib._bootstrap_external>", line 995, in exec_module
2026-03-06 23:14:24 [!!]   File "<frozen importlib._bootstrap>", line 488, in _call_with_frames_removed
2026-03-06 23:14:24 [!!]   File "/opt/nightcity/game/commands/default_cmdsets.py", line 72, in <module>
2026-03-06 23:14:24 [!!]     from commands.vote_commands.py import CmdVote
2026-03-06 23:14:24 [!!] ModuleNotFoundError: No module named 'commands.vote_commands.py'; 'commands.vote_commands' is not a package
2026-03-06 23:14:24 [EE] Traceback (most recent call last):
2026-03-06 23:14:24 [EE]   File "/opt/nightcity/venv/lib/python3.12/site-packages/evennia/commands/cmdsethandler.py", line 186, in import_cmdset
2026-03-06 23:14:24 [EE]     raise exc.with_traceback(tb)
2026-03-06 23:14:24 [EE]   File "/opt/nightcity/venv/lib/python3.12/site-packages/evennia/commands/cmdsethandler.py", line 181, in import_cmdset
2026-03-06 23:14:24 [EE]     module = import_module(modpath, package="evennia")
2026-03-06 23:14:24 [EE]              ^^^^^^^^^^^^^^^^^^^^^^^^^^^^^^^^^^^^^^^^^
2026-03-06 23:14:24 [EE]   File "/usr/lib/python3.12/importlib/__init__.py", line 90, in import_module
2026-03-06 23:14:24 [EE]     return _bootstrap._gcd_import(name[level:], package, level)
2026-03-06 23:14:24 [EE]            ^^^^^^^^^^^^^^^^^^^^^^^^^^^^^^^^^^^^^^^^^^^^^^^^^^^^
2026-03-06 23:14:24 [EE]   File "<frozen importlib._bootstrap>", line 1387, in _gcd_import
2026-03-06 23:14:24 [EE]   File "<frozen importlib._bootstrap>", line 1360, in _find_and_load
2026-03-06 23:14:24 [EE]   File "<frozen importlib._bootstrap>", line 1331, in _find_and_load_unlocked
2026-03-06 23:14:24 [EE]   File "<frozen importlib._bootstrap>", line 935, in _load_unlocked
2026-03-06 23:14:24 [EE]   File "<frozen importlib._bootstrap_external>", line 995, in exec_module
2026-03-06 23:14:24 [EE]   File "<frozen importlib._bootstrap>", line 488, in _call_with_frames_removed
2026-03-06 23:14:24 [EE]   File "/opt/nightcity/game/commands/default_cmdsets.py", line 72, in <module>
2026-03-06 23:14:24 [EE]     from commands.vote_commands.py import CmdVote
2026-03-06 23:14:24 [EE] ModuleNotFoundError: No module named 'commands.vote_commands.py'; 'commands.vote_commands' is not a package
None2026-03-06 23:14:24 [EE] Error loading cmdset 'commands.default_cmdsets.SessionCmdSet'
2026-03-06 23:14:24 [EE] (Traceback was logged 26-03-06 23:14:24)
None2026-03-06 23:14:24 [EE] Error encountered for cmdset at path 'commands.default_cmdsets.SessionCmdSet'.
2026-03-06 23:14:24 [EE] Replacing with fallback 'evennia.commands.default.cmdset_session.SessionCmdSet'.
2026-03-06 23:14:24 [!!] Traceback (most recent call last):
2026-03-06 23:14:24 [!!]   File "/opt/nightcity/venv/lib/python3.12/site-packages/evennia/commands/cmdsethandler.py", line 186, in import_cmdset
2026-03-06 23:14:24 [!!]     raise exc.with_traceback(tb)
2026-03-06 23:14:24 [!!]   File "/opt/nightcity/venv/lib/python3.12/site-packages/evennia/commands/cmdsethandler.py", line 181, in import_cmdset
2026-03-06 23:14:24 [!!]     module = import_module(modpath, package="evennia")
2026-03-06 23:14:24 [!!]              ^^^^^^^^^^^^^^^^^^^^^^^^^^^^^^^^^^^^^^^^^
2026-03-06 23:14:24 [!!]   File "/usr/lib/python3.12/importlib/__init__.py", line 90, in import_module
2026-03-06 23:14:24 [!!]     return _bootstrap._gcd_import(name[level:], package, level)
2026-03-06 23:14:24 [!!]            ^^^^^^^^^^^^^^^^^^^^^^^^^^^^^^^^^^^^^^^^^^^^^^^^^^^^
2026-03-06 23:14:24 [!!]   File "<frozen importlib._bootstrap>", line 1387, in _gcd_import
2026-03-06 23:14:24 [!!]   File "<frozen importlib._bootstrap>", line 1360, in _find_and_load
2026-03-06 23:14:24 [!!]   File "<frozen importlib._bootstrap>", line 1331, in _find_and_load_unlocked
2026-03-06 23:14:24 [!!]   File "<frozen importlib._bootstrap>", line 935, in _load_unlocked
2026-03-06 23:14:24 [!!]   File "<frozen importlib._bootstrap_external>", line 995, in exec_module
2026-03-06 23:14:24 [!!]   File "<frozen importlib._bootstrap>", line 488, in _call_with_frames_removed
2026-03-06 23:14:24 [!!]   File "/opt/nightcity/game/commands/default_cmdsets.py", line 72, in <module>
2026-03-06 23:14:24 [!!]     from commands.vote_commands.py import CmdVote
2026-03-06 23:14:24 [!!] ModuleNotFoundError: No module named 'commands.vote_commands.py'; 'commands.vote_commands' is not a package
2026-03-06 23:14:24 [EE] Traceback (most recent call last):
2026-03-06 23:14:24 [EE]   File "/opt/nightcity/venv/lib/python3.12/site-packages/evennia/commands/cmdsethandler.py", line 186, in import_cmdset
2026-03-06 23:14:24 [EE]     raise exc.with_traceback(tb)
2026-03-06 23:14:24 [EE]   File "/opt/nightcity/venv/lib/python3.12/site-packages/evennia/commands/cmdsethandler.py", line 181, in import_cmdset
2026-03-06 23:14:24 [EE]     module = import_module(modpath, package="evennia")
2026-03-06 23:14:24 [EE]              ^^^^^^^^^^^^^^^^^^^^^^^^^^^^^^^^^^^^^^^^^
2026-03-06 23:14:24 [EE]   File "/usr/lib/python3.12/importlib/__init__.py", line 90, in import_module
2026-03-06 23:14:24 [EE]     return _bootstrap._gcd_import(name[level:], package, level)
2026-03-06 23:14:24 [EE]            ^^^^^^^^^^^^^^^^^^^^^^^^^^^^^^^^^^^^^^^^^^^^^^^^^^^^
2026-03-06 23:14:24 [EE]   File "<frozen importlib._bootstrap>", line 1387, in _gcd_import
2026-03-06 23:14:24 [EE]   File "<frozen importlib._bootstrap>", line 1360, in _find_and_load
2026-03-06 23:14:24 [EE]   File "<frozen importlib._bootstrap>", line 1331, in _find_and_load_unlocked
2026-03-06 23:14:24 [EE]   File "<frozen importlib._bootstrap>", line 935, in _load_unlocked
2026-03-06 23:14:24 [EE]   File "<frozen importlib._bootstrap_external>", line 995, in exec_module
2026-03-06 23:14:24 [EE]   File "<frozen importlib._bootstrap>", line 488, in _call_with_frames_removed
2026-03-06 23:14:24 [EE]   File "/opt/nightcity/game/commands/default_cmdsets.py", line 72, in <module>
2026-03-06 23:14:24 [EE]     from commands.vote_commands.py import CmdVote
2026-03-06 23:14:24 [EE] ModuleNotFoundError: No module named 'commands.vote_commands.py'; 'commands.vote_commands' is not a package
None2026-03-06 23:14:24 [EE] Error loading cmdset 'commands.default_cmdsets.SessionCmdSet'
2026-03-06 23:14:24 [EE] (Traceback was logged 26-03-06 23:14:24)
None2026-03-06 23:14:24 [EE] Error encountered for cmdset at path 'commands.default_cmdsets.SessionCmdSet'.
2026-03-06 23:14:24 [EE] Replacing with fallback 'evennia.commands.default.cmdset_session.SessionCmdSet'.
2026-03-06 23:14:24 [!!] Traceback (most recent call last):
2026-03-06 23:14:24 [!!]   File "/opt/nightcity/venv/lib/python3.12/site-packages/evennia/commands/cmdsethandler.py", line 186, in import_cmdset
2026-03-06 23:14:24 [!!]     raise exc.with_traceback(tb)
2026-03-06 23:14:24 [!!]   File "/opt/nightcity/venv/lib/python3.12/site-packages/evennia/commands/cmdsethandler.py", line 181, in import_cmdset
2026-03-06 23:14:24 [!!]     module = import_module(modpath, package="evennia")
2026-03-06 23:14:24 [!!]              ^^^^^^^^^^^^^^^^^^^^^^^^^^^^^^^^^^^^^^^^^
2026-03-06 23:14:24 [!!]   File "/usr/lib/python3.12/importlib/__init__.py", line 90, in import_module
2026-03-06 23:14:24 [!!]     return _bootstrap._gcd_import(name[level:], package, level)
2026-03-06 23:14:24 [!!]            ^^^^^^^^^^^^^^^^^^^^^^^^^^^^^^^^^^^^^^^^^^^^^^^^^^^^
2026-03-06 23:14:24 [!!]   File "<frozen importlib._bootstrap>", line 1387, in _gcd_import
2026-03-06 23:14:24 [!!]   File "<frozen importlib._bootstrap>", line 1360, in _find_and_load
2026-03-06 23:14:24 [!!]   File "<frozen importlib._bootstrap>", line 1331, in _find_and_load_unlocked
2026-03-06 23:14:24 [!!]   File "<frozen importlib._bootstrap>", line 935, in _load_unlocked
2026-03-06 23:14:24 [!!]   File "<frozen importlib._bootstrap_external>", line 995, in exec_module
2026-03-06 23:14:24 [!!]   File "<frozen importlib._bootstrap>", line 488, in _call_with_frames_removed
2026-03-06 23:14:24 [!!]   File "/opt/nightcity/game/commands/default_cmdsets.py", line 72, in <module>
2026-03-06 23:14:24 [!!]     from commands.vote_commands.py import CmdVote
2026-03-06 23:14:24 [!!] ModuleNotFoundError: No module named 'commands.vote_commands.py'; 'commands.vote_commands' is not a package
2026-03-06 23:14:24 [EE] Traceback (most recent call last):
2026-03-06 23:14:24 [EE]   File "/opt/nightcity/venv/lib/python3.12/site-packages/evennia/commands/cmdsethandler.py", line 186, in import_cmdset
2026-03-06 23:14:24 [EE]     raise exc.with_traceback(tb)
2026-03-06 23:14:24 [EE]   File "/opt/nightcity/venv/lib/python3.12/site-packages/evennia/commands/cmdsethandler.py", line 181, in import_cmdset
2026-03-06 23:14:24 [EE]     module = import_module(modpath, package="evennia")
2026-03-06 23:14:24 [EE]              ^^^^^^^^^^^^^^^^^^^^^^^^^^^^^^^^^^^^^^^^^
2026-03-06 23:14:24 [EE]   File "/usr/lib/python3.12/importlib/__init__.py", line 90, in import_module
2026-03-06 23:14:24 [EE]     return _bootstrap._gcd_import(name[level:], package, level)
2026-03-06 23:14:24 [EE]            ^^^^^^^^^^^^^^^^^^^^^^^^^^^^^^^^^^^^^^^^^^^^^^^^^^^^
2026-03-06 23:14:24 [EE]   File "<frozen importlib._bootstrap>", line 1387, in _gcd_import
2026-03-06 23:14:24 [EE]   File "<frozen importlib._bootstrap>", line 1360, in _find_and_load
2026-03-06 23:14:24 [EE]   File "<frozen importlib._bootstrap>", line 1331, in _find_and_load_unlocked
2026-03-06 23:14:24 [EE]   File "<frozen importlib._bootstrap>", line 935, in _load_unlocked
2026-03-06 23:14:24 [EE]   File "<frozen importlib._bootstrap_external>", line 995, in exec_module
2026-03-06 23:14:24 [EE]   File "<frozen importlib._bootstrap>", line 488, in _call_with_frames_removed
2026-03-06 23:14:24 [EE]   File "/opt/nightcity/game/commands/default_cmdsets.py", line 72, in <module>
2026-03-06 23:14:24 [EE]     from commands.vote_commands.py import CmdVote
2026-03-06 23:14:24 [EE] ModuleNotFoundError: No module named 'commands.vote_commands.py'; 'commands.vote_commands' is not a package
None2026-03-06 23:14:24 [EE] Error loading cmdset 'commands.default_cmdsets.SessionCmdSet'
2026-03-06 23:14:24 [EE] (Traceback was logged 26-03-06 23:14:24)
None2026-03-06 23:14:24 [EE] Error encountered for cmdset at path 'commands.default_cmdsets.SessionCmdSet'.
2026-03-06 23:14:24 [EE] Replacing with fallback 'evennia.commands.default.cmdset_session.SessionCmdSet'.
2026-03-06 23:23:23 [WW] Warning: Idmapper flush called more than once in 5.0 min interval. Check memory usage.
2026-03-06 23:32:44 [!!] Traceback (most recent call last):
2026-03-06 23:32:44 [!!]   File "/opt/nightcity/venv/lib/python3.12/site-packages/evennia/commands/cmdsethandler.py", line 186, in import_cmdset
2026-03-06 23:32:44 [!!]     raise exc.with_traceback(tb)
2026-03-06 23:32:44 [!!]   File "/opt/nightcity/venv/lib/python3.12/site-packages/evennia/commands/cmdsethandler.py", line 181, in import_cmdset
2026-03-06 23:32:44 [!!]     module = import_module(modpath, package="evennia")
2026-03-06 23:32:44 [!!]              ^^^^^^^^^^^^^^^^^^^^^^^^^^^^^^^^^^^^^^^^^
2026-03-06 23:32:44 [!!]   File "/usr/lib/python3.12/importlib/__init__.py", line 90, in import_module
2026-03-06 23:32:44 [!!]     return _bootstrap._gcd_import(name[level:], package, level)
2026-03-06 23:32:44 [!!]            ^^^^^^^^^^^^^^^^^^^^^^^^^^^^^^^^^^^^^^^^^^^^^^^^^^^^
2026-03-06 23:32:44 [!!]   File "<frozen importlib._bootstrap>", line 1387, in _gcd_import
2026-03-06 23:32:44 [!!]   File "<frozen importlib._bootstrap>", line 1360, in _find_and_load
2026-03-06 23:32:44 [!!]   File "<frozen importlib._bootstrap>", line 1331, in _find_and_load_unlocked
2026-03-06 23:32:44 [!!]   File "<frozen importlib._bootstrap>", line 935, in _load_unlocked
2026-03-06 23:32:44 [!!]   File "<frozen importlib._bootstrap_external>", line 995, in exec_module
2026-03-06 23:32:44 [!!]   File "<frozen importlib._bootstrap>", line 488, in _call_with_frames_removed
2026-03-06 23:32:44 [!!]   File "/opt/nightcity/game/commands/default_cmdsets.py", line 72, in <module>
2026-03-06 23:32:44 [!!]     from commands.vote_commands.py import CmdVote
2026-03-06 23:32:44 [!!] ModuleNotFoundError: No module named 'commands.vote_commands.py'; 'commands.vote_commands' is not a package
2026-03-06 23:32:44 [EE] Traceback (most recent call last):
2026-03-06 23:32:44 [EE]   File "/opt/nightcity/venv/lib/python3.12/site-packages/evennia/commands/cmdsethandler.py", line 186, in import_cmdset
2026-03-06 23:32:44 [EE]     raise exc.with_traceback(tb)
2026-03-06 23:32:44 [EE]   File "/opt/nightcity/venv/lib/python3.12/site-packages/evennia/commands/cmdsethandler.py", line 181, in import_cmdset
2026-03-06 23:32:44 [EE]     module = import_module(modpath, package="evennia")
2026-03-06 23:32:44 [EE]              ^^^^^^^^^^^^^^^^^^^^^^^^^^^^^^^^^^^^^^^^^
2026-03-06 23:32:44 [EE]   File "/usr/lib/python3.12/importlib/__init__.py", line 90, in import_module
2026-03-06 23:32:44 [EE]     return _bootstrap._gcd_import(name[level:], package, level)
2026-03-06 23:32:44 [EE]            ^^^^^^^^^^^^^^^^^^^^^^^^^^^^^^^^^^^^^^^^^^^^^^^^^^^^
2026-03-06 23:32:44 [EE]   File "<frozen importlib._bootstrap>", line 1387, in _gcd_import
2026-03-06 23:32:44 [EE]   File "<frozen importlib._bootstrap>", line 1360, in _find_and_load
2026-03-06 23:32:44 [EE]   File "<frozen importlib._bootstrap>", line 1331, in _find_and_load_unlocked
2026-03-06 23:32:44 [EE]   File "<frozen importlib._bootstrap>", line 935, in _load_unlocked
2026-03-06 23:32:44 [EE]   File "<frozen importlib._bootstrap_external>", line 995, in exec_module
2026-03-06 23:32:44 [EE]   File "<frozen importlib._bootstrap>", line 488, in _call_with_frames_removed
2026-03-06 23:32:44 [EE]   File "/opt/nightcity/game/commands/default_cmdsets.py", line 72, in <module>
2026-03-06 23:32:44 [EE]     from commands.vote_commands.py import CmdVote
2026-03-06 23:32:44 [EE] ModuleNotFoundError: No module named 'commands.vote_commands.py'; 'commands.vote_commands' is not a package
None2026-03-06 23:32:44 [EE] Error loading cmdset 'commands.default_cmdsets.UnloggedinCmdSet'
2026-03-06 23:32:44 [EE] (Traceback was logged 26-03-06 23:32:44)
None2026-03-06 23:32:44 [EE] Error encountered for cmdset at path 'commands.default_cmdsets.UnloggedinCmdSet'.
2026-03-06 23:32:44 [EE] Replacing with fallback 'evennia.commands.default.cmdset_unloggedin.UnloggedinCmdSet'.
2026-03-06 23:38:56 [!!] Traceback (most recent call last):
2026-03-06 23:38:56 [!!]   File "/opt/nightcity/venv/lib/python3.12/site-packages/evennia/commands/cmdsethandler.py", line 186, in import_cmdset
2026-03-06 23:38:56 [!!]     raise exc.with_traceback(tb)
2026-03-06 23:38:56 [!!]   File "/opt/nightcity/venv/lib/python3.12/site-packages/evennia/commands/cmdsethandler.py", line 181, in import_cmdset
2026-03-06 23:38:56 [!!]     module = import_module(modpath, package="evennia")
2026-03-06 23:38:56 [!!]              ^^^^^^^^^^^^^^^^^^^^^^^^^^^^^^^^^^^^^^^^^
2026-03-06 23:38:56 [!!]   File "/usr/lib/python3.12/importlib/__init__.py", line 90, in import_module
2026-03-06 23:38:56 [!!]     return _bootstrap._gcd_import(name[level:], package, level)
2026-03-06 23:38:56 [!!]            ^^^^^^^^^^^^^^^^^^^^^^^^^^^^^^^^^^^^^^^^^^^^^^^^^^^^
2026-03-06 23:38:56 [!!]   File "<frozen importlib._bootstrap>", line 1387, in _gcd_import
2026-03-06 23:38:56 [!!]   File "<frozen importlib._bootstrap>", line 1360, in _find_and_load
2026-03-06 23:38:56 [!!]   File "<frozen importlib._bootstrap>", line 1331, in _find_and_load_unlocked
2026-03-06 23:38:56 [!!]   File "<frozen importlib._bootstrap>", line 935, in _load_unlocked
2026-03-06 23:38:56 [!!]   File "<frozen importlib._bootstrap_external>", line 995, in exec_module
2026-03-06 23:38:56 [!!]   File "<frozen importlib._bootstrap>", line 488, in _call_with_frames_removed
2026-03-06 23:38:56 [!!]   File "/opt/nightcity/game/commands/default_cmdsets.py", line 72, in <module>
2026-03-06 23:38:56 [!!]     from commands.vote_commands.py import CmdVote
2026-03-06 23:38:56 [!!] ModuleNotFoundError: No module named 'commands.vote_commands.py'; 'commands.vote_commands' is not a package
2026-03-06 23:38:56 [EE] Traceback (most recent call last):
2026-03-06 23:38:56 [EE]   File "/opt/nightcity/venv/lib/python3.12/site-packages/evennia/commands/cmdsethandler.py", line 186, in import_cmdset
2026-03-06 23:38:56 [EE]     raise exc.with_traceback(tb)
2026-03-06 23:38:56 [EE]   File "/opt/nightcity/venv/lib/python3.12/site-packages/evennia/commands/cmdsethandler.py", line 181, in import_cmdset
2026-03-06 23:38:56 [EE]     module = import_module(modpath, package="evennia")
2026-03-06 23:38:56 [EE]              ^^^^^^^^^^^^^^^^^^^^^^^^^^^^^^^^^^^^^^^^^
2026-03-06 23:38:56 [EE]   File "/usr/lib/python3.12/importlib/__init__.py", line 90, in import_module
2026-03-06 23:38:56 [EE]     return _bootstrap._gcd_import(name[level:], package, level)
2026-03-06 23:38:56 [EE]            ^^^^^^^^^^^^^^^^^^^^^^^^^^^^^^^^^^^^^^^^^^^^^^^^^^^^
2026-03-06 23:38:56 [EE]   File "<frozen importlib._bootstrap>", line 1387, in _gcd_import
2026-03-06 23:38:56 [EE]   File "<frozen importlib._bootstrap>", line 1360, in _find_and_load
2026-03-06 23:38:56 [EE]   File "<frozen importlib._bootstrap>", line 1331, in _find_and_load_unlocked
2026-03-06 23:38:56 [EE]   File "<frozen importlib._bootstrap>", line 935, in _load_unlocked
2026-03-06 23:38:56 [EE]   File "<frozen importlib._bootstrap_external>", line 995, in exec_module
2026-03-06 23:38:56 [EE]   File "<frozen importlib._bootstrap>", line 488, in _call_with_frames_removed
2026-03-06 23:38:56 [EE]   File "/opt/nightcity/game/commands/default_cmdsets.py", line 72, in <module>
2026-03-06 23:38:56 [EE]     from commands.vote_commands.py import CmdVote
2026-03-06 23:38:56 [EE] ModuleNotFoundError: No module named 'commands.vote_commands.py'; 'commands.vote_commands' is not a package
None2026-03-06 23:38:56 [EE] Error loading cmdset 'commands.default_cmdsets.AccountCmdSet'
2026-03-06 23:38:56 [EE] (Traceback was logged 26-03-06 23:38:56)
None2026-03-06 23:38:56 [EE] Error encountered for cmdset at path 'commands.default_cmdsets.AccountCmdSet'.
2026-03-06 23:38:56 [EE] Replacing with fallback 'evennia.commands.default.cmdset_account.AccountCmdSet'.
2026-03-06 23:38:56 [!!] Traceback (most recent call last):
2026-03-06 23:38:56 [!!]   File "/opt/nightcity/venv/lib/python3.12/site-packages/evennia/commands/cmdsethandler.py", line 186, in import_cmdset
2026-03-06 23:38:56 [!!]     raise exc.with_traceback(tb)
2026-03-06 23:38:56 [!!]   File "/opt/nightcity/venv/lib/python3.12/site-packages/evennia/commands/cmdsethandler.py", line 181, in import_cmdset
2026-03-06 23:38:56 [!!]     module = import_module(modpath, package="evennia")
2026-03-06 23:38:56 [!!]              ^^^^^^^^^^^^^^^^^^^^^^^^^^^^^^^^^^^^^^^^^
2026-03-06 23:38:56 [!!]   File "/usr/lib/python3.12/importlib/__init__.py", line 90, in import_module
2026-03-06 23:38:56 [!!]     return _bootstrap._gcd_import(name[level:], package, level)
2026-03-06 23:38:56 [!!]            ^^^^^^^^^^^^^^^^^^^^^^^^^^^^^^^^^^^^^^^^^^^^^^^^^^^^
2026-03-06 23:38:56 [!!]   File "<frozen importlib._bootstrap>", line 1387, in _gcd_import
2026-03-06 23:38:56 [!!]   File "<frozen importlib._bootstrap>", line 1360, in _find_and_load
2026-03-06 23:38:56 [!!]   File "<frozen importlib._bootstrap>", line 1331, in _find_and_load_unlocked
2026-03-06 23:38:56 [!!]   File "<frozen importlib._bootstrap>", line 935, in _load_unlocked
2026-03-06 23:38:56 [!!]   File "<frozen importlib._bootstrap_external>", line 995, in exec_module
2026-03-06 23:38:56 [!!]   File "<frozen importlib._bootstrap>", line 488, in _call_with_frames_removed
2026-03-06 23:38:56 [!!]   File "/opt/nightcity/game/commands/default_cmdsets.py", line 72, in <module>
2026-03-06 23:38:56 [!!]     from commands.vote_commands.py import CmdVote
2026-03-06 23:38:56 [!!] ModuleNotFoundError: No module named 'commands.vote_commands.py'; 'commands.vote_commands' is not a package
2026-03-06 23:38:56 [EE] Traceback (most recent call last):
2026-03-06 23:38:56 [EE]   File "/opt/nightcity/venv/lib/python3.12/site-packages/evennia/commands/cmdsethandler.py", line 186, in import_cmdset
2026-03-06 23:38:56 [EE]     raise exc.with_traceback(tb)
2026-03-06 23:38:56 [EE]   File "/opt/nightcity/venv/lib/python3.12/site-packages/evennia/commands/cmdsethandler.py", line 181, in import_cmdset
2026-03-06 23:38:56 [EE]     module = import_module(modpath, package="evennia")
2026-03-06 23:38:56 [EE]              ^^^^^^^^^^^^^^^^^^^^^^^^^^^^^^^^^^^^^^^^^
2026-03-06 23:38:56 [EE]   File "/usr/lib/python3.12/importlib/__init__.py", line 90, in import_module
2026-03-06 23:38:56 [EE]     return _bootstrap._gcd_import(name[level:], package, level)
2026-03-06 23:38:56 [EE]            ^^^^^^^^^^^^^^^^^^^^^^^^^^^^^^^^^^^^^^^^^^^^^^^^^^^^
2026-03-06 23:38:56 [EE]   File "<frozen importlib._bootstrap>", line 1387, in _gcd_import
2026-03-06 23:38:56 [EE]   File "<frozen importlib._bootstrap>", line 1360, in _find_and_load
2026-03-06 23:38:56 [EE]   File "<frozen importlib._bootstrap>", line 1331, in _find_and_load_unlocked
2026-03-06 23:38:56 [EE]   File "<frozen importlib._bootstrap>", line 935, in _load_unlocked
2026-03-06 23:38:56 [EE]   File "<frozen importlib._bootstrap_external>", line 995, in exec_module
2026-03-06 23:38:56 [EE]   File "<frozen importlib._bootstrap>", line 488, in _call_with_frames_removed
2026-03-06 23:38:56 [EE]   File "/opt/nightcity/game/commands/default_cmdsets.py", line 72, in <module>
2026-03-06 23:38:56 [EE]     from commands.vote_commands.py import CmdVote
2026-03-06 23:38:56 [EE] ModuleNotFoundError: No module named 'commands.vote_commands.py'; 'commands.vote_commands' is not a package
None2026-03-06 23:38:56 [EE] Error loading cmdset 'commands.default_cmdsets.CharacterCmdSet'
2026-03-06 23:38:56 [EE] (Traceback was logged 26-03-06 23:38:56)
None2026-03-06 23:38:56 [EE] Error encountered for cmdset at path 'commands.default_cmdsets.CharacterCmdSet'.
2026-03-06 23:38:56 [EE] Replacing with fallback 'evennia.commands.default.cmdset_character.CharacterCmdSet'.
2026-03-06 23:38:56 [!!] Traceback (most recent call last):
2026-03-06 23:38:56 [!!]   File "/opt/nightcity/venv/lib/python3.12/site-packages/evennia/commands/cmdsethandler.py", line 186, in import_cmdset
2026-03-06 23:38:56 [!!]     raise exc.with_traceback(tb)
2026-03-06 23:38:56 [!!]   File "/opt/nightcity/venv/lib/python3.12/site-packages/evennia/commands/cmdsethandler.py", line 181, in import_cmdset
2026-03-06 23:38:56 [!!]     module = import_module(modpath, package="evennia")
2026-03-06 23:38:56 [!!]              ^^^^^^^^^^^^^^^^^^^^^^^^^^^^^^^^^^^^^^^^^
2026-03-06 23:38:56 [!!]   File "/usr/lib/python3.12/importlib/__init__.py", line 90, in import_module
2026-03-06 23:38:56 [!!]     return _bootstrap._gcd_import(name[level:], package, level)
2026-03-06 23:38:56 [!!]            ^^^^^^^^^^^^^^^^^^^^^^^^^^^^^^^^^^^^^^^^^^^^^^^^^^^^
2026-03-06 23:38:56 [!!]   File "<frozen importlib._bootstrap>", line 1387, in _gcd_import
2026-03-06 23:38:56 [!!]   File "<frozen importlib._bootstrap>", line 1360, in _find_and_load
2026-03-06 23:38:56 [!!]   File "<frozen importlib._bootstrap>", line 1331, in _find_and_load_unlocked
2026-03-06 23:38:56 [!!]   File "<frozen importlib._bootstrap>", line 935, in _load_unlocked
2026-03-06 23:38:56 [!!]   File "<frozen importlib._bootstrap_external>", line 995, in exec_module
2026-03-06 23:38:56 [!!]   File "<frozen importlib._bootstrap>", line 488, in _call_with_frames_removed
2026-03-06 23:38:56 [!!]   File "/opt/nightcity/game/commands/default_cmdsets.py", line 72, in <module>
2026-03-06 23:38:56 [!!]     from commands.vote_commands.py import CmdVote
2026-03-06 23:38:56 [!!] ModuleNotFoundError: No module named 'commands.vote_commands.py'; 'commands.vote_commands' is not a package
2026-03-06 23:38:56 [EE] Traceback (most recent call last):
2026-03-06 23:38:56 [EE]   File "/opt/nightcity/venv/lib/python3.12/site-packages/evennia/commands/cmdsethandler.py", line 186, in import_cmdset
2026-03-06 23:38:56 [EE]     raise exc.with_traceback(tb)
2026-03-06 23:38:56 [EE]   File "/opt/nightcity/venv/lib/python3.12/site-packages/evennia/commands/cmdsethandler.py", line 181, in import_cmdset
2026-03-06 23:38:56 [EE]     module = import_module(modpath, package="evennia")
2026-03-06 23:38:56 [EE]              ^^^^^^^^^^^^^^^^^^^^^^^^^^^^^^^^^^^^^^^^^
2026-03-06 23:38:56 [EE]   File "/usr/lib/python3.12/importlib/__init__.py", line 90, in import_module
2026-03-06 23:38:56 [EE]     return _bootstrap._gcd_import(name[level:], package, level)
2026-03-06 23:38:56 [EE]            ^^^^^^^^^^^^^^^^^^^^^^^^^^^^^^^^^^^^^^^^^^^^^^^^^^^^
2026-03-06 23:38:56 [EE]   File "<frozen importlib._bootstrap>", line 1387, in _gcd_import
2026-03-06 23:38:56 [EE]   File "<frozen importlib._bootstrap>", line 1360, in _find_and_load
2026-03-06 23:38:56 [EE]   File "<frozen importlib._bootstrap>", line 1331, in _find_and_load_unlocked
2026-03-06 23:38:56 [EE]   File "<frozen importlib._bootstrap>", line 935, in _load_unlocked
2026-03-06 23:38:56 [EE]   File "<frozen importlib._bootstrap_external>", line 995, in exec_module
2026-03-06 23:38:56 [EE]   File "<frozen importlib._bootstrap>", line 488, in _call_with_frames_removed
2026-03-06 23:38:56 [EE]   File "/opt/nightcity/game/commands/default_cmdsets.py", line 72, in <module>
2026-03-06 23:38:56 [EE]     from commands.vote_commands.py import CmdVote
2026-03-06 23:38:56 [EE] ModuleNotFoundError: No module named 'commands.vote_commands.py'; 'commands.vote_commands' is not a package
None2026-03-06 23:38:56 [EE] Error loading cmdset 'commands.default_cmdsets.CharacterCmdSet'
2026-03-06 23:38:56 [EE] (Traceback was logged 26-03-06 23:38:56)
None2026-03-06 23:38:56 [EE] Error encountered for cmdset at path 'commands.default_cmdsets.CharacterCmdSet'.
2026-03-06 23:38:56 [EE] Replacing with fallback 'evennia.commands.default.cmdset_character.CharacterCmdSet'.
2026-03-07 00:31:43 [..] Server disconnected from the portal.
2026-03-07 00:31:43 [..] Main loop terminated.
2026-03-07 00:31:43 [..] Server Shut Down.
2026-03-07 00:31:46 [..] Loaded.
2026-03-07 00:31:43 [..] Loading /opt/nightcity/venv/lib/python3.12/site-packages/evennia/server/server.py...
2026-03-07 00:31:46 [..] Loaded.
2026-03-07 00:31:46 [..] twistd 24.11.0 (/opt/nightcity/venv/bin/python3 3.12.3) starting up.
2026-03-07 00:31:46 [..] reactor class: twisted.internet.epollreactor.EPollReactor.
2026-03-07 00:31:46 [..] Webserver starting on 4002
2026-03-07 00:31:46 [..] Server successfully reloaded.
2026-03-07 00:31:53 [!!] Traceback (most recent call last):
2026-03-07 00:31:53 [!!]   File "/opt/nightcity/venv/lib/python3.12/site-packages/evennia/commands/cmdsethandler.py", line 209, in import_cmdset
2026-03-07 00:31:53 [!!]     cmdsetclass = cmdsetclass(cmdsetobj)
2026-03-07 00:31:53 [!!]                   ^^^^^^^^^^^^^^^^^^^^^^
2026-03-07 00:31:53 [!!]   File "/opt/nightcity/venv/lib/python3.12/site-packages/evennia/commands/cmdset.py", line 225, in __init__
2026-03-07 00:31:53 [!!]     self.at_cmdset_creation()
2026-03-07 00:31:53 [!!]   File "/opt/nightcity/game/commands/default_cmdsets.py", line 93, in at_cmdset_creation
2026-03-07 00:31:53 [!!]     self.add(CmdIp())
2026-03-07 00:31:53 [!!]              ^^^^^
2026-03-07 00:31:53 [!!] NameError: name 'CmdIp' is not defined. Did you mean: 'CmdIP'?
2026-03-07 00:31:53 [EE] Traceback (most recent call last):
2026-03-07 00:31:53 [EE]   File "/opt/nightcity/venv/lib/python3.12/site-packages/evennia/commands/cmdsethandler.py", line 209, in import_cmdset
2026-03-07 00:31:53 [EE]     cmdsetclass = cmdsetclass(cmdsetobj)
2026-03-07 00:31:53 [EE]                   ^^^^^^^^^^^^^^^^^^^^^^
2026-03-07 00:31:53 [EE]   File "/opt/nightcity/venv/lib/python3.12/site-packages/evennia/commands/cmdset.py", line 225, in __init__
2026-03-07 00:31:53 [EE]     self.at_cmdset_creation()
2026-03-07 00:31:53 [EE]   File "/opt/nightcity/game/commands/default_cmdsets.py", line 93, in at_cmdset_creation
2026-03-07 00:31:53 [EE]     self.add(CmdIp())
2026-03-07 00:31:53 [EE]              ^^^^^
2026-03-07 00:31:53 [EE] NameError: name 'CmdIp' is not defined. Did you mean: 'CmdIP'?
None2026-03-07 00:31:53 [EE] Compile/Run error when loading cmdset 'commands.default_cmdsets.CharacterCmdSet'.
2026-03-07 00:31:53 [EE] (Traceback was logged 26-03-07 00:31:53)
None2026-03-07 00:31:53 [EE] Error encountered for cmdset at path 'commands.default_cmdsets.CharacterCmdSet'.
2026-03-07 00:31:53 [EE] Replacing with fallback 'evennia.commands.default.cmdset_character.CharacterCmdSet'.
2026-03-07 00:31:53 [!!] Traceback (most recent call last):
2026-03-07 00:31:53 [!!]   File "/opt/nightcity/venv/lib/python3.12/site-packages/evennia/commands/cmdsethandler.py", line 209, in import_cmdset
2026-03-07 00:31:53 [!!]     cmdsetclass = cmdsetclass(cmdsetobj)
2026-03-07 00:31:53 [!!]                   ^^^^^^^^^^^^^^^^^^^^^^
2026-03-07 00:31:53 [!!]   File "/opt/nightcity/venv/lib/python3.12/site-packages/evennia/commands/cmdset.py", line 225, in __init__
2026-03-07 00:31:53 [!!]     self.at_cmdset_creation()
2026-03-07 00:31:53 [!!]   File "/opt/nightcity/game/commands/default_cmdsets.py", line 93, in at_cmdset_creation
2026-03-07 00:31:53 [!!]     self.add(CmdIp())
2026-03-07 00:31:53 [!!]              ^^^^^
2026-03-07 00:31:53 [!!] NameError: name 'CmdIp' is not defined. Did you mean: 'CmdIP'?
2026-03-07 00:31:53 [EE] Traceback (most recent call last):
2026-03-07 00:31:53 [EE]   File "/opt/nightcity/venv/lib/python3.12/site-packages/evennia/commands/cmdsethandler.py", line 209, in import_cmdset
2026-03-07 00:31:53 [EE]     cmdsetclass = cmdsetclass(cmdsetobj)
2026-03-07 00:31:53 [EE]                   ^^^^^^^^^^^^^^^^^^^^^^
2026-03-07 00:31:53 [EE]   File "/opt/nightcity/venv/lib/python3.12/site-packages/evennia/commands/cmdset.py", line 225, in __init__
2026-03-07 00:31:53 [EE]     self.at_cmdset_creation()
2026-03-07 00:31:53 [EE]   File "/opt/nightcity/game/commands/default_cmdsets.py", line 93, in at_cmdset_creation
2026-03-07 00:31:53 [EE]     self.add(CmdIp())
2026-03-07 00:31:53 [EE]              ^^^^^
2026-03-07 00:31:53 [EE] NameError: name 'CmdIp' is not defined. Did you mean: 'CmdIP'?
None2026-03-07 00:31:53 [EE] Compile/Run error when loading cmdset 'commands.default_cmdsets.CharacterCmdSet'.
2026-03-07 00:31:53 [EE] (Traceback was logged 26-03-07 00:31:53)
None2026-03-07 00:31:53 [EE] Error encountered for cmdset at path 'commands.default_cmdsets.CharacterCmdSet'.
2026-03-07 00:31:53 [EE] Replacing with fallback 'evennia.commands.default.cmdset_character.CharacterCmdSet'.
2026-03-07 00:32:32 [..] Server disconnected from the portal.
2026-03-07 00:32:32 [..] Main loop terminated.
2026-03-07 00:32:32 [..] Server Shut Down.
2026-03-07 00:32:36 [..] Loaded.
2026-03-07 00:32:33 [..] Loading /opt/nightcity/venv/lib/python3.12/site-packages/evennia/server/server.py...
2026-03-07 00:32:36 [..] Loaded.
2026-03-07 00:32:36 [..] twistd 24.11.0 (/opt/nightcity/venv/bin/python3 3.12.3) starting up.
2026-03-07 00:32:36 [..] reactor class: twisted.internet.epollreactor.EPollReactor.
2026-03-07 00:32:36 [..] Webserver starting on 4002
2026-03-07 00:32:36 [..] Server successfully reloaded.
2026-03-07 00:32:46 [..] Starting calculate_humanity_loss in CharacterSheet
2026-03-07 00:32:46 [..] Total cyberware humanity loss: 12, trauma: 0
2026-03-07 00:32:46 [..] New calculated humanity: 18
2026-03-07 00:32:46 [..] About to recalculate derived stats
2026-03-07 00:32:46 [..] Derived stats recalculated
2026-03-07 00:32:46 [..] CharacterSheet saved
2026-03-07 00:33:00 [..] CmdChargen.func() called with args: 
2026-03-07 00:33:05 [..] CmdChargen.func() called with args: edgerunner solo Soma
2026-03-07 00:33:05 [..] Parsed args - method: edgerunner, role: Solo, full_name: Soma
2026-03-07 00:33:05 [..] Chargen command called with method: edgerunner, role: Solo, full_name: Soma
2026-03-07 00:33:05 [..] Creating character with method: edgerunner, role: Solo, full_name: Soma
2026-03-07 00:33:05 [EE] Error in create_character: Model instances passed to related filters must be saved.
2026-03-07 00:33:05 [EE] Traceback: Traceback (most recent call last):
2026-03-07 00:33:05 [EE]   File "/opt/nightcity/game/commands/chargen.py", line 194, in create_character
2026-03-07 00:33:05 [EE]     sheet = CharacterSheet.objects.create(character=char, account=self.caller.account)
2026-03-07 00:33:05 [EE]             ^^^^^^^^^^^^^^^^^^^^^^^^^^^^^^^^^^^^^^^^^^^^^^^^^^^^^^^^^^^^^^^^^^^^^^^^^^
2026-03-07 00:33:05 [EE]   File "/opt/nightcity/venv/lib/python3.12/site-packages/django/db/models/manager.py", line 87, in manager_method
2026-03-07 00:33:05 [EE]     return getattr(self.get_queryset(), name)(*args, **kwargs)
2026-03-07 00:33:05 [EE]            ^^^^^^^^^^^^^^^^^^^^^^^^^^^^^^^^^^^^^^^^^^^^^^^^^^^
2026-03-07 00:33:05 [EE]   File "/opt/nightcity/venv/lib/python3.12/site-packages/django/db/models/query.py", line 669, in create
2026-03-07 00:33:05 [EE]     obj.save(force_insert=True, using=self.db)
2026-03-07 00:33:05 [EE]   File "/opt/nightcity/game/world/cyberpunk_sheets/models.py", line 664, in save
2026-03-07 00:33:05 [EE]     self.recalculate_derived_stats()
2026-03-07 00:33:05 [EE]   File "/opt/nightcity/game/world/cyberpunk_sheets/models.py", line 679, in recalculate_derived_stats
2026-03-07 00:33:05 [EE]     total_cyberware_hl = self.calculate_total_cyberware_hl()
2026-03-07 00:33:05 [EE]                          ^^^^^^^^^^^^^^^^^^^^^^^^^^^^^^^^^^^
2026-03-07 00:33:05 [EE]   File "/opt/nightcity/game/world/cyberpunk_sheets/models.py", line 560, in calculate_total_cyberware_hl
2026-03-07 00:33:05 [EE]     installed_cyberware = CyberwareInstance.objects.filter(character_sheet=self, installed=True)
2026-03-07 00:33:05 [EE]                           ^^^^^^^^^^^^^^^^^^^^^^^^^^^^^^^^^^^^^^^^^^^^^^^^^^^^^^^^^^^^^^^^^^^^^^
2026-03-07 00:33:05 [EE]   File "/opt/nightcity/venv/lib/python3.12/site-packages/django/db/models/manager.py", line 87, in manager_method
2026-03-07 00:33:05 [EE]     return getattr(self.get_queryset(), name)(*args, **kwargs)
2026-03-07 00:33:05 [EE]            ^^^^^^^^^^^^^^^^^^^^^^^^^^^^^^^^^^^^^^^^^^^^^^^^^^^
2026-03-07 00:33:05 [EE]   File "/opt/nightcity/venv/lib/python3.12/site-packages/django/db/models/query.py", line 1542, in filter
2026-03-07 00:33:05 [EE]     return self._filter_or_exclude(False, args, kwargs)
2026-03-07 00:33:05 [EE]            ^^^^^^^^^^^^^^^^^^^^^^^^^^^^^^^^^^^^^^^^^^^^
2026-03-07 00:33:05 [EE]   File "/opt/nightcity/venv/lib/python3.12/site-packages/django/db/models/query.py", line 1560, in _filter_or_exclude
2026-03-07 00:33:05 [EE]     clone._filter_or_exclude_inplace(negate, args, kwargs)
2026-03-07 00:33:05 [EE]   File "/opt/nightcity/venv/lib/python3.12/site-packages/django/db/models/query.py", line 1570, in _filter_or_exclude_inplace
2026-03-07 00:33:05 [EE]     self._query.add_q(Q(*args, **kwargs))
2026-03-07 00:33:05 [EE]   File "/opt/nightcity/venv/lib/python3.12/site-packages/django/db/models/sql/query.py", line 1676, in add_q
2026-03-07 00:33:05 [EE]     clause, _ = self._add_q(q_object, can_reuse)
2026-03-07 00:33:05 [EE]                 ^^^^^^^^^^^^^^^^^^^^^^^^^^^^^^^^
2026-03-07 00:33:05 [EE]   File "/opt/nightcity/venv/lib/python3.12/site-packages/django/db/models/sql/query.py", line 1708, in _add_q
2026-03-07 00:33:05 [EE]     child_clause, needed_inner = self.build_filter(
2026-03-07 00:33:05 [EE]                                  ^^^^^^^^^^^^^^^^^^
2026-03-07 00:33:05 [EE]   File "/opt/nightcity/venv/lib/python3.12/site-packages/django/db/models/sql/query.py", line 1618, in build_filter
2026-03-07 00:33:05 [EE]     condition = self.build_lookup(lookups, col, value)
2026-03-07 00:33:05 [EE]                 ^^^^^^^^^^^^^^^^^^^^^^^^^^^^^^^^^^^^^^
2026-03-07 00:33:05 [EE]   File "/opt/nightcity/venv/lib/python3.12/site-packages/django/db/models/sql/query.py", line 1445, in build_lookup
2026-03-07 00:33:05 [EE]     lookup = lookup_class(lhs, rhs)
2026-03-07 00:33:05 [EE]              ^^^^^^^^^^^^^^^^^^^^^^
2026-03-07 00:33:05 [EE]   File "/opt/nightcity/venv/lib/python3.12/site-packages/django/db/models/lookups.py", line 35, in __init__
2026-03-07 00:33:05 [EE]     self.rhs = self.get_prep_lookup()
2026-03-07 00:33:05 [EE]                ^^^^^^^^^^^^^^^^^^^^^^
2026-03-07 00:33:05 [EE]   File "/opt/nightcity/venv/lib/python3.12/site-packages/django/db/models/fields/related_lookups.py", line 104, in get_prep_lookup
2026-03-07 00:33:05 [EE]     self.rhs = get_normalized_value(self.rhs, self.lhs)[0]
2026-03-07 00:33:05 [EE]                ^^^^^^^^^^^^^^^^^^^^^^^^^^^^^^^^^^^^^^^^
2026-03-07 00:33:05 [EE]   File "/opt/nightcity/venv/lib/python3.12/site-packages/django/db/models/fields/related_lookups.py", line 20, in get_normalized_value
2026-03-07 00:33:05 [EE]     raise ValueError("Model instances passed to related filters must be saved.")
2026-03-07 00:33:05 [EE] ValueError: Model instances passed to related filters must be saved.
2026-03-07 00:34:55 [..] CmdChargen.func() called with args: 
2026-03-07 00:35:01 [..] CmdChargen.func() called with args: complete_package solo Soma
2026-03-07 00:35:01 [..] Parsed args - method: complete_package, role: Solo, full_name: Soma
2026-03-07 00:35:01 [..] Chargen command called with method: complete_package, role: Solo, full_name: Soma
2026-03-07 00:35:01 [..] Creating character with method: complete_package, role: Solo, full_name: Soma
2026-03-07 00:35:01 [EE] Error in create_character: Model instances passed to related filters must be saved.
2026-03-07 00:35:01 [EE] Traceback: Traceback (most recent call last):
2026-03-07 00:35:01 [EE]   File "/opt/nightcity/game/commands/chargen.py", line 194, in create_character
2026-03-07 00:35:01 [EE]     sheet = CharacterSheet.objects.create(character=char, account=self.caller.account)
2026-03-07 00:35:01 [EE]             ^^^^^^^^^^^^^^^^^^^^^^^^^^^^^^^^^^^^^^^^^^^^^^^^^^^^^^^^^^^^^^^^^^^^^^^^^^
2026-03-07 00:35:01 [EE]   File "/opt/nightcity/venv/lib/python3.12/site-packages/django/db/models/manager.py", line 87, in manager_method
2026-03-07 00:35:01 [EE]     return getattr(self.get_queryset(), name)(*args, **kwargs)
2026-03-07 00:35:01 [EE]            ^^^^^^^^^^^^^^^^^^^^^^^^^^^^^^^^^^^^^^^^^^^^^^^^^^^
2026-03-07 00:35:01 [EE]   File "/opt/nightcity/venv/lib/python3.12/site-packages/django/db/models/query.py", line 669, in create
2026-03-07 00:35:01 [EE]     obj.save(force_insert=True, using=self.db)
2026-03-07 00:35:01 [EE]   File "/opt/nightcity/game/world/cyberpunk_sheets/models.py", line 664, in save
2026-03-07 00:35:01 [EE]     self.recalculate_derived_stats()
2026-03-07 00:35:01 [EE]   File "/opt/nightcity/game/world/cyberpunk_sheets/models.py", line 679, in recalculate_derived_stats
2026-03-07 00:35:01 [EE]     total_cyberware_hl = self.calculate_total_cyberware_hl()
2026-03-07 00:35:01 [EE]                          ^^^^^^^^^^^^^^^^^^^^^^^^^^^^^^^^^^^
2026-03-07 00:35:01 [EE]   File "/opt/nightcity/game/world/cyberpunk_sheets/models.py", line 560, in calculate_total_cyberware_hl
2026-03-07 00:35:01 [EE]     installed_cyberware = CyberwareInstance.objects.filter(character_sheet=self, installed=True)
2026-03-07 00:35:01 [EE]                           ^^^^^^^^^^^^^^^^^^^^^^^^^^^^^^^^^^^^^^^^^^^^^^^^^^^^^^^^^^^^^^^^^^^^^^
2026-03-07 00:35:01 [EE]   File "/opt/nightcity/venv/lib/python3.12/site-packages/django/db/models/manager.py", line 87, in manager_method
2026-03-07 00:35:01 [EE]     return getattr(self.get_queryset(), name)(*args, **kwargs)
2026-03-07 00:35:01 [EE]            ^^^^^^^^^^^^^^^^^^^^^^^^^^^^^^^^^^^^^^^^^^^^^^^^^^^
2026-03-07 00:35:01 [EE]   File "/opt/nightcity/venv/lib/python3.12/site-packages/django/db/models/query.py", line 1542, in filter
2026-03-07 00:35:01 [EE]     return self._filter_or_exclude(False, args, kwargs)
2026-03-07 00:35:01 [EE]            ^^^^^^^^^^^^^^^^^^^^^^^^^^^^^^^^^^^^^^^^^^^^
2026-03-07 00:35:01 [EE]   File "/opt/nightcity/venv/lib/python3.12/site-packages/django/db/models/query.py", line 1560, in _filter_or_exclude
2026-03-07 00:35:01 [EE]     clone._filter_or_exclude_inplace(negate, args, kwargs)
2026-03-07 00:35:01 [EE]   File "/opt/nightcity/venv/lib/python3.12/site-packages/django/db/models/query.py", line 1570, in _filter_or_exclude_inplace
2026-03-07 00:35:01 [EE]     self._query.add_q(Q(*args, **kwargs))
2026-03-07 00:35:01 [EE]   File "/opt/nightcity/venv/lib/python3.12/site-packages/django/db/models/sql/query.py", line 1676, in add_q
2026-03-07 00:35:01 [EE]     clause, _ = self._add_q(q_object, can_reuse)
2026-03-07 00:35:01 [EE]                 ^^^^^^^^^^^^^^^^^^^^^^^^^^^^^^^^
2026-03-07 00:35:01 [EE]   File "/opt/nightcity/venv/lib/python3.12/site-packages/django/db/models/sql/query.py", line 1708, in _add_q
2026-03-07 00:35:01 [EE]     child_clause, needed_inner = self.build_filter(
2026-03-07 00:35:01 [EE]                                  ^^^^^^^^^^^^^^^^^^
2026-03-07 00:35:01 [EE]   File "/opt/nightcity/venv/lib/python3.12/site-packages/django/db/models/sql/query.py", line 1618, in build_filter
2026-03-07 00:35:01 [EE]     condition = self.build_lookup(lookups, col, value)
2026-03-07 00:35:01 [EE]                 ^^^^^^^^^^^^^^^^^^^^^^^^^^^^^^^^^^^^^^
2026-03-07 00:35:01 [EE]   File "/opt/nightcity/venv/lib/python3.12/site-packages/django/db/models/sql/query.py", line 1445, in build_lookup
2026-03-07 00:35:01 [EE]     lookup = lookup_class(lhs, rhs)
2026-03-07 00:35:01 [EE]              ^^^^^^^^^^^^^^^^^^^^^^
2026-03-07 00:35:01 [EE]   File "/opt/nightcity/venv/lib/python3.12/site-packages/django/db/models/lookups.py", line 35, in __init__
2026-03-07 00:35:01 [EE]     self.rhs = self.get_prep_lookup()
2026-03-07 00:35:01 [EE]                ^^^^^^^^^^^^^^^^^^^^^^
2026-03-07 00:35:01 [EE]   File "/opt/nightcity/venv/lib/python3.12/site-packages/django/db/models/fields/related_lookups.py", line 104, in get_prep_lookup
2026-03-07 00:35:01 [EE]     self.rhs = get_normalized_value(self.rhs, self.lhs)[0]
2026-03-07 00:35:01 [EE]                ^^^^^^^^^^^^^^^^^^^^^^^^^^^^^^^^^^^^^^^^
2026-03-07 00:35:01 [EE]   File "/opt/nightcity/venv/lib/python3.12/site-packages/django/db/models/fields/related_lookups.py", line 20, in get_normalized_value
2026-03-07 00:35:01 [EE]     raise ValueError("Model instances passed to related filters must be saved.")
2026-03-07 00:35:01 [EE] ValueError: Model instances passed to related filters must be saved.
2026-03-07 00:41:36 [WW] Warning: Idmapper flush called more than once in 5.0 min interval. Check memory usage.
2026-03-07 00:42:34 [..] Server disconnected from the portal.
2026-03-07 00:42:34 [..] Main loop terminated.
2026-03-07 00:42:34 [..] Server Shut Down.
2026-03-07 00:42:37 [..] Loaded.
2026-03-07 00:42:35 [..] Loading /opt/nightcity/venv/lib/python3.12/site-packages/evennia/server/server.py...
2026-03-07 00:42:37 [..] Loaded.
2026-03-07 00:42:37 [..] twistd 24.11.0 (/opt/nightcity/venv/bin/python3 3.12.3) starting up.
2026-03-07 00:42:37 [..] reactor class: twisted.internet.epollreactor.EPollReactor.
2026-03-07 00:42:37 [..] Webserver starting on 4002
2026-03-07 00:42:38 [..] Server successfully reloaded.
2026-03-07 00:42:39 [..] CmdChargen.func() called with args: 
2026-03-07 00:42:41 [..] CmdChargen.func() called with args: complete_package solo Soma
2026-03-07 00:42:41 [..] Parsed args - method: complete_package, role: Solo, full_name: Soma
2026-03-07 00:42:41 [..] Chargen command called with method: complete_package, role: Solo, full_name: Soma
2026-03-07 00:42:41 [..] Creating character with method: complete_package, role: Solo, full_name: Soma
2026-03-07 00:42:41 [EE] Error in create_character: Model instances passed to related filters must be saved.
2026-03-07 00:42:41 [EE] Traceback: Traceback (most recent call last):
2026-03-07 00:42:41 [EE]   File "/opt/nightcity/game/commands/chargen.py", line 203, in create_character
2026-03-07 00:42:41 [EE]     sheet = CharacterSheet.objects.create(character=char, account=self.caller.account)
2026-03-07 00:42:41 [EE]             ^^^^^^^^^^^^^^^^^^^^^^^^^^^^^^^^^^^^^^^^^^^^^^^^^^^^^^^^^^^^^^^^^^^^^^^^^^
2026-03-07 00:42:41 [EE]   File "/opt/nightcity/venv/lib/python3.12/site-packages/django/db/models/manager.py", line 87, in manager_method
2026-03-07 00:42:41 [EE]     return getattr(self.get_queryset(), name)(*args, **kwargs)
2026-03-07 00:42:41 [EE]            ^^^^^^^^^^^^^^^^^^^^^^^^^^^^^^^^^^^^^^^^^^^^^^^^^^^
2026-03-07 00:42:41 [EE]   File "/opt/nightcity/venv/lib/python3.12/site-packages/django/db/models/query.py", line 669, in create
2026-03-07 00:42:41 [EE]     obj.save(force_insert=True, using=self.db)
2026-03-07 00:42:41 [EE]   File "/opt/nightcity/game/world/cyberpunk_sheets/models.py", line 664, in save
2026-03-07 00:42:41 [EE]     self.recalculate_derived_stats()
2026-03-07 00:42:41 [EE]   File "/opt/nightcity/game/world/cyberpunk_sheets/models.py", line 679, in recalculate_derived_stats
2026-03-07 00:42:41 [EE]     total_cyberware_hl = self.calculate_total_cyberware_hl()
2026-03-07 00:42:41 [EE]                          ^^^^^^^^^^^^^^^^^^^^^^^^^^^^^^^^^^^
2026-03-07 00:42:41 [EE]   File "/opt/nightcity/game/world/cyberpunk_sheets/models.py", line 560, in calculate_total_cyberware_hl
2026-03-07 00:42:41 [EE]     installed_cyberware = CyberwareInstance.objects.filter(character_sheet=self, installed=True)
2026-03-07 00:42:41 [EE]                           ^^^^^^^^^^^^^^^^^^^^^^^^^^^^^^^^^^^^^^^^^^^^^^^^^^^^^^^^^^^^^^^^^^^^^^
2026-03-07 00:42:41 [EE]   File "/opt/nightcity/venv/lib/python3.12/site-packages/django/db/models/manager.py", line 87, in manager_method
2026-03-07 00:42:41 [EE]     return getattr(self.get_queryset(), name)(*args, **kwargs)
2026-03-07 00:42:41 [EE]            ^^^^^^^^^^^^^^^^^^^^^^^^^^^^^^^^^^^^^^^^^^^^^^^^^^^
2026-03-07 00:42:41 [EE]   File "/opt/nightcity/venv/lib/python3.12/site-packages/django/db/models/query.py", line 1542, in filter
2026-03-07 00:42:41 [EE]     return self._filter_or_exclude(False, args, kwargs)
2026-03-07 00:42:41 [EE]            ^^^^^^^^^^^^^^^^^^^^^^^^^^^^^^^^^^^^^^^^^^^^
2026-03-07 00:42:41 [EE]   File "/opt/nightcity/venv/lib/python3.12/site-packages/django/db/models/query.py", line 1560, in _filter_or_exclude
2026-03-07 00:42:41 [EE]     clone._filter_or_exclude_inplace(negate, args, kwargs)
2026-03-07 00:42:41 [EE]   File "/opt/nightcity/venv/lib/python3.12/site-packages/django/db/models/query.py", line 1570, in _filter_or_exclude_inplace
2026-03-07 00:42:41 [EE]     self._query.add_q(Q(*args, **kwargs))
2026-03-07 00:42:41 [EE]   File "/opt/nightcity/venv/lib/python3.12/site-packages/django/db/models/sql/query.py", line 1676, in add_q
2026-03-07 00:42:41 [EE]     clause, _ = self._add_q(q_object, can_reuse)
2026-03-07 00:42:41 [EE]                 ^^^^^^^^^^^^^^^^^^^^^^^^^^^^^^^^
2026-03-07 00:42:41 [EE]   File "/opt/nightcity/venv/lib/python3.12/site-packages/django/db/models/sql/query.py", line 1708, in _add_q
2026-03-07 00:42:41 [EE]     child_clause, needed_inner = self.build_filter(
2026-03-07 00:42:41 [EE]                                  ^^^^^^^^^^^^^^^^^^
2026-03-07 00:42:41 [EE]   File "/opt/nightcity/venv/lib/python3.12/site-packages/django/db/models/sql/query.py", line 1618, in build_filter
2026-03-07 00:42:41 [EE]     condition = self.build_lookup(lookups, col, value)
2026-03-07 00:42:41 [EE]                 ^^^^^^^^^^^^^^^^^^^^^^^^^^^^^^^^^^^^^^
2026-03-07 00:42:41 [EE]   File "/opt/nightcity/venv/lib/python3.12/site-packages/django/db/models/sql/query.py", line 1445, in build_lookup
2026-03-07 00:42:41 [EE]     lookup = lookup_class(lhs, rhs)
2026-03-07 00:42:41 [EE]              ^^^^^^^^^^^^^^^^^^^^^^
2026-03-07 00:42:41 [EE]   File "/opt/nightcity/venv/lib/python3.12/site-packages/django/db/models/lookups.py", line 35, in __init__
2026-03-07 00:42:41 [EE]     self.rhs = self.get_prep_lookup()
2026-03-07 00:42:41 [EE]                ^^^^^^^^^^^^^^^^^^^^^^
2026-03-07 00:42:41 [EE]   File "/opt/nightcity/venv/lib/python3.12/site-packages/django/db/models/fields/related_lookups.py", line 104, in get_prep_lookup
2026-03-07 00:42:41 [EE]     self.rhs = get_normalized_value(self.rhs, self.lhs)[0]
2026-03-07 00:42:41 [EE]                ^^^^^^^^^^^^^^^^^^^^^^^^^^^^^^^^^^^^^^^^
2026-03-07 00:42:41 [EE]   File "/opt/nightcity/venv/lib/python3.12/site-packages/django/db/models/fields/related_lookups.py", line 20, in get_normalized_value
2026-03-07 00:42:41 [EE]     raise ValueError("Model instances passed to related filters must be saved.")
2026-03-07 00:42:41 [EE] ValueError: Model instances passed to related filters must be saved.
2026-03-07 00:42:44 [..] CmdChargen.func() called with args: 
2026-03-07 00:42:51 [..] CmdChargen.func() called with args: edgerunner solo Soma
2026-03-07 00:42:51 [..] Parsed args - method: edgerunner, role: Solo, full_name: Soma
2026-03-07 00:42:51 [..] Chargen command called with method: edgerunner, role: Solo, full_name: Soma
2026-03-07 00:42:51 [..] Creating character with method: edgerunner, role: Solo, full_name: Soma
2026-03-07 00:42:51 [EE] Error in create_character: Model instances passed to related filters must be saved.
2026-03-07 00:42:51 [EE] Traceback: Traceback (most recent call last):
2026-03-07 00:42:51 [EE]   File "/opt/nightcity/game/commands/chargen.py", line 203, in create_character
2026-03-07 00:42:51 [EE]     sheet = CharacterSheet.objects.create(character=char, account=self.caller.account)
2026-03-07 00:42:51 [EE]             ^^^^^^^^^^^^^^^^^^^^^^^^^^^^^^^^^^^^^^^^^^^^^^^^^^^^^^^^^^^^^^^^^^^^^^^^^^
2026-03-07 00:42:51 [EE]   File "/opt/nightcity/venv/lib/python3.12/site-packages/django/db/models/manager.py", line 87, in manager_method
2026-03-07 00:42:51 [EE]     return getattr(self.get_queryset(), name)(*args, **kwargs)
2026-03-07 00:42:51 [EE]            ^^^^^^^^^^^^^^^^^^^^^^^^^^^^^^^^^^^^^^^^^^^^^^^^^^^
2026-03-07 00:42:51 [EE]   File "/opt/nightcity/venv/lib/python3.12/site-packages/django/db/models/query.py", line 669, in create
2026-03-07 00:42:51 [EE]     obj.save(force_insert=True, using=self.db)
2026-03-07 00:42:51 [EE]   File "/opt/nightcity/game/world/cyberpunk_sheets/models.py", line 664, in save
2026-03-07 00:42:51 [EE]     self.recalculate_derived_stats()
2026-03-07 00:42:51 [EE]   File "/opt/nightcity/game/world/cyberpunk_sheets/models.py", line 679, in recalculate_derived_stats
2026-03-07 00:42:51 [EE]     total_cyberware_hl = self.calculate_total_cyberware_hl()
2026-03-07 00:42:51 [EE]                          ^^^^^^^^^^^^^^^^^^^^^^^^^^^^^^^^^^^
2026-03-07 00:42:51 [EE]   File "/opt/nightcity/game/world/cyberpunk_sheets/models.py", line 560, in calculate_total_cyberware_hl
2026-03-07 00:42:51 [EE]     installed_cyberware = CyberwareInstance.objects.filter(character_sheet=self, installed=True)
2026-03-07 00:42:51 [EE]                           ^^^^^^^^^^^^^^^^^^^^^^^^^^^^^^^^^^^^^^^^^^^^^^^^^^^^^^^^^^^^^^^^^^^^^^
2026-03-07 00:42:51 [EE]   File "/opt/nightcity/venv/lib/python3.12/site-packages/django/db/models/manager.py", line 87, in manager_method
2026-03-07 00:42:51 [EE]     return getattr(self.get_queryset(), name)(*args, **kwargs)
2026-03-07 00:42:51 [EE]            ^^^^^^^^^^^^^^^^^^^^^^^^^^^^^^^^^^^^^^^^^^^^^^^^^^^
2026-03-07 00:42:51 [EE]   File "/opt/nightcity/venv/lib/python3.12/site-packages/django/db/models/query.py", line 1542, in filter
2026-03-07 00:42:51 [EE]     return self._filter_or_exclude(False, args, kwargs)
2026-03-07 00:42:51 [EE]            ^^^^^^^^^^^^^^^^^^^^^^^^^^^^^^^^^^^^^^^^^^^^
2026-03-07 00:42:51 [EE]   File "/opt/nightcity/venv/lib/python3.12/site-packages/django/db/models/query.py", line 1560, in _filter_or_exclude
2026-03-07 00:42:51 [EE]     clone._filter_or_exclude_inplace(negate, args, kwargs)
2026-03-07 00:42:51 [EE]   File "/opt/nightcity/venv/lib/python3.12/site-packages/django/db/models/query.py", line 1570, in _filter_or_exclude_inplace
2026-03-07 00:42:51 [EE]     self._query.add_q(Q(*args, **kwargs))
2026-03-07 00:42:51 [EE]   File "/opt/nightcity/venv/lib/python3.12/site-packages/django/db/models/sql/query.py", line 1676, in add_q
2026-03-07 00:42:51 [EE]     clause, _ = self._add_q(q_object, can_reuse)
2026-03-07 00:42:51 [EE]                 ^^^^^^^^^^^^^^^^^^^^^^^^^^^^^^^^
2026-03-07 00:42:51 [EE]   File "/opt/nightcity/venv/lib/python3.12/site-packages/django/db/models/sql/query.py", line 1708, in _add_q
2026-03-07 00:42:51 [EE]     child_clause, needed_inner = self.build_filter(
2026-03-07 00:42:51 [EE]                                  ^^^^^^^^^^^^^^^^^^
2026-03-07 00:42:51 [EE]   File "/opt/nightcity/venv/lib/python3.12/site-packages/django/db/models/sql/query.py", line 1618, in build_filter
2026-03-07 00:42:51 [EE]     condition = self.build_lookup(lookups, col, value)
2026-03-07 00:42:51 [EE]                 ^^^^^^^^^^^^^^^^^^^^^^^^^^^^^^^^^^^^^^
2026-03-07 00:42:51 [EE]   File "/opt/nightcity/venv/lib/python3.12/site-packages/django/db/models/sql/query.py", line 1445, in build_lookup
2026-03-07 00:42:51 [EE]     lookup = lookup_class(lhs, rhs)
2026-03-07 00:42:51 [EE]              ^^^^^^^^^^^^^^^^^^^^^^
2026-03-07 00:42:51 [EE]   File "/opt/nightcity/venv/lib/python3.12/site-packages/django/db/models/lookups.py", line 35, in __init__
2026-03-07 00:42:51 [EE]     self.rhs = self.get_prep_lookup()
2026-03-07 00:42:51 [EE]                ^^^^^^^^^^^^^^^^^^^^^^
2026-03-07 00:42:51 [EE]   File "/opt/nightcity/venv/lib/python3.12/site-packages/django/db/models/fields/related_lookups.py", line 104, in get_prep_lookup
2026-03-07 00:42:51 [EE]     self.rhs = get_normalized_value(self.rhs, self.lhs)[0]
2026-03-07 00:42:51 [EE]                ^^^^^^^^^^^^^^^^^^^^^^^^^^^^^^^^^^^^^^^^
2026-03-07 00:42:51 [EE]   File "/opt/nightcity/venv/lib/python3.12/site-packages/django/db/models/fields/related_lookups.py", line 20, in get_normalized_value
2026-03-07 00:42:51 [EE]     raise ValueError("Model instances passed to related filters must be saved.")
2026-03-07 00:42:51 [EE] ValueError: Model instances passed to related filters must be saved.
2026-03-07 00:48:45 [WW] ip_from_request: No valid IP address found in request. Using remote_addr.
2026-03-07 00:52:35 [..] Server disconnected from the portal.
2026-03-07 00:52:35 [..] Main loop terminated.
2026-03-07 00:52:35 [..] Server Shut Down.
2026-03-07 00:52:39 [..] Loaded.
2026-03-07 00:52:36 [..] Loading /opt/nightcity/venv/lib/python3.12/site-packages/evennia/server/server.py...
2026-03-07 00:52:39 [..] Loaded.
2026-03-07 00:52:39 [..] twistd 24.11.0 (/opt/nightcity/venv/bin/python3 3.12.3) starting up.
2026-03-07 00:52:39 [..] reactor class: twisted.internet.epollreactor.EPollReactor.
2026-03-07 00:52:39 [..] Webserver starting on 4002
2026-03-07 00:52:39 [..] Server successfully reloaded.
2026-03-07 00:52:41 [..] CmdChargen.func() called with args: edgerunner solo Soma
2026-03-07 00:52:41 [..] Parsed args - method: edgerunner, role: Solo, full_name: Soma
2026-03-07 00:52:41 [..] Chargen command called with method: edgerunner, role: Solo, full_name: Soma
2026-03-07 00:52:41 [..] Waiting for user confirmation.
2026-03-07 00:52:44 [..] CmdChargen.func() called with args: 
2026-03-07 00:52:45 [..] CmdChargen.func() called with args: edgerunner solo Soma
2026-03-07 00:52:45 [..] Parsed args - method: edgerunner, role: Solo, full_name: Soma
2026-03-07 00:52:45 [..] Chargen command called with method: edgerunner, role: Solo, full_name: Soma
2026-03-07 00:52:45 [..] Creating character with method: edgerunner, role: Solo, full_name: Soma
2026-03-07 00:52:45 [EE] Error in create_character: Model instances passed to related filters must be saved.
2026-03-07 00:52:45 [EE] Traceback: Traceback (most recent call last):
2026-03-07 00:52:45 [EE]   File "/opt/nightcity/game/commands/chargen.py", line 210, in create_character
2026-03-07 00:52:45 [EE]     sheet = CharacterSheet.objects.create(
2026-03-07 00:52:45 [EE]             ^^^^^^^^^^^^^^^^^^^^^^^^^^^^^^
2026-03-07 00:52:45 [EE]   File "/opt/nightcity/venv/lib/python3.12/site-packages/django/db/models/manager.py", line 87, in manager_method
2026-03-07 00:52:45 [EE]     return getattr(self.get_queryset(), name)(*args, **kwargs)
2026-03-07 00:52:45 [EE]            ^^^^^^^^^^^^^^^^^^^^^^^^^^^^^^^^^^^^^^^^^^^^^^^^^^^
2026-03-07 00:52:45 [EE]   File "/opt/nightcity/venv/lib/python3.12/site-packages/django/db/models/query.py", line 669, in create
2026-03-07 00:52:45 [EE]     obj.save(force_insert=True, using=self.db)
2026-03-07 00:52:45 [EE]   File "/opt/nightcity/game/world/cyberpunk_sheets/models.py", line 664, in save
2026-03-07 00:52:45 [EE]     self.recalculate_derived_stats()
2026-03-07 00:52:45 [EE]   File "/opt/nightcity/game/world/cyberpunk_sheets/models.py", line 679, in recalculate_derived_stats
2026-03-07 00:52:45 [EE]     total_cyberware_hl = self.calculate_total_cyberware_hl()
2026-03-07 00:52:45 [EE]                          ^^^^^^^^^^^^^^^^^^^^^^^^^^^^^^^^^^^
2026-03-07 00:52:45 [EE]   File "/opt/nightcity/game/world/cyberpunk_sheets/models.py", line 560, in calculate_total_cyberware_hl
2026-03-07 00:52:45 [EE]     installed_cyberware = CyberwareInstance.objects.filter(character_sheet=self, installed=True)
2026-03-07 00:52:45 [EE]                           ^^^^^^^^^^^^^^^^^^^^^^^^^^^^^^^^^^^^^^^^^^^^^^^^^^^^^^^^^^^^^^^^^^^^^^
2026-03-07 00:52:45 [EE]   File "/opt/nightcity/venv/lib/python3.12/site-packages/django/db/models/manager.py", line 87, in manager_method
2026-03-07 00:52:45 [EE]     return getattr(self.get_queryset(), name)(*args, **kwargs)
2026-03-07 00:52:45 [EE]            ^^^^^^^^^^^^^^^^^^^^^^^^^^^^^^^^^^^^^^^^^^^^^^^^^^^
2026-03-07 00:52:45 [EE]   File "/opt/nightcity/venv/lib/python3.12/site-packages/django/db/models/query.py", line 1542, in filter
2026-03-07 00:52:45 [EE]     return self._filter_or_exclude(False, args, kwargs)
2026-03-07 00:52:45 [EE]            ^^^^^^^^^^^^^^^^^^^^^^^^^^^^^^^^^^^^^^^^^^^^
2026-03-07 00:52:45 [EE]   File "/opt/nightcity/venv/lib/python3.12/site-packages/django/db/models/query.py", line 1560, in _filter_or_exclude
2026-03-07 00:52:45 [EE]     clone._filter_or_exclude_inplace(negate, args, kwargs)
2026-03-07 00:52:45 [EE]   File "/opt/nightcity/venv/lib/python3.12/site-packages/django/db/models/query.py", line 1570, in _filter_or_exclude_inplace
2026-03-07 00:52:45 [EE]     self._query.add_q(Q(*args, **kwargs))
2026-03-07 00:52:45 [EE]   File "/opt/nightcity/venv/lib/python3.12/site-packages/django/db/models/sql/query.py", line 1676, in add_q
2026-03-07 00:52:45 [EE]     clause, _ = self._add_q(q_object, can_reuse)
2026-03-07 00:52:45 [EE]                 ^^^^^^^^^^^^^^^^^^^^^^^^^^^^^^^^
2026-03-07 00:52:45 [EE]   File "/opt/nightcity/venv/lib/python3.12/site-packages/django/db/models/sql/query.py", line 1708, in _add_q
2026-03-07 00:52:45 [EE]     child_clause, needed_inner = self.build_filter(
2026-03-07 00:52:45 [EE]                                  ^^^^^^^^^^^^^^^^^^
2026-03-07 00:52:45 [EE]   File "/opt/nightcity/venv/lib/python3.12/site-packages/django/db/models/sql/query.py", line 1618, in build_filter
2026-03-07 00:52:45 [EE]     condition = self.build_lookup(lookups, col, value)
2026-03-07 00:52:45 [EE]                 ^^^^^^^^^^^^^^^^^^^^^^^^^^^^^^^^^^^^^^
2026-03-07 00:52:45 [EE]   File "/opt/nightcity/venv/lib/python3.12/site-packages/django/db/models/sql/query.py", line 1445, in build_lookup
2026-03-07 00:52:45 [EE]     lookup = lookup_class(lhs, rhs)
2026-03-07 00:52:45 [EE]              ^^^^^^^^^^^^^^^^^^^^^^
2026-03-07 00:52:45 [EE]   File "/opt/nightcity/venv/lib/python3.12/site-packages/django/db/models/lookups.py", line 35, in __init__
2026-03-07 00:52:45 [EE]     self.rhs = self.get_prep_lookup()
2026-03-07 00:52:45 [EE]                ^^^^^^^^^^^^^^^^^^^^^^
2026-03-07 00:52:45 [EE]   File "/opt/nightcity/venv/lib/python3.12/site-packages/django/db/models/fields/related_lookups.py", line 104, in get_prep_lookup
2026-03-07 00:52:45 [EE]     self.rhs = get_normalized_value(self.rhs, self.lhs)[0]
2026-03-07 00:52:45 [EE]                ^^^^^^^^^^^^^^^^^^^^^^^^^^^^^^^^^^^^^^^^
2026-03-07 00:52:45 [EE]   File "/opt/nightcity/venv/lib/python3.12/site-packages/django/db/models/fields/related_lookups.py", line 20, in get_normalized_value
2026-03-07 00:52:45 [EE]     raise ValueError("Model instances passed to related filters must be saved.")
2026-03-07 00:52:45 [EE] ValueError: Model instances passed to related filters must be saved.
2026-03-07 00:55:46 [..] Server disconnected from the portal.
2026-03-07 00:55:46 [..] Main loop terminated.
2026-03-07 00:55:46 [..] Server Shut Down.
2026-03-07 00:55:50 [..] Loaded.
2026-03-07 00:55:47 [..] Loading /opt/nightcity/venv/lib/python3.12/site-packages/evennia/server/server.py...
2026-03-07 00:55:50 [..] Loaded.
2026-03-07 00:55:50 [..] twistd 24.11.0 (/opt/nightcity/venv/bin/python3 3.12.3) starting up.
2026-03-07 00:55:50 [..] reactor class: twisted.internet.epollreactor.EPollReactor.
2026-03-07 00:55:50 [..] Webserver starting on 4002
2026-03-07 00:55:50 [..] Server successfully reloaded.
2026-03-07 00:55:55 [..] CmdChargen.func() called with args: 
2026-03-07 00:55:57 [..] CmdChargen.func() called with args: edgerunner solo Soma
2026-03-07 00:55:57 [..] Parsed args - method: edgerunner, role: Solo, full_name: Soma
2026-03-07 00:55:57 [..] Chargen command called with method: edgerunner, role: Solo, full_name: Soma
2026-03-07 00:55:57 [..] Creating character with method: edgerunner, role: Solo, full_name: Soma
2026-03-07 00:55:57 [..] Created new character sheet with ID 29
2026-03-07 00:55:57 [..] Starting calculate_humanity_loss in CharacterSheet
2026-03-07 00:55:57 [..] Total cyberware humanity loss: 21, trauma: 0
2026-03-07 00:55:57 [..] New calculated humanity: 19
2026-03-07 00:55:57 [..] About to recalculate derived stats
2026-03-07 00:55:57 [..] Derived stats recalculated
2026-03-07 00:55:57 [..] CharacterSheet saved
2026-03-07 00:55:57 [..] Adding language: Streetslang, level: 4
2026-03-07 00:55:57 [..] Added language Streetslang at level 4
2026-03-07 00:55:59 [..] Starting calculate_humanity_loss in CharacterSheet
2026-03-07 00:55:59 [..] Total cyberware humanity loss: 21, trauma: 0
2026-03-07 00:55:59 [..] New calculated humanity: 19
2026-03-07 00:55:59 [..] About to recalculate derived stats
2026-03-07 00:55:59 [..] Derived stats recalculated
2026-03-07 00:55:59 [..] CharacterSheet saved
2026-03-07 00:59:54 [..] Server disconnected from the portal.
2026-03-07 00:59:54 [..] Main loop terminated.
2026-03-07 00:59:54 [..] Server Shut Down.
2026-03-07 01:00:02 [..] Loaded.
2026-03-07 00:59:55 [..] Loading /opt/nightcity/venv/lib/python3.12/site-packages/evennia/server/server.py...
2026-03-07 01:00:02 [..] Loaded.
2026-03-07 01:00:02 [..] twistd 24.11.0 (/opt/nightcity/venv/bin/python3 3.12.3) starting up.
2026-03-07 01:00:02 [..] reactor class: twisted.internet.epollreactor.EPollReactor.
2026-03-07 01:00:03 [..] Webserver starting on 4002
2026-03-07 01:00:03 [..] Server successfully reloaded.
2026-03-07 01:00:46 [..] Starting calculate_humanity_loss in CharacterSheet
2026-03-07 01:00:46 [..] Total cyberware humanity loss: 21, trauma: 0
2026-03-07 01:00:46 [..] New calculated humanity: 19
2026-03-07 01:00:46 [..] About to recalculate derived stats
2026-03-07 01:00:46 [..] Derived stats recalculated
2026-03-07 01:00:46 [..] CharacterSheet saved
2026-03-07 01:01:59 [..] Server disconnected from the portal.
2026-03-07 01:01:59 [..] Main loop terminated.
2026-03-07 01:01:59 [..] Server Shut Down.
2026-03-07 01:02:05 [..] Loaded.
2026-03-07 01:02:01 [..] Loading /opt/nightcity/venv/lib/python3.12/site-packages/evennia/server/server.py...
2026-03-07 01:02:05 [..] Loaded.
2026-03-07 01:02:05 [..] twistd 24.11.0 (/opt/nightcity/venv/bin/python3 3.12.3) starting up.
2026-03-07 01:02:05 [..] reactor class: twisted.internet.epollreactor.EPollReactor.
2026-03-07 01:02:05 [..] Webserver starting on 4002
2026-03-07 01:02:05 [..] Server successfully reloaded.
2026-03-07 01:02:15 [..] Starting calculate_humanity_loss in CharacterSheet
2026-03-07 01:02:15 [..] Total cyberware humanity loss: 21, trauma: 0
2026-03-07 01:02:15 [..] New calculated humanity: 19
2026-03-07 01:02:15 [..] About to recalculate derived stats
2026-03-07 01:02:15 [..] Derived stats recalculated
2026-03-07 01:02:15 [..] CharacterSheet saved
2026-03-07 01:11:05 [WW] Warning: Idmapper flush called more than once in 5.0 min interval. Check memory usage.
2026-03-07 01:11:13 [..] Server disconnected from the portal.
2026-03-07 01:11:13 [..] Main loop terminated.
2026-03-07 01:11:13 [..] Server Shut Down.
2026-03-07 01:11:16 [..] Loaded.
2026-03-07 01:11:14 [..] Loading /opt/nightcity/venv/lib/python3.12/site-packages/evennia/server/server.py...
2026-03-07 01:11:16 [..] Loaded.
2026-03-07 01:11:16 [..] twistd 24.11.0 (/opt/nightcity/venv/bin/python3 3.12.3) starting up.
2026-03-07 01:11:16 [..] reactor class: twisted.internet.epollreactor.EPollReactor.
2026-03-07 01:11:17 [..] Webserver starting on 4002
2026-03-07 01:11:17 [..] Server successfully reloaded.
2026-03-07 01:24:22 [..] Server disconnected from the portal.
2026-03-07 01:24:22 [..] Main loop terminated.
2026-03-07 01:24:22 [..] Server Shut Down.
2026-03-07 01:24:26 [..] Loaded.
2026-03-07 01:24:23 [..] Loading /opt/nightcity/venv/lib/python3.12/site-packages/evennia/server/server.py...
2026-03-07 01:24:26 [..] Loaded.
2026-03-07 01:24:26 [..] twistd 24.11.0 (/opt/nightcity/venv/bin/python3 3.12.3) starting up.
2026-03-07 01:24:26 [..] reactor class: twisted.internet.epollreactor.EPollReactor.
2026-03-07 01:24:26 [..] Webserver starting on 4002
2026-03-07 01:24:26 [..] Server successfully reloaded.
2026-03-07 01:24:28 [..] CmdChargen.func() called with args: 
2026-03-07 01:24:32 [..] CmdChargen.func() called with args: edgerunner solo Soma
2026-03-07 01:24:32 [..] Parsed args - method: edgerunner, role: Solo, full_name: Soma
2026-03-07 01:24:32 [..] Chargen command called with method: edgerunner, role: Solo, full_name: Soma
2026-03-07 01:24:32 [..] Creating character with method: edgerunner, role: Solo, full_name: Soma
2026-03-07 01:24:32 [..] Created new character sheet with ID 30
2026-03-07 01:24:32 [..] Starting calculate_humanity_loss in CharacterSheet
2026-03-07 01:24:32 [..] Total cyberware humanity loss: 21, trauma: 0
2026-03-07 01:24:32 [..] New calculated humanity: 9
2026-03-07 01:24:32 [..] About to recalculate derived stats
2026-03-07 01:24:32 [..] Derived stats recalculated
2026-03-07 01:24:32 [..] CharacterSheet saved
2026-03-07 01:24:32 [..] Adding language: Streetslang, level: 4
2026-03-07 01:24:32 [..] Added language Streetslang at level 4
2026-03-07 01:24:37 [..] Starting calculate_humanity_loss in CharacterSheet
2026-03-07 01:24:37 [..] Total cyberware humanity loss: 21, trauma: 0
2026-03-07 01:24:37 [..] New calculated humanity: 9
2026-03-07 01:24:37 [..] About to recalculate derived stats
2026-03-07 01:24:37 [..] Derived stats recalculated
2026-03-07 01:24:37 [..] CharacterSheet saved
2026-03-07 01:24:42 [..] CmdChargen.func() called with args: 
2026-03-07 01:24:49 [..] CmdChargen.func() called with args: complete_package tech Soma
2026-03-07 01:24:49 [..] Parsed args - method: complete_package, role: Tech, full_name: Soma
2026-03-07 01:24:49 [..] Chargen command called with method: complete_package, role: Tech, full_name: Soma
2026-03-07 01:24:49 [..] Creating character with method: complete_package, role: Tech, full_name: Soma
2026-03-07 01:24:49 [..] Created new character sheet with ID 31
2026-03-07 01:24:49 [..] Adding language: Streetslang, level: 4
2026-03-07 01:24:49 [..] Added language Streetslang at level 4
2026-03-07 01:24:49 [..] Adding language: Streetslang, level: 4
2026-03-07 01:24:49 [..] Added language Streetslang at level 4
2026-03-07 01:24:51 [..] Starting calculate_humanity_loss in CharacterSheet
2026-03-07 01:24:51 [..] Total cyberware humanity loss: 0, trauma: 0
2026-03-07 01:24:51 [..] New calculated humanity: 10
2026-03-07 01:24:51 [..] About to recalculate derived stats
2026-03-07 01:24:51 [..] Derived stats recalculated
2026-03-07 01:24:51 [..] CharacterSheet saved
2026-03-07 01:32:20 [..] Server disconnected from the portal.
2026-03-07 01:32:20 [..] Main loop terminated.
2026-03-07 01:32:20 [..] Server Shut Down.
2026-03-07 01:32:23 [..] Loaded.
2026-03-07 01:32:21 [..] Loading /opt/nightcity/venv/lib/python3.12/site-packages/evennia/server/server.py...
2026-03-07 01:32:23 [..] Loaded.
2026-03-07 01:32:23 [..] twistd 24.11.0 (/opt/nightcity/venv/bin/python3 3.12.3) starting up.
2026-03-07 01:32:23 [..] reactor class: twisted.internet.epollreactor.EPollReactor.
2026-03-07 01:32:24 [..] Webserver starting on 4002
2026-03-07 01:32:24 [..] Server successfully reloaded.
2026-03-07 01:32:46 [..] CmdChargen.func() called with args: 
2026-03-07 01:32:52 [..] CmdChargen.func() called with args: edgerunner fixer Soma
2026-03-07 01:32:52 [..] Parsed args - method: edgerunner, role: Fixer, full_name: Soma
2026-03-07 01:32:52 [..] Chargen command called with method: edgerunner, role: Fixer, full_name: Soma
2026-03-07 01:32:52 [..] Creating character with method: edgerunner, role: Fixer, full_name: Soma
2026-03-07 01:32:52 [..] Created new character sheet with ID 32
2026-03-07 01:32:52 [..] Starting calculate_humanity_loss in CharacterSheet
2026-03-07 01:32:52 [..] Total cyberware humanity loss: 16, trauma: 0
2026-03-07 01:32:52 [..] New calculated humanity: 54
2026-03-07 01:32:52 [..] About to recalculate derived stats
2026-03-07 01:32:52 [..] Derived stats recalculated
2026-03-07 01:32:52 [..] CharacterSheet saved
2026-03-07 01:32:52 [..] Adding language: Streetslang, level: 4
2026-03-07 01:32:52 [..] Added language Streetslang at level 4
2026-03-07 01:32:53 [..] Starting calculate_humanity_loss in CharacterSheet
2026-03-07 01:32:53 [..] Total cyberware humanity loss: 16, trauma: 0
2026-03-07 01:32:53 [..] New calculated humanity: 54
2026-03-07 01:32:53 [..] About to recalculate derived stats
2026-03-07 01:32:53 [..] Derived stats recalculated
2026-03-07 01:32:53 [..] CharacterSheet saved
2026-03-07 01:33:35 [!!] Traceback (most recent call last):
2026-03-07 01:33:35 [!!]   File "/opt/nightcity/venv/lib/python3.12/site-packages/evennia/commands/cmdhandler.py", line 629, in _run_command
2026-03-07 01:33:35 [!!]     ret = cmd.func()
2026-03-07 01:33:35 [!!]           ^^^^^^^^^^
2026-03-07 01:33:35 [!!]   File "/opt/nightcity/game/commands/chargen.py", line 716, in func
2026-03-07 01:33:35 [!!]     new_remaining_stat_points, new_remaining_skill_points = char.get_remaining_points()
2026-03-07 01:33:35 [!!]                                                             ^^^^^^^^^^^^^^^^^^^^^^^^^
2026-03-07 01:33:35 [!!] AttributeError: 'Character' object has no attribute 'get_remaining_points'
2026-03-07 01:33:35 [EE] User input was: '+selfstat operator=2
2026-03-07 01:33:35 [EE] '.
2026-03-07 01:33:48 [..] Starting calculate_humanity_loss in CharacterSheet
2026-03-07 01:33:48 [..] Total cyberware humanity loss: 16, trauma: 0
2026-03-07 01:33:48 [..] New calculated humanity: 54
2026-03-07 01:33:48 [..] About to recalculate derived stats
2026-03-07 01:33:48 [..] Derived stats recalculated
2026-03-07 01:33:48 [..] CharacterSheet saved
2026-03-07 01:41:24 [WW] Warning: Idmapper flush called more than once in 5.0 min interval. Check memory usage.
2026-03-07 01:50:11 [..] Server disconnected from the portal.
2026-03-07 01:50:11 [..] Main loop terminated.
2026-03-07 01:50:11 [..] Server Shut Down.
2026-03-07 01:50:15 [..] Loaded.
2026-03-07 01:50:12 [..] Loading /opt/nightcity/venv/lib/python3.12/site-packages/evennia/server/server.py...
2026-03-07 01:50:15 [..] Loaded.
2026-03-07 01:50:15 [..] twistd 24.11.0 (/opt/nightcity/venv/bin/python3 3.12.3) starting up.
2026-03-07 01:50:15 [..] reactor class: twisted.internet.epollreactor.EPollReactor.
2026-03-07 01:50:15 [..] Webserver starting on 4002
2026-03-07 01:50:15 [..] Server successfully reloaded.
2026-03-07 01:59:15 [WW] Warning: Idmapper flush called more than once in 5.0 min interval. Check memory usage.
2026-03-07 04:09:05 [WW] ip_from_request: No valid IP address found in request. Using remote_addr.
2026-03-07 05:12:57 [..] Server disconnected from the portal.
2026-03-07 05:12:57 [..] Main loop terminated.
2026-03-07 05:12:57 [..] Server Shut Down.
2026-03-07 05:13:00 [..] Loaded.
2026-03-07 05:12:57 [..] Loading /opt/nightcity/venv/lib/python3.12/site-packages/evennia/server/server.py...
2026-03-07 05:13:00 [..] Loaded.
2026-03-07 05:13:00 [..] twistd 24.11.0 (/opt/nightcity/venv/bin/python3 3.12.3) starting up.
2026-03-07 05:13:00 [..] reactor class: twisted.internet.epollreactor.EPollReactor.
2026-03-07 05:13:00 [..] Webserver starting on 4002
2026-03-07 05:13:00 [..] Server successfully reloaded.
2026-03-07 05:16:31 [..] Server disconnected from the portal.
2026-03-07 05:16:31 [..] Main loop terminated.
2026-03-07 05:16:31 [..] Server Shut Down.
2026-03-07 05:16:35 [..] Loaded.
2026-03-07 05:16:32 [..] Loading /opt/nightcity/venv/lib/python3.12/site-packages/evennia/server/server.py...
2026-03-07 05:16:35 [..] Loaded.
2026-03-07 05:16:35 [..] twistd 24.11.0 (/opt/nightcity/venv/bin/python3 3.12.3) starting up.
2026-03-07 05:16:35 [..] reactor class: twisted.internet.epollreactor.EPollReactor.
2026-03-07 05:16:35 [..] Webserver starting on 4002
2026-03-07 05:16:35 [..] Server successfully reloaded.
2026-03-07 05:16:49 [!!] Traceback (most recent call last):
2026-03-07 05:16:49 [!!]   File "/opt/nightcity/venv/lib/python3.12/site-packages/evennia/commands/cmdhandler.py", line 750, in cmdhandler
2026-03-07 05:16:49 [!!]     raise ExecSystemCommand(syscmd, sysarg)
2026-03-07 05:16:49 [!!] evennia.commands.cmdhandler.ExecSystemCommand: (<evennia.utils.evmenu.CmdGetInput object at 0x729aaf372480>, '100')
None2026-03-07 05:16:49 [!!] During handling of the above exception, another exception occurred:
None2026-03-07 05:16:49 [!!] Traceback (most recent call last):
2026-03-07 05:16:49 [!!]   File "/opt/nightcity/venv/lib/python3.12/site-packages/evennia/utils/evmenu.py", line 1537, in func
2026-03-07 05:16:49 [!!]     ok = not callback(caller, prompt, result, *args, **kwargs)
2026-03-07 05:16:49 [!!]              ^^^^^^^^^^^^^^^^^^^^^^^^^^^^^^^^^^^^^^^^^^^^^^^^^
2026-03-07 05:16:49 [!!] TypeError: CmdSellItem._sell_to_player.<locals>.<lambda>() takes 2 positional arguments but 3 were given
2026-03-07 05:16:49 [!!] Error in get_input
2026-03-07 05:18:33 [..] Server disconnected from the portal.
2026-03-07 05:18:33 [..] Main loop terminated.
2026-03-07 05:18:33 [..] Server Shut Down.
2026-03-07 05:18:36 [..] Loaded.
2026-03-07 05:18:33 [..] Loading /opt/nightcity/venv/lib/python3.12/site-packages/evennia/server/server.py...
2026-03-07 05:18:36 [..] Loaded.
2026-03-07 05:18:36 [..] twistd 24.11.0 (/opt/nightcity/venv/bin/python3 3.12.3) starting up.
2026-03-07 05:18:36 [..] reactor class: twisted.internet.epollreactor.EPollReactor.
2026-03-07 05:18:36 [..] Webserver starting on 4002
2026-03-07 05:18:36 [..] Server successfully reloaded.
2026-03-07 06:11:27 [..] Server disconnected from the portal.
2026-03-07 06:11:27 [..] Main loop terminated.
2026-03-07 06:11:27 [..] Server Shut Down.
2026-03-07 06:11:31 [..] Loaded.
2026-03-07 06:11:28 [..] Loading /opt/nightcity/venv/lib/python3.12/site-packages/evennia/server/server.py...
2026-03-07 06:11:31 [..] Loaded.
2026-03-07 06:11:31 [..] twistd 24.11.0 (/opt/nightcity/venv/bin/python3 3.12.3) starting up.
2026-03-07 06:11:31 [..] reactor class: twisted.internet.epollreactor.EPollReactor.
2026-03-07 06:11:31 [..] Webserver starting on 4002
2026-03-07 06:11:31 [..] Server successfully reloaded.
2026-03-07 06:41:14 [..] Server disconnected from the portal.
2026-03-07 06:41:14 [..] Main loop terminated.
2026-03-07 06:41:14 [..] Server Shut Down.
2026-03-07 06:41:17 [..] Loaded.
2026-03-07 06:41:15 [..] Loading /opt/nightcity/venv/lib/python3.12/site-packages/evennia/server/server.py...
2026-03-07 06:41:17 [..] Loaded.
2026-03-07 06:41:17 [..] twistd 24.11.0 (/opt/nightcity/venv/bin/python3 3.12.3) starting up.
2026-03-07 06:41:17 [..] reactor class: twisted.internet.epollreactor.EPollReactor.
2026-03-07 06:41:18 [..] Webserver starting on 4002
2026-03-07 06:41:18 [..] Server successfully reloaded.
2026-03-07 06:42:52 [..] Server disconnected from the portal.
2026-03-07 06:42:52 [..] Main loop terminated.
2026-03-07 06:42:52 [..] Server Shut Down.
2026-03-07 06:42:56 [..] Loaded.
2026-03-07 06:42:53 [..] Loading /opt/nightcity/venv/lib/python3.12/site-packages/evennia/server/server.py...
2026-03-07 06:42:56 [..] Loaded.
2026-03-07 06:42:56 [..] twistd 24.11.0 (/opt/nightcity/venv/bin/python3 3.12.3) starting up.
2026-03-07 06:42:56 [..] reactor class: twisted.internet.epollreactor.EPollReactor.
2026-03-07 06:42:56 [..] Webserver starting on 4002
2026-03-07 06:42:56 [..] Server successfully reloaded.
2026-03-07 06:42:56 [!!] Traceback (most recent call last):
2026-03-07 06:42:56 [!!]   File "/opt/nightcity/venv/lib/python3.12/site-packages/evennia/commands/cmdsethandler.py", line 186, in import_cmdset
2026-03-07 06:42:56 [!!]     raise exc.with_traceback(tb)
2026-03-07 06:42:56 [!!]   File "/opt/nightcity/venv/lib/python3.12/site-packages/evennia/commands/cmdsethandler.py", line 181, in import_cmdset
2026-03-07 06:42:56 [!!]     module = import_module(modpath, package="evennia")
2026-03-07 06:42:56 [!!]              ^^^^^^^^^^^^^^^^^^^^^^^^^^^^^^^^^^^^^^^^^
2026-03-07 06:42:56 [!!]   File "/usr/lib/python3.12/importlib/__init__.py", line 90, in import_module
2026-03-07 06:42:56 [!!]     return _bootstrap._gcd_import(name[level:], package, level)
2026-03-07 06:42:56 [!!]            ^^^^^^^^^^^^^^^^^^^^^^^^^^^^^^^^^^^^^^^^^^^^^^^^^^^^
2026-03-07 06:42:56 [!!]   File "<frozen importlib._bootstrap>", line 1387, in _gcd_import
2026-03-07 06:42:56 [!!]   File "<frozen importlib._bootstrap>", line 1360, in _find_and_load
2026-03-07 06:42:56 [!!]   File "<frozen importlib._bootstrap>", line 1331, in _find_and_load_unlocked
2026-03-07 06:42:56 [!!]   File "<frozen importlib._bootstrap>", line 935, in _load_unlocked
2026-03-07 06:42:56 [!!]   File "<frozen importlib._bootstrap_external>", line 995, in exec_module
2026-03-07 06:42:56 [!!]   File "<frozen importlib._bootstrap>", line 488, in _call_with_frames_removed
2026-03-07 06:42:56 [!!]   File "/opt/nightcity/game/commands/default_cmdsets.py", line 44, in <module>
2026-03-07 06:42:56 [!!]     from .commonmux.CmdEmit import CmdEmit
2026-03-07 06:42:56 [!!] ModuleNotFoundError: No module named 'commands.commonmux.CmdEmit'
2026-03-07 06:42:56 [EE] Traceback (most recent call last):
2026-03-07 06:42:56 [EE]   File "/opt/nightcity/venv/lib/python3.12/site-packages/evennia/commands/cmdsethandler.py", line 186, in import_cmdset
2026-03-07 06:42:56 [EE]     raise exc.with_traceback(tb)
2026-03-07 06:42:56 [EE]   File "/opt/nightcity/venv/lib/python3.12/site-packages/evennia/commands/cmdsethandler.py", line 181, in import_cmdset
2026-03-07 06:42:56 [EE]     module = import_module(modpath, package="evennia")
2026-03-07 06:42:56 [EE]              ^^^^^^^^^^^^^^^^^^^^^^^^^^^^^^^^^^^^^^^^^
2026-03-07 06:42:56 [EE]   File "/usr/lib/python3.12/importlib/__init__.py", line 90, in import_module
2026-03-07 06:42:56 [EE]     return _bootstrap._gcd_import(name[level:], package, level)
2026-03-07 06:42:56 [EE]            ^^^^^^^^^^^^^^^^^^^^^^^^^^^^^^^^^^^^^^^^^^^^^^^^^^^^
2026-03-07 06:42:56 [EE]   File "<frozen importlib._bootstrap>", line 1387, in _gcd_import
2026-03-07 06:42:56 [EE]   File "<frozen importlib._bootstrap>", line 1360, in _find_and_load
2026-03-07 06:42:56 [EE]   File "<frozen importlib._bootstrap>", line 1331, in _find_and_load_unlocked
2026-03-07 06:42:56 [EE]   File "<frozen importlib._bootstrap>", line 935, in _load_unlocked
2026-03-07 06:42:56 [EE]   File "<frozen importlib._bootstrap_external>", line 995, in exec_module
2026-03-07 06:42:56 [EE]   File "<frozen importlib._bootstrap>", line 488, in _call_with_frames_removed
2026-03-07 06:42:56 [EE]   File "/opt/nightcity/game/commands/default_cmdsets.py", line 44, in <module>
2026-03-07 06:42:56 [EE]     from .commonmux.CmdEmit import CmdEmit
2026-03-07 06:42:56 [EE] ModuleNotFoundError: No module named 'commands.commonmux.CmdEmit'
None2026-03-07 06:42:56 [EE] Error loading cmdset 'commands.default_cmdsets.SessionCmdSet'
2026-03-07 06:42:56 [EE] (Traceback was logged 26-03-07 06:42:56)
None2026-03-07 06:42:56 [EE] Error encountered for cmdset at path 'commands.default_cmdsets.SessionCmdSet'.
2026-03-07 06:42:56 [EE] Replacing with fallback 'evennia.commands.default.cmdset_session.SessionCmdSet'.
2026-03-07 06:42:56 [!!] Traceback (most recent call last):
2026-03-07 06:42:56 [!!]   File "/opt/nightcity/venv/lib/python3.12/site-packages/evennia/commands/cmdsethandler.py", line 186, in import_cmdset
2026-03-07 06:42:56 [!!]     raise exc.with_traceback(tb)
2026-03-07 06:42:56 [!!]   File "/opt/nightcity/venv/lib/python3.12/site-packages/evennia/commands/cmdsethandler.py", line 181, in import_cmdset
2026-03-07 06:42:56 [!!]     module = import_module(modpath, package="evennia")
2026-03-07 06:42:56 [!!]              ^^^^^^^^^^^^^^^^^^^^^^^^^^^^^^^^^^^^^^^^^
2026-03-07 06:42:56 [!!]   File "/usr/lib/python3.12/importlib/__init__.py", line 90, in import_module
2026-03-07 06:42:56 [!!]     return _bootstrap._gcd_import(name[level:], package, level)
2026-03-07 06:42:56 [!!]            ^^^^^^^^^^^^^^^^^^^^^^^^^^^^^^^^^^^^^^^^^^^^^^^^^^^^
2026-03-07 06:42:56 [!!]   File "<frozen importlib._bootstrap>", line 1387, in _gcd_import
2026-03-07 06:42:56 [!!]   File "<frozen importlib._bootstrap>", line 1360, in _find_and_load
2026-03-07 06:42:56 [!!]   File "<frozen importlib._bootstrap>", line 1331, in _find_and_load_unlocked
2026-03-07 06:42:56 [!!]   File "<frozen importlib._bootstrap>", line 935, in _load_unlocked
2026-03-07 06:42:56 [!!]   File "<frozen importlib._bootstrap_external>", line 995, in exec_module
2026-03-07 06:42:56 [!!]   File "<frozen importlib._bootstrap>", line 488, in _call_with_frames_removed
2026-03-07 06:42:56 [!!]   File "/opt/nightcity/game/commands/default_cmdsets.py", line 44, in <module>
2026-03-07 06:42:56 [!!]     from .commonmux.CmdEmit import CmdEmit
2026-03-07 06:42:56 [!!] ModuleNotFoundError: No module named 'commands.commonmux.CmdEmit'
2026-03-07 06:42:56 [EE] Traceback (most recent call last):
2026-03-07 06:42:56 [EE]   File "/opt/nightcity/venv/lib/python3.12/site-packages/evennia/commands/cmdsethandler.py", line 186, in import_cmdset
2026-03-07 06:42:56 [EE]     raise exc.with_traceback(tb)
2026-03-07 06:42:56 [EE]   File "/opt/nightcity/venv/lib/python3.12/site-packages/evennia/commands/cmdsethandler.py", line 181, in import_cmdset
2026-03-07 06:42:56 [EE]     module = import_module(modpath, package="evennia")
2026-03-07 06:42:56 [EE]              ^^^^^^^^^^^^^^^^^^^^^^^^^^^^^^^^^^^^^^^^^
2026-03-07 06:42:56 [EE]   File "/usr/lib/python3.12/importlib/__init__.py", line 90, in import_module
2026-03-07 06:42:56 [EE]     return _bootstrap._gcd_import(name[level:], package, level)
2026-03-07 06:42:56 [EE]            ^^^^^^^^^^^^^^^^^^^^^^^^^^^^^^^^^^^^^^^^^^^^^^^^^^^^
2026-03-07 06:42:56 [EE]   File "<frozen importlib._bootstrap>", line 1387, in _gcd_import
2026-03-07 06:42:56 [EE]   File "<frozen importlib._bootstrap>", line 1360, in _find_and_load
2026-03-07 06:42:56 [EE]   File "<frozen importlib._bootstrap>", line 1331, in _find_and_load_unlocked
2026-03-07 06:42:56 [EE]   File "<frozen importlib._bootstrap>", line 935, in _load_unlocked
2026-03-07 06:42:56 [EE]   File "<frozen importlib._bootstrap_external>", line 995, in exec_module
2026-03-07 06:42:56 [EE]   File "<frozen importlib._bootstrap>", line 488, in _call_with_frames_removed
2026-03-07 06:42:56 [EE]   File "/opt/nightcity/game/commands/default_cmdsets.py", line 44, in <module>
2026-03-07 06:42:56 [EE]     from .commonmux.CmdEmit import CmdEmit
2026-03-07 06:42:56 [EE] ModuleNotFoundError: No module named 'commands.commonmux.CmdEmit'
None2026-03-07 06:42:56 [EE] Error loading cmdset 'commands.default_cmdsets.SessionCmdSet'
2026-03-07 06:42:56 [EE] (Traceback was logged 26-03-07 06:42:56)
None2026-03-07 06:42:56 [EE] Error encountered for cmdset at path 'commands.default_cmdsets.SessionCmdSet'.
2026-03-07 06:42:56 [EE] Replacing with fallback 'evennia.commands.default.cmdset_session.SessionCmdSet'.
2026-03-07 06:42:57 [!!] Traceback (most recent call last):
2026-03-07 06:42:57 [!!]   File "/opt/nightcity/venv/lib/python3.12/site-packages/evennia/commands/cmdsethandler.py", line 186, in import_cmdset
2026-03-07 06:42:57 [!!]     raise exc.with_traceback(tb)
2026-03-07 06:42:57 [!!]   File "/opt/nightcity/venv/lib/python3.12/site-packages/evennia/commands/cmdsethandler.py", line 181, in import_cmdset
2026-03-07 06:42:57 [!!]     module = import_module(modpath, package="evennia")
2026-03-07 06:42:57 [!!]              ^^^^^^^^^^^^^^^^^^^^^^^^^^^^^^^^^^^^^^^^^
2026-03-07 06:42:57 [!!]   File "/usr/lib/python3.12/importlib/__init__.py", line 90, in import_module
2026-03-07 06:42:57 [!!]     return _bootstrap._gcd_import(name[level:], package, level)
2026-03-07 06:42:57 [!!]            ^^^^^^^^^^^^^^^^^^^^^^^^^^^^^^^^^^^^^^^^^^^^^^^^^^^^
2026-03-07 06:42:57 [!!]   File "<frozen importlib._bootstrap>", line 1387, in _gcd_import
2026-03-07 06:42:57 [!!]   File "<frozen importlib._bootstrap>", line 1360, in _find_and_load
2026-03-07 06:42:57 [!!]   File "<frozen importlib._bootstrap>", line 1331, in _find_and_load_unlocked
2026-03-07 06:42:57 [!!]   File "<frozen importlib._bootstrap>", line 935, in _load_unlocked
2026-03-07 06:42:57 [!!]   File "<frozen importlib._bootstrap_external>", line 995, in exec_module
2026-03-07 06:42:57 [!!]   File "<frozen importlib._bootstrap>", line 488, in _call_with_frames_removed
2026-03-07 06:42:57 [!!]   File "/opt/nightcity/game/commands/default_cmdsets.py", line 44, in <module>
2026-03-07 06:42:57 [!!]     from .commonmux.CmdEmit import CmdEmit
2026-03-07 06:42:57 [!!] ModuleNotFoundError: No module named 'commands.commonmux.CmdEmit'
2026-03-07 06:42:57 [EE] Traceback (most recent call last):
2026-03-07 06:42:57 [EE]   File "/opt/nightcity/venv/lib/python3.12/site-packages/evennia/commands/cmdsethandler.py", line 186, in import_cmdset
2026-03-07 06:42:57 [EE]     raise exc.with_traceback(tb)
2026-03-07 06:42:57 [EE]   File "/opt/nightcity/venv/lib/python3.12/site-packages/evennia/commands/cmdsethandler.py", line 181, in import_cmdset
2026-03-07 06:42:57 [EE]     module = import_module(modpath, package="evennia")
2026-03-07 06:42:57 [EE]              ^^^^^^^^^^^^^^^^^^^^^^^^^^^^^^^^^^^^^^^^^
2026-03-07 06:42:57 [EE]   File "/usr/lib/python3.12/importlib/__init__.py", line 90, in import_module
2026-03-07 06:42:57 [EE]     return _bootstrap._gcd_import(name[level:], package, level)
2026-03-07 06:42:57 [EE]            ^^^^^^^^^^^^^^^^^^^^^^^^^^^^^^^^^^^^^^^^^^^^^^^^^^^^
2026-03-07 06:42:57 [EE]   File "<frozen importlib._bootstrap>", line 1387, in _gcd_import
2026-03-07 06:42:57 [EE]   File "<frozen importlib._bootstrap>", line 1360, in _find_and_load
2026-03-07 06:42:57 [EE]   File "<frozen importlib._bootstrap>", line 1331, in _find_and_load_unlocked
2026-03-07 06:42:57 [EE]   File "<frozen importlib._bootstrap>", line 935, in _load_unlocked
2026-03-07 06:42:57 [EE]   File "<frozen importlib._bootstrap_external>", line 995, in exec_module
2026-03-07 06:42:57 [EE]   File "<frozen importlib._bootstrap>", line 488, in _call_with_frames_removed
2026-03-07 06:42:57 [EE]   File "/opt/nightcity/game/commands/default_cmdsets.py", line 44, in <module>
2026-03-07 06:42:57 [EE]     from .commonmux.CmdEmit import CmdEmit
2026-03-07 06:42:57 [EE] ModuleNotFoundError: No module named 'commands.commonmux.CmdEmit'
None2026-03-07 06:42:57 [EE] Error loading cmdset 'commands.default_cmdsets.SessionCmdSet'
2026-03-07 06:42:57 [EE] (Traceback was logged 26-03-07 06:42:57)
None2026-03-07 06:42:57 [EE] Error encountered for cmdset at path 'commands.default_cmdsets.SessionCmdSet'.
2026-03-07 06:42:57 [EE] Replacing with fallback 'evennia.commands.default.cmdset_session.SessionCmdSet'.
2026-03-07 06:42:57 [!!] Traceback (most recent call last):
2026-03-07 06:42:57 [!!]   File "/opt/nightcity/venv/lib/python3.12/site-packages/evennia/commands/cmdsethandler.py", line 186, in import_cmdset
2026-03-07 06:42:57 [!!]     raise exc.with_traceback(tb)
2026-03-07 06:42:57 [!!]   File "/opt/nightcity/venv/lib/python3.12/site-packages/evennia/commands/cmdsethandler.py", line 181, in import_cmdset
2026-03-07 06:42:57 [!!]     module = import_module(modpath, package="evennia")
2026-03-07 06:42:57 [!!]              ^^^^^^^^^^^^^^^^^^^^^^^^^^^^^^^^^^^^^^^^^
2026-03-07 06:42:57 [!!]   File "/usr/lib/python3.12/importlib/__init__.py", line 90, in import_module
2026-03-07 06:42:57 [!!]     return _bootstrap._gcd_import(name[level:], package, level)
2026-03-07 06:42:57 [!!]            ^^^^^^^^^^^^^^^^^^^^^^^^^^^^^^^^^^^^^^^^^^^^^^^^^^^^
2026-03-07 06:42:57 [!!]   File "<frozen importlib._bootstrap>", line 1387, in _gcd_import
2026-03-07 06:42:57 [!!]   File "<frozen importlib._bootstrap>", line 1360, in _find_and_load
2026-03-07 06:42:57 [!!]   File "<frozen importlib._bootstrap>", line 1331, in _find_and_load_unlocked
2026-03-07 06:42:57 [!!]   File "<frozen importlib._bootstrap>", line 935, in _load_unlocked
2026-03-07 06:42:57 [!!]   File "<frozen importlib._bootstrap_external>", line 995, in exec_module
2026-03-07 06:42:57 [!!]   File "<frozen importlib._bootstrap>", line 488, in _call_with_frames_removed
2026-03-07 06:42:57 [!!]   File "/opt/nightcity/game/commands/default_cmdsets.py", line 44, in <module>
2026-03-07 06:42:57 [!!]     from .commonmux.CmdEmit import CmdEmit
2026-03-07 06:42:57 [!!] ModuleNotFoundError: No module named 'commands.commonmux.CmdEmit'
2026-03-07 06:42:57 [EE] Traceback (most recent call last):
2026-03-07 06:42:57 [EE]   File "/opt/nightcity/venv/lib/python3.12/site-packages/evennia/commands/cmdsethandler.py", line 186, in import_cmdset
2026-03-07 06:42:57 [EE]     raise exc.with_traceback(tb)
2026-03-07 06:42:57 [EE]   File "/opt/nightcity/venv/lib/python3.12/site-packages/evennia/commands/cmdsethandler.py", line 181, in import_cmdset
2026-03-07 06:42:57 [EE]     module = import_module(modpath, package="evennia")
2026-03-07 06:42:57 [EE]              ^^^^^^^^^^^^^^^^^^^^^^^^^^^^^^^^^^^^^^^^^
2026-03-07 06:42:57 [EE]   File "/usr/lib/python3.12/importlib/__init__.py", line 90, in import_module
2026-03-07 06:42:57 [EE]     return _bootstrap._gcd_import(name[level:], package, level)
2026-03-07 06:42:57 [EE]            ^^^^^^^^^^^^^^^^^^^^^^^^^^^^^^^^^^^^^^^^^^^^^^^^^^^^
2026-03-07 06:42:57 [EE]   File "<frozen importlib._bootstrap>", line 1387, in _gcd_import
2026-03-07 06:42:57 [EE]   File "<frozen importlib._bootstrap>", line 1360, in _find_and_load
2026-03-07 06:42:57 [EE]   File "<frozen importlib._bootstrap>", line 1331, in _find_and_load_unlocked
2026-03-07 06:42:57 [EE]   File "<frozen importlib._bootstrap>", line 935, in _load_unlocked
2026-03-07 06:42:57 [EE]   File "<frozen importlib._bootstrap_external>", line 995, in exec_module
2026-03-07 06:42:57 [EE]   File "<frozen importlib._bootstrap>", line 488, in _call_with_frames_removed
2026-03-07 06:42:57 [EE]   File "/opt/nightcity/game/commands/default_cmdsets.py", line 44, in <module>
2026-03-07 06:42:57 [EE]     from .commonmux.CmdEmit import CmdEmit
2026-03-07 06:42:57 [EE] ModuleNotFoundError: No module named 'commands.commonmux.CmdEmit'
None2026-03-07 06:42:57 [EE] Error loading cmdset 'commands.default_cmdsets.SessionCmdSet'
2026-03-07 06:42:57 [EE] (Traceback was logged 26-03-07 06:42:57)
None2026-03-07 06:42:57 [EE] Error encountered for cmdset at path 'commands.default_cmdsets.SessionCmdSet'.
2026-03-07 06:42:57 [EE] Replacing with fallback 'evennia.commands.default.cmdset_session.SessionCmdSet'.
2026-03-07 06:44:30 [..] Server disconnected from the portal.
2026-03-07 06:44:30 [..] Main loop terminated.
2026-03-07 06:44:30 [..] Server Shut Down.
2026-03-07 06:44:34 [..] Loaded.
2026-03-07 06:44:31 [..] Loading /opt/nightcity/venv/lib/python3.12/site-packages/evennia/server/server.py...
2026-03-07 06:44:34 [..] Loaded.
2026-03-07 06:44:34 [..] twistd 24.11.0 (/opt/nightcity/venv/bin/python3 3.12.3) starting up.
2026-03-07 06:44:34 [..] reactor class: twisted.internet.epollreactor.EPollReactor.
2026-03-07 06:44:34 [..] Webserver starting on 4002
2026-03-07 06:44:34 [..] Server successfully reloaded.
2026-03-07 06:44:57 [!!] Traceback (most recent call last):
2026-03-07 06:44:57 [!!]   File "/opt/nightcity/venv/lib/python3.12/site-packages/evennia/commands/cmdhandler.py", line 629, in _run_command
2026-03-07 06:44:57 [!!]     ret = cmd.func()
2026-03-07 06:44:57 [!!]           ^^^^^^^^^^
2026-03-07 06:44:57 [!!]   File "/opt/nightcity/game/commands/commonmux/CmdEmit.py", line 93, in func
2026-03-07 06:44:57 [!!]     for category in receiver.db.stats.get('merits', {}).values()
2026-03-07 06:44:57 [!!]                     ^^^^^^^^^^^^^^^^^^^^^
2026-03-07 06:44:57 [!!] AttributeError: 'NoneType' object has no attribute 'get'
2026-03-07 06:44:57 [EE] User input was: '@emit/language Test. Soma says, "This is a test."
2026-03-07 06:44:57 [EE] '.
2026-03-07 06:45:40 [..] Server disconnected from the portal.
2026-03-07 06:45:40 [..] Main loop terminated.
2026-03-07 06:45:40 [..] Server Shut Down.
2026-03-07 06:45:44 [..] Loaded.
2026-03-07 06:45:41 [..] Loading /opt/nightcity/venv/lib/python3.12/site-packages/evennia/server/server.py...
2026-03-07 06:45:44 [..] Loaded.
2026-03-07 06:45:44 [..] twistd 24.11.0 (/opt/nightcity/venv/bin/python3 3.12.3) starting up.
2026-03-07 06:45:44 [..] reactor class: twisted.internet.epollreactor.EPollReactor.
2026-03-07 06:45:44 [..] Webserver starting on 4002
2026-03-07 06:45:44 [..] Server successfully reloaded.
2026-03-07 06:58:05 [..] Server disconnected from the portal.
2026-03-07 06:58:05 [..] Main loop terminated.
2026-03-07 06:58:05 [..] Server Shut Down.
2026-03-07 06:58:09 [..] Loaded.
2026-03-07 06:58:06 [..] Loading /opt/nightcity/venv/lib/python3.12/site-packages/evennia/server/server.py...
2026-03-07 06:58:09 [..] Loaded.
2026-03-07 06:58:09 [..] twistd 24.11.0 (/opt/nightcity/venv/bin/python3 3.12.3) starting up.
2026-03-07 06:58:09 [..] reactor class: twisted.internet.epollreactor.EPollReactor.
2026-03-07 06:58:09 [..] Webserver starting on 4002
2026-03-07 06:58:09 [..] Server successfully reloaded.
2026-03-07 07:06:19 [..] Server disconnected from the portal.
2026-03-07 07:06:19 [..] Main loop terminated.
2026-03-07 07:06:19 [..] Server Shut Down.
2026-03-07 07:06:22 [..] Loaded.
2026-03-07 07:06:20 [..] Loading /opt/nightcity/venv/lib/python3.12/site-packages/evennia/server/server.py...
2026-03-07 07:06:22 [..] Loaded.
2026-03-07 07:06:22 [..] twistd 24.11.0 (/opt/nightcity/venv/bin/python3 3.12.3) starting up.
2026-03-07 07:06:22 [..] reactor class: twisted.internet.epollreactor.EPollReactor.
2026-03-07 07:06:22 [..] Webserver starting on 4002
2026-03-07 07:06:23 [..] Server successfully reloaded.
2026-03-07 07:11:46 [..] Server disconnected from the portal.
2026-03-07 07:11:46 [..] Main loop terminated.
2026-03-07 07:11:46 [..] Server Shut Down.
2026-03-07 07:11:49 [..] Loaded.
2026-03-07 07:11:47 [..] Loading /opt/nightcity/venv/lib/python3.12/site-packages/evennia/server/server.py...
2026-03-07 07:11:49 [..] Loaded.
2026-03-07 07:11:49 [..] twistd 24.11.0 (/opt/nightcity/venv/bin/python3 3.12.3) starting up.
2026-03-07 07:11:49 [..] reactor class: twisted.internet.epollreactor.EPollReactor.
2026-03-07 07:11:50 [..] Webserver starting on 4002
2026-03-07 07:11:50 [..] Server successfully reloaded.
2026-03-07 07:12:41 [..] Server disconnected from the portal.
2026-03-07 07:12:41 [..] Main loop terminated.
2026-03-07 07:12:41 [..] Server Shut Down.
2026-03-07 07:12:45 [..] Loaded.
2026-03-07 07:12:41 [..] Loading /opt/nightcity/venv/lib/python3.12/site-packages/evennia/server/server.py...
2026-03-07 07:12:45 [..] Loaded.
2026-03-07 07:12:45 [..] twistd 24.11.0 (/opt/nightcity/venv/bin/python3 3.12.3) starting up.
2026-03-07 07:12:45 [..] reactor class: twisted.internet.epollreactor.EPollReactor.
2026-03-07 07:12:45 [..] Webserver starting on 4002
2026-03-07 07:12:45 [..] Server successfully reloaded.
2026-03-07 07:21:45 [WW] Warning: Idmapper flush called more than once in 5.0 min interval. Check memory usage.
2026-03-07 07:34:06 [WW] ip_from_request: No valid IP address found in request. Using remote_addr.
2026-03-07 07:45:27 [..] Server disconnected from the portal.
2026-03-07 07:45:27 [..] Main loop terminated.
2026-03-07 07:45:27 [..] Server Shut Down.
2026-03-07 07:45:30 [..] Loaded.
2026-03-07 07:45:28 [..] Loading /opt/nightcity/venv/lib/python3.12/site-packages/evennia/server/server.py...
2026-03-07 07:45:30 [..] Loaded.
2026-03-07 07:45:30 [..] twistd 24.11.0 (/opt/nightcity/venv/bin/python3 3.12.3) starting up.
2026-03-07 07:45:30 [..] reactor class: twisted.internet.epollreactor.EPollReactor.
2026-03-07 07:45:31 [..] Webserver starting on 4002
2026-03-07 07:45:31 [..] Server successfully reloaded.
2026-03-07 07:45:48 [..] Server disconnected from the portal.
2026-03-07 07:45:48 [..] Main loop terminated.
2026-03-07 07:45:48 [..] Server Shut Down.
2026-03-07 07:45:51 [..] Loaded.
2026-03-07 07:45:49 [..] Loading /opt/nightcity/venv/lib/python3.12/site-packages/evennia/server/server.py...
2026-03-07 07:45:51 [..] Loaded.
2026-03-07 07:45:51 [..] twistd 24.11.0 (/opt/nightcity/venv/bin/python3 3.12.3) starting up.
2026-03-07 07:45:51 [..] reactor class: twisted.internet.epollreactor.EPollReactor.
2026-03-07 07:45:51 [..] Webserver starting on 4002
2026-03-07 07:45:51 [..] Server successfully reloaded.
2026-03-07 07:54:51 [WW] Warning: Idmapper flush called more than once in 5.0 min interval. Check memory usage.
2026-03-07 08:11:33 [..] Server disconnected from the portal.
2026-03-07 08:11:33 [..] Main loop terminated.
2026-03-07 08:11:33 [..] Server Shut Down.
2026-03-07 08:11:36 [..] Loaded.
2026-03-07 08:11:34 [..] Loading /opt/nightcity/venv/lib/python3.12/site-packages/evennia/server/server.py...
2026-03-07 08:11:36 [..] Loaded.
2026-03-07 08:11:36 [..] twistd 24.11.0 (/opt/nightcity/venv/bin/python3 3.12.3) starting up.
2026-03-07 08:11:36 [..] reactor class: twisted.internet.epollreactor.EPollReactor.
2026-03-07 08:11:36 [..] Webserver starting on 4002
2026-03-07 08:11:36 [..] Server successfully reloaded.
2026-03-07 08:20:36 [WW] Warning: Idmapper flush called more than once in 5.0 min interval. Check memory usage.
2026-03-07 11:41:30 [WW] ip_from_request: No valid IP address found in request. Using remote_addr.
2026-03-07 12:08:25 [WW] ip_from_request: No valid IP address found in request. Using remote_addr.
2026-03-07 15:41:36 [WW] ip_from_request: No valid IP address found in request. Using remote_addr.
2026-03-07 19:07:37 [WW] ip_from_request: No valid IP address found in request. Using remote_addr.
2026-03-07 21:36:46 [!!] Traceback (most recent call last):
2026-03-07 21:36:46 [!!]   File "/opt/nightcity/venv/lib/python3.12/site-packages/evennia/commands/cmdhandler.py", line 750, in cmdhandler
2026-03-07 21:36:46 [!!]     raise ExecSystemCommand(syscmd, sysarg)
2026-03-07 21:36:46 [!!] evennia.commands.cmdhandler.ExecSystemCommand: (<evennia.utils.evmenu.CmdEvMenuNode object at 0x71764f7b5490>, '1')
None2026-03-07 21:36:46 [!!] During handling of the above exception, another exception occurred:
None2026-03-07 21:36:46 [!!] Traceback (most recent call last):
2026-03-07 21:36:46 [!!]   File "/opt/nightcity/venv/lib/python3.12/site-packages/evennia/utils/evmenu.py", line 835, in _execute_node
2026-03-07 21:36:46 [!!]     ret = self._safe_call(node, raw_string, **kwargs)
2026-03-07 21:36:46 [!!]           ^^^^^^^^^^^^^^^^^^^^^^^^^^^^^^^^^^^^^^^^^^^
2026-03-07 21:36:46 [!!]   File "/opt/nightcity/venv/lib/python3.12/site-packages/evennia/utils/evmenu.py", line 793, in _safe_call
2026-03-07 21:36:46 [!!]     ret = callback(self.caller, raw_string, **kwargs)
2026-03-07 21:36:46 [!!]           ^^^^^^^^^^^^^^^^^^^^^^^^^^^^^^^^^^^^^^^^^^^
2026-03-07 21:36:46 [!!]   File "/opt/nightcity/game/commands/lifepath_functions.py", line 58, in set_cultural_origin
2026-03-07 21:36:46 [!!]     cs.clear_cultural_languages()
2026-03-07 21:36:46 [!!]     ^^^^^^^^^^^^^^^^^^^^^^^^^^^
2026-03-07 21:36:46 [!!] AttributeError: 'CharacterSheet' object has no attribute 'clear_cultural_languages'
2026-03-07 21:36:46 [!!] Traceback (most recent call last):
2026-03-07 21:36:46 [!!]   File "/opt/nightcity/venv/lib/python3.12/site-packages/evennia/commands/cmdhandler.py", line 750, in cmdhandler
2026-03-07 21:36:46 [!!]     raise ExecSystemCommand(syscmd, sysarg)
2026-03-07 21:36:46 [!!] evennia.commands.cmdhandler.ExecSystemCommand: (<evennia.utils.evmenu.CmdEvMenuNode object at 0x71764f7b5490>, '1')
None2026-03-07 21:36:46 [!!] During handling of the above exception, another exception occurred:
None2026-03-07 21:36:46 [!!] Traceback (most recent call last):
2026-03-07 21:36:46 [!!]   File "/opt/nightcity/venv/lib/python3.12/site-packages/evennia/commands/cmdhandler.py", line 629, in _run_command
2026-03-07 21:36:46 [!!]     ret = cmd.func()
2026-03-07 21:36:46 [!!]           ^^^^^^^^^^
2026-03-07 21:36:46 [!!]   File "/opt/nightcity/venv/lib/python3.12/site-packages/evennia/utils/evmenu.py", line 450, in func
2026-03-07 21:36:46 [!!]     menu.parse_input(self.raw_string)
2026-03-07 21:36:46 [!!]   File "/opt/nightcity/venv/lib/python3.12/site-packages/evennia/utils/evmenu.py", line 1118, in parse_input
2026-03-07 21:36:46 [!!]     self.goto(goto_node, raw_string, **(goto_kwargs or {}))
2026-03-07 21:36:46 [!!]   File "/opt/nightcity/venv/lib/python3.12/site-packages/evennia/utils/evmenu.py", line 924, in goto
2026-03-07 21:36:46 [!!]     nodetext, options = self._execute_node(nodename, raw_string, **kwargs)
2026-03-07 21:36:46 [!!]                         ^^^^^^^^^^^^^^^^^^^^^^^^^^^^^^^^^^^^^^^^^^^^^^^^^^
2026-03-07 21:36:46 [!!]   File "/opt/nightcity/venv/lib/python3.12/site-packages/evennia/utils/evmenu.py", line 835, in _execute_node
2026-03-07 21:36:46 [!!]     ret = self._safe_call(node, raw_string, **kwargs)
2026-03-07 21:36:46 [!!]           ^^^^^^^^^^^^^^^^^^^^^^^^^^^^^^^^^^^^^^^^^^^
2026-03-07 21:36:46 [!!]   File "/opt/nightcity/venv/lib/python3.12/site-packages/evennia/utils/evmenu.py", line 793, in _safe_call
2026-03-07 21:36:46 [!!]     ret = callback(self.caller, raw_string, **kwargs)
2026-03-07 21:36:46 [!!]           ^^^^^^^^^^^^^^^^^^^^^^^^^^^^^^^^^^^^^^^^^^^
2026-03-07 21:36:46 [!!]   File "/opt/nightcity/game/commands/lifepath_functions.py", line 58, in set_cultural_origin
2026-03-07 21:36:46 [!!]     cs.clear_cultural_languages()
2026-03-07 21:36:46 [!!]     ^^^^^^^^^^^^^^^^^^^^^^^^^^^
2026-03-07 21:36:46 [!!] AttributeError: 'CharacterSheet' object has no attribute 'clear_cultural_languages'
2026-03-07 21:36:46 [!!] Traceback (most recent call last):
2026-03-07 21:36:46 [!!]   File "/opt/nightcity/venv/lib/python3.12/site-packages/evennia/commands/cmdhandler.py", line 750, in cmdhandler
2026-03-07 21:36:46 [!!]     raise ExecSystemCommand(syscmd, sysarg)
2026-03-07 21:36:46 [!!] evennia.commands.cmdhandler.ExecSystemCommand: (<evennia.utils.evmenu.CmdEvMenuNode object at 0x71764f7b5490>, '1')
None2026-03-07 21:36:46 [!!] During handling of the above exception, another exception occurred:
None2026-03-07 21:36:46 [!!] Traceback (most recent call last):
2026-03-07 21:36:46 [!!]   File "/opt/nightcity/venv/lib/python3.12/site-packages/evennia/commands/cmdhandler.py", line 773, in cmdhandler
2026-03-07 21:36:46 [!!]     yield _run_command(
2026-03-07 21:36:46 [!!]   File "/opt/nightcity/venv/lib/python3.12/site-packages/twisted/internet/defer.py", line 2017, in _inlineCallbacks
2026-03-07 21:36:46 [!!]     result = context.run(gen.send, result)
2026-03-07 21:36:46 [!!]              ^^^^^^^^^^^^^^^^^^^^^^^^^^^^^
2026-03-07 21:36:46 [!!]   File "/opt/nightcity/venv/lib/python3.12/site-packages/evennia/commands/cmdhandler.py", line 654, in _run_command
2026-03-07 21:36:46 [!!]     raise ErrorReported(cmd.raw_string)
2026-03-07 21:36:46 [!!] evennia.commands.cmdhandler.ErrorReported: 1
None2026-03-07 21:37:14 [!!] Traceback (most recent call last):
2026-03-07 21:37:14 [!!]   File "/opt/nightcity/venv/lib/python3.12/site-packages/evennia/commands/cmdhandler.py", line 750, in cmdhandler
2026-03-07 21:37:14 [!!]     raise ExecSystemCommand(syscmd, sysarg)
2026-03-07 21:37:14 [!!] evennia.commands.cmdhandler.ExecSystemCommand: (<evennia.utils.evmenu.CmdEvMenuNode object at 0x71764f7b5490>, '2')
None2026-03-07 21:37:14 [!!] During handling of the above exception, another exception occurred:
None2026-03-07 21:37:14 [!!] Traceback (most recent call last):
2026-03-07 21:37:14 [!!]   File "/opt/nightcity/venv/lib/python3.12/site-packages/evennia/utils/evmenu.py", line 835, in _execute_node
2026-03-07 21:37:14 [!!]     ret = self._safe_call(node, raw_string, **kwargs)
2026-03-07 21:37:14 [!!]           ^^^^^^^^^^^^^^^^^^^^^^^^^^^^^^^^^^^^^^^^^^^
2026-03-07 21:37:14 [!!]   File "/opt/nightcity/venv/lib/python3.12/site-packages/evennia/utils/evmenu.py", line 793, in _safe_call
2026-03-07 21:37:14 [!!]     ret = callback(self.caller, raw_string, **kwargs)
2026-03-07 21:37:14 [!!]           ^^^^^^^^^^^^^^^^^^^^^^^^^^^^^^^^^^^^^^^^^^^
2026-03-07 21:37:14 [!!]   File "/opt/nightcity/game/commands/lifepath_functions.py", line 58, in set_cultural_origin
2026-03-07 21:37:14 [!!]     cs.clear_cultural_languages()
2026-03-07 21:37:14 [!!]     ^^^^^^^^^^^^^^^^^^^^^^^^^^^
2026-03-07 21:37:14 [!!] AttributeError: 'CharacterSheet' object has no attribute 'clear_cultural_languages'
2026-03-07 21:37:14 [!!] Traceback (most recent call last):
2026-03-07 21:37:14 [!!]   File "/opt/nightcity/venv/lib/python3.12/site-packages/evennia/commands/cmdhandler.py", line 750, in cmdhandler
2026-03-07 21:37:14 [!!]     raise ExecSystemCommand(syscmd, sysarg)
2026-03-07 21:37:14 [!!] evennia.commands.cmdhandler.ExecSystemCommand: (<evennia.utils.evmenu.CmdEvMenuNode object at 0x71764f7b5490>, '2')
None2026-03-07 21:37:14 [!!] During handling of the above exception, another exception occurred:
None2026-03-07 21:37:14 [!!] Traceback (most recent call last):
2026-03-07 21:37:14 [!!]   File "/opt/nightcity/venv/lib/python3.12/site-packages/evennia/commands/cmdhandler.py", line 629, in _run_command
2026-03-07 21:37:14 [!!]     ret = cmd.func()
2026-03-07 21:37:14 [!!]           ^^^^^^^^^^
2026-03-07 21:37:14 [!!]   File "/opt/nightcity/venv/lib/python3.12/site-packages/evennia/utils/evmenu.py", line 450, in func
2026-03-07 21:37:14 [!!]     menu.parse_input(self.raw_string)
2026-03-07 21:37:14 [!!]   File "/opt/nightcity/venv/lib/python3.12/site-packages/evennia/utils/evmenu.py", line 1118, in parse_input
2026-03-07 21:37:14 [!!]     self.goto(goto_node, raw_string, **(goto_kwargs or {}))
2026-03-07 21:37:14 [!!]   File "/opt/nightcity/venv/lib/python3.12/site-packages/evennia/utils/evmenu.py", line 924, in goto
2026-03-07 21:37:14 [!!]     nodetext, options = self._execute_node(nodename, raw_string, **kwargs)
2026-03-07 21:37:14 [!!]                         ^^^^^^^^^^^^^^^^^^^^^^^^^^^^^^^^^^^^^^^^^^^^^^^^^^
2026-03-07 21:37:14 [!!]   File "/opt/nightcity/venv/lib/python3.12/site-packages/evennia/utils/evmenu.py", line 835, in _execute_node
2026-03-07 21:37:14 [!!]     ret = self._safe_call(node, raw_string, **kwargs)
2026-03-07 21:37:14 [!!]           ^^^^^^^^^^^^^^^^^^^^^^^^^^^^^^^^^^^^^^^^^^^
2026-03-07 21:37:14 [!!]   File "/opt/nightcity/venv/lib/python3.12/site-packages/evennia/utils/evmenu.py", line 793, in _safe_call
2026-03-07 21:37:14 [!!]     ret = callback(self.caller, raw_string, **kwargs)
2026-03-07 21:37:14 [!!]           ^^^^^^^^^^^^^^^^^^^^^^^^^^^^^^^^^^^^^^^^^^^
2026-03-07 21:37:14 [!!]   File "/opt/nightcity/game/commands/lifepath_functions.py", line 58, in set_cultural_origin
2026-03-07 21:37:14 [!!]     cs.clear_cultural_languages()
2026-03-07 21:37:14 [!!]     ^^^^^^^^^^^^^^^^^^^^^^^^^^^
2026-03-07 21:37:14 [!!] AttributeError: 'CharacterSheet' object has no attribute 'clear_cultural_languages'
2026-03-07 21:37:14 [!!] Traceback (most recent call last):
2026-03-07 21:37:14 [!!]   File "/opt/nightcity/venv/lib/python3.12/site-packages/evennia/commands/cmdhandler.py", line 750, in cmdhandler
2026-03-07 21:37:14 [!!]     raise ExecSystemCommand(syscmd, sysarg)
2026-03-07 21:37:14 [!!] evennia.commands.cmdhandler.ExecSystemCommand: (<evennia.utils.evmenu.CmdEvMenuNode object at 0x71764f7b5490>, '2')
None2026-03-07 21:37:14 [!!] During handling of the above exception, another exception occurred:
None2026-03-07 21:37:14 [!!] Traceback (most recent call last):
2026-03-07 21:37:14 [!!]   File "/opt/nightcity/venv/lib/python3.12/site-packages/evennia/commands/cmdhandler.py", line 773, in cmdhandler
2026-03-07 21:37:14 [!!]     yield _run_command(
2026-03-07 21:37:14 [!!]   File "/opt/nightcity/venv/lib/python3.12/site-packages/twisted/internet/defer.py", line 2017, in _inlineCallbacks
2026-03-07 21:37:14 [!!]     result = context.run(gen.send, result)
2026-03-07 21:37:14 [!!]              ^^^^^^^^^^^^^^^^^^^^^^^^^^^^^
2026-03-07 21:37:14 [!!]   File "/opt/nightcity/venv/lib/python3.12/site-packages/evennia/commands/cmdhandler.py", line 654, in _run_command
2026-03-07 21:37:14 [!!]     raise ErrorReported(cmd.raw_string)
2026-03-07 21:37:14 [!!] evennia.commands.cmdhandler.ErrorReported: 2
None2026-03-07 21:37:17 [..] Logged out: Soma(account 4) 76.105.8.183 (0 sessions(s) remaining) (quit)
2026-03-07 21:37:21 [SS] Authentication Success: Soma(account 4) (IP: 76.105.8.183).
2026-03-07 21:37:21 [..] Logged in: Soma(account 4) 76.105.8.183 (1 session(s) total)
2026-03-07 21:37:23 [..] at_post_puppet called for Soma
2026-03-07 21:37:23 [..] About to call display_login_notifications for Soma
2026-03-07 21:37:23 [..] About to display login notifications for Soma
2026-03-07 21:37:23 [..] Finished display_login_notifications for Soma
2026-03-07 21:37:23 [SS] Puppet Success: (Caller: Soma(account 4), Target: Soma, IP: 76.105.8.183).
2026-03-07 22:04:14 [..] Mnemosyne is accessing the hustle menu
2026-03-07 22:04:14 [..] Entering hustle_menu for Mnemosyne
2026-03-07 22:10:39 [..] Exiting hustle menu for Mnemosyne
2026-03-07 22:43:36 [WW] ip_from_request: No valid IP address found in request. Using remote_addr.
2026-03-08 01:43:56 [..] Logged out: Mnemosyne(account 2) 23.240.246.195 (1 sessions(s) remaining)
2026-03-08 01:44:17 [SS] Authentication Success: Mnemosyne(account 2) (IP: 23.240.246.195).
2026-03-08 01:44:17 [..] Logged in: Mnemosyne(account 2) 23.240.246.195 (2 session(s) total)
2026-03-08 01:44:20 [..] at_post_puppet called for Mnemosyne
2026-03-08 01:44:20 [..] About to call display_login_notifications for Mnemosyne
2026-03-08 01:44:20 [..] About to display login notifications for Mnemosyne
2026-03-08 01:44:20 [..] Finished display_login_notifications for Mnemosyne
2026-03-08 01:44:20 [SS] Puppet Success: (Caller: Mnemosyne(account 2), Target: Mnemosyne, IP: 23.240.246.195).
2026-03-08 01:44:26 [..] Logged out: Mnemosyne(account 2) 23.240.246.195 (1 sessions(s) remaining)
2026-03-08 01:44:40 [SS] Authentication Success: Mnemosyne(account 2) (IP: 23.240.246.195).
2026-03-08 01:44:40 [..] Logged in: Mnemosyne(account 2) 23.240.246.195 (2 session(s) total)
2026-03-08 01:44:42 [..] at_post_puppet called for Mnemosyne
2026-03-08 01:44:42 [..] About to call display_login_notifications for Mnemosyne
2026-03-08 01:44:42 [..] About to display login notifications for Mnemosyne
2026-03-08 01:44:42 [..] Finished display_login_notifications for Mnemosyne
2026-03-08 01:44:42 [SS] Puppet Success: (Caller: Mnemosyne(account 2), Target: Mnemosyne, IP: 23.240.246.195).
2026-03-08 04:41:43 [SS] Puppet Success: (Caller: Mnemosyne(account 2), Target: Mnemosyne, IP: 23.240.246.195).
2026-03-08 07:14:27 [..] Starting calculate_humanity_loss in CharacterSheet
2026-03-08 07:14:27 [..] Total cyberware humanity loss: 0, trauma: 0
2026-03-08 07:14:27 [..] New calculated humanity: 10
2026-03-08 07:14:27 [..] About to recalculate derived stats
2026-03-08 07:14:27 [..] Derived stats recalculated
2026-03-08 07:14:27 [..] CharacterSheet saved
2026-03-08 07:30:14 [WW] ip_from_request: No valid IP address found in request. Using remote_addr.
2026-03-08 13:35:12 [WW] ip_from_request: No valid IP address found in request. Using remote_addr.
2026-03-08 17:20:21 [WW] ip_from_request: No valid IP address found in request. Using remote_addr.
2026-03-08 20:06:41 [WW] ip_from_request: No valid IP address found in request. Using remote_addr.
2026-03-08 20:11:31 [WW] ip_from_request: No valid IP address found in request. Using remote_addr.
2026-03-08 20:12:22 [WW] ip_from_request: No valid IP address found in request. Using remote_addr.
2026-03-08 20:12:25 [WW] ip_from_request: No valid IP address found in request. Using remote_addr.
2026-03-08 20:41:48 [..] Logged out: Mnemosyne(account 2) 23.240.246.195 (1 sessions(s) remaining)
2026-03-08 20:44:36 [WW] ip_from_request: No valid IP address found in request. Using remote_addr.
2026-03-08 21:21:09 [SS] Authentication Success: Mnemosyne(account 2) (IP: 23.240.246.195).
2026-03-08 21:21:09 [..] Logged in: Mnemosyne(account 2) 23.240.246.195 (2 session(s) total)
2026-03-08 22:00:50 [..] at_post_puppet called for Mnemosyne
2026-03-08 22:00:50 [..] About to call display_login_notifications for Mnemosyne
2026-03-08 22:00:50 [..] About to display login notifications for Mnemosyne
2026-03-08 22:00:50 [..] Finished display_login_notifications for Mnemosyne
2026-03-08 22:00:50 [SS] Puppet Success: (Caller: Mnemosyne(account 2), Target: Mnemosyne, IP: 23.240.246.195).
2026-03-08 23:24:02 [WW] ip_from_request: No valid IP address found in request. Using remote_addr.
2026-03-08 23:57:19 [..] Starting calculate_humanity_loss in CharacterSheet
2026-03-08 23:57:19 [..] Total cyberware humanity loss: 0, trauma: 0
2026-03-08 23:57:19 [..] New calculated humanity: 10
2026-03-08 23:57:19 [..] About to recalculate derived stats
2026-03-08 23:57:19 [..] Derived stats recalculated
2026-03-08 23:57:19 [..] CharacterSheet saved
2026-03-09 00:11:18 [..] Logged out: Soma(account 4) 76.105.8.183 (0 sessions(s) remaining)
2026-03-09 00:24:19 [SS] Authentication Success: Soma(account 4) (IP: 76.105.8.183).
2026-03-09 00:24:19 [..] Logged in: Soma(account 4) 76.105.8.183 (1 session(s) total)
2026-03-09 00:24:21 [..] at_post_puppet called for Soma
2026-03-09 00:24:22 [..] About to call display_login_notifications for Soma
2026-03-09 00:24:22 [..] About to display login notifications for Soma
2026-03-09 00:24:22 [..] Finished display_login_notifications for Soma
2026-03-09 00:24:22 [SS] Puppet Success: (Caller: Soma(account 4), Target: Soma, IP: 76.105.8.183).
2026-03-09 00:30:30 [..] Loaded.
2026-03-09 00:30:27 [..] Loading /opt/nightcity/venv/lib/python3.12/site-packages/evennia/server/server.py...
2026-03-09 00:30:30 [..] Loaded.
2026-03-09 00:30:30 [..] twistd 24.11.0 (/opt/nightcity/venv/bin/python3 3.12.3) starting up.
2026-03-09 00:30:30 [..] reactor class: twisted.internet.epollreactor.EPollReactor.
2026-03-09 00:30:30 [..] Webserver starting on 4002
2026-03-09 00:30:30 [..] Evennia Server successfully started.
2026-03-09 00:30:48 [SS] Authentication Success: Mnemosyne(account 2) (IP: 23.240.246.195).
2026-03-09 00:30:48 [..] Logged in: Mnemosyne(account 2) 23.240.246.195 (1 session(s) total)
2026-03-09 00:30:50 [SS] Authentication Success: Soma(account 4) (IP: 76.105.8.183).
2026-03-09 00:30:50 [..] Logged in: Soma(account 4) 76.105.8.183 (1 session(s) total)
2026-03-09 00:30:55 [..] at_post_puppet called for Mnemosyne
2026-03-09 00:30:55 [..] About to call display_login_notifications for Mnemosyne
2026-03-09 00:30:55 [..] About to display login notifications for Mnemosyne
2026-03-09 00:30:55 [..] Finished display_login_notifications for Mnemosyne
2026-03-09 00:30:55 [SS] Puppet Success: (Caller: Mnemosyne(account 2), Target: Mnemosyne, IP: 23.240.246.195).
2026-03-09 00:31:30 [..] Ran unpuppet-hooks for 2 link-dead puppets.
2026-03-09 00:39:19 [..] at_post_puppet called for Soma
2026-03-09 00:39:19 [..] About to call display_login_notifications for Soma
2026-03-09 00:39:19 [..] About to display login notifications for Soma
2026-03-09 00:39:19 [..] Finished display_login_notifications for Soma
2026-03-09 00:39:19 [SS] Puppet Success: (Caller: Soma(account 4), Target: Soma, IP: 76.105.8.183).
2026-03-09 00:39:31 [..] Server disconnected from the portal.
2026-03-09 00:39:31 [..] Main loop terminated.
2026-03-09 00:39:31 [!!] Failed to unlink PID file:
	Traceback (most recent call last):
	  File "/opt/nightcity/venv/lib/python3.12/site-packages/twisted/scripts/_twistd_unix.py", line 282, in removePID
	    os.unlink(pidfile)
	builtins.FileNotFoundError: [Errno 2] No such file or directory: '/opt/nightcity/game/server/server.pid'
	
2026-03-09 00:39:31 [..] Server Shut Down.
2026-03-09 00:39:35 [..] Loaded.
2026-03-09 00:39:32 [..] Loading /opt/nightcity/venv/lib/python3.12/site-packages/evennia/server/server.py...
2026-03-09 00:39:35 [..] Loaded.
2026-03-09 00:39:35 [..] twistd 24.11.0 (/opt/nightcity/venv/bin/python3 3.12.3) starting up.
2026-03-09 00:39:35 [..] reactor class: twisted.internet.epollreactor.EPollReactor.
2026-03-09 00:39:35 [..] Webserver starting on 4002
2026-03-09 00:39:35 [..] Server successfully reloaded.
2026-03-09 00:41:35 [..] Created Faction Storage room
2026-03-09 00:41:35 [!!] Traceback (most recent call last):
2026-03-09 00:41:35 [!!]   File "/opt/nightcity/venv/lib/python3.12/site-packages/evennia/commands/cmdsethandler.py", line 186, in import_cmdset
2026-03-09 00:41:35 [!!]     raise exc.with_traceback(tb)
2026-03-09 00:41:35 [!!]   File "/opt/nightcity/venv/lib/python3.12/site-packages/evennia/commands/cmdsethandler.py", line 181, in import_cmdset
2026-03-09 00:41:35 [!!]     module = import_module(modpath, package="evennia")
2026-03-09 00:41:35 [!!]              ^^^^^^^^^^^^^^^^^^^^^^^^^^^^^^^^^^^^^^^^^
2026-03-09 00:41:35 [!!]   File "/usr/lib/python3.12/importlib/__init__.py", line 90, in import_module
2026-03-09 00:41:35 [!!]     return _bootstrap._gcd_import(name[level:], package, level)
2026-03-09 00:41:35 [!!]            ^^^^^^^^^^^^^^^^^^^^^^^^^^^^^^^^^^^^^^^^^^^^^^^^^^^^
2026-03-09 00:41:35 [!!]   File "<frozen importlib._bootstrap>", line 1387, in _gcd_import
2026-03-09 00:41:35 [!!]   File "<frozen importlib._bootstrap>", line 1360, in _find_and_load
2026-03-09 00:41:35 [!!]   File "<frozen importlib._bootstrap>", line 1324, in _find_and_load_unlocked
2026-03-09 00:41:35 [!!] ModuleNotFoundError: No module named 'evennia.commands.faction_commands'
2026-03-09 00:41:35 [EE] (Unsuccessfully tried 'commands.faction_commands.FactionCmdSet').Traceback (most recent call last):
2026-03-09 00:41:35 [EE]   File "/opt/nightcity/venv/lib/python3.12/site-packages/evennia/commands/cmdsethandler.py", line 186, in import_cmdset
2026-03-09 00:41:35 [EE]     raise exc.with_traceback(tb)
2026-03-09 00:41:35 [EE]   File "/opt/nightcity/venv/lib/python3.12/site-packages/evennia/commands/cmdsethandler.py", line 181, in import_cmdset
2026-03-09 00:41:35 [EE]     module = import_module(modpath, package="evennia")
2026-03-09 00:41:35 [EE]              ^^^^^^^^^^^^^^^^^^^^^^^^^^^^^^^^^^^^^^^^^
2026-03-09 00:41:35 [EE]   File "/usr/lib/python3.12/importlib/__init__.py", line 90, in import_module
2026-03-09 00:41:35 [EE]     return _bootstrap._gcd_import(name[level:], package, level)
2026-03-09 00:41:35 [EE]            ^^^^^^^^^^^^^^^^^^^^^^^^^^^^^^^^^^^^^^^^^^^^^^^^^^^^
2026-03-09 00:41:35 [EE]   File "<frozen importlib._bootstrap>", line 1387, in _gcd_import
2026-03-09 00:41:35 [EE]   File "<frozen importlib._bootstrap>", line 1360, in _find_and_load
2026-03-09 00:41:35 [EE]   File "<frozen importlib._bootstrap>", line 1324, in _find_and_load_unlocked
2026-03-09 00:41:35 [EE] ModuleNotFoundError: No module named 'evennia.commands.faction_commands'
None2026-03-09 00:41:35 [EE] Error loading cmdset 'evennia.commands.faction_commands.FactionCmdSet'
2026-03-09 00:41:35 [EE] (Traceback was logged 26-03-09 00:41:35)
2026-03-09 00:41:35 [!!] Traceback (most recent call last):
2026-03-09 00:41:35 [!!]   File "/opt/nightcity/venv/lib/python3.12/site-packages/evennia/commands/cmdsethandler.py", line 186, in import_cmdset
2026-03-09 00:41:35 [!!]     raise exc.with_traceback(tb)
2026-03-09 00:41:35 [!!]   File "/opt/nightcity/venv/lib/python3.12/site-packages/evennia/commands/cmdsethandler.py", line 181, in import_cmdset
2026-03-09 00:41:35 [!!]     module = import_module(modpath, package="evennia")
2026-03-09 00:41:35 [!!]              ^^^^^^^^^^^^^^^^^^^^^^^^^^^^^^^^^^^^^^^^^
2026-03-09 00:41:35 [!!]   File "/usr/lib/python3.12/importlib/__init__.py", line 90, in import_module
2026-03-09 00:41:35 [!!]     return _bootstrap._gcd_import(name[level:], package, level)
2026-03-09 00:41:35 [!!]            ^^^^^^^^^^^^^^^^^^^^^^^^^^^^^^^^^^^^^^^^^^^^^^^^^^^^
2026-03-09 00:41:35 [!!]   File "<frozen importlib._bootstrap>", line 1387, in _gcd_import
2026-03-09 00:41:35 [!!]   File "<frozen importlib._bootstrap>", line 1360, in _find_and_load
2026-03-09 00:41:35 [!!]   File "<frozen importlib._bootstrap>", line 1324, in _find_and_load_unlocked
2026-03-09 00:41:35 [!!] ModuleNotFoundError: No module named 'evennia.commands.faction_commands'
2026-03-09 00:41:35 [EE] (Unsuccessfully tried 'commands.faction_commands.FactionCmdSet').Traceback (most recent call last):
2026-03-09 00:41:35 [EE]   File "/opt/nightcity/venv/lib/python3.12/site-packages/evennia/commands/cmdsethandler.py", line 186, in import_cmdset
2026-03-09 00:41:35 [EE]     raise exc.with_traceback(tb)
2026-03-09 00:41:35 [EE]   File "/opt/nightcity/venv/lib/python3.12/site-packages/evennia/commands/cmdsethandler.py", line 181, in import_cmdset
2026-03-09 00:41:35 [EE]     module = import_module(modpath, package="evennia")
2026-03-09 00:41:35 [EE]              ^^^^^^^^^^^^^^^^^^^^^^^^^^^^^^^^^^^^^^^^^
2026-03-09 00:41:35 [EE]   File "/usr/lib/python3.12/importlib/__init__.py", line 90, in import_module
2026-03-09 00:41:35 [EE]     return _bootstrap._gcd_import(name[level:], package, level)
2026-03-09 00:41:35 [EE]            ^^^^^^^^^^^^^^^^^^^^^^^^^^^^^^^^^^^^^^^^^^^^^^^^^^^^
2026-03-09 00:41:35 [EE]   File "<frozen importlib._bootstrap>", line 1387, in _gcd_import
2026-03-09 00:41:35 [EE]   File "<frozen importlib._bootstrap>", line 1360, in _find_and_load
2026-03-09 00:41:35 [EE]   File "<frozen importlib._bootstrap>", line 1324, in _find_and_load_unlocked
2026-03-09 00:41:35 [EE] ModuleNotFoundError: No module named 'evennia.commands.faction_commands'
None2026-03-09 00:41:35 [EE] Error loading cmdset 'evennia.commands.faction_commands.FactionCmdSet'
2026-03-09 00:41:35 [EE] (Traceback was logged 26-03-09 00:41:35)
2026-03-09 00:41:35 [..] Linked faction typeclass Arasaka to model ID 1
2026-03-09 00:41:35 [!!] Traceback (most recent call last):
2026-03-09 00:41:35 [!!]   File "/opt/nightcity/venv/lib/python3.12/site-packages/evennia/commands/cmdsethandler.py", line 186, in import_cmdset
2026-03-09 00:41:35 [!!]     raise exc.with_traceback(tb)
2026-03-09 00:41:35 [!!]   File "/opt/nightcity/venv/lib/python3.12/site-packages/evennia/commands/cmdsethandler.py", line 181, in import_cmdset
2026-03-09 00:41:35 [!!]     module = import_module(modpath, package="evennia")
2026-03-09 00:41:35 [!!]              ^^^^^^^^^^^^^^^^^^^^^^^^^^^^^^^^^^^^^^^^^
2026-03-09 00:41:35 [!!]   File "/usr/lib/python3.12/importlib/__init__.py", line 90, in import_module
2026-03-09 00:41:35 [!!]     return _bootstrap._gcd_import(name[level:], package, level)
2026-03-09 00:41:35 [!!]            ^^^^^^^^^^^^^^^^^^^^^^^^^^^^^^^^^^^^^^^^^^^^^^^^^^^^
2026-03-09 00:41:35 [!!]   File "<frozen importlib._bootstrap>", line 1387, in _gcd_import
2026-03-09 00:41:35 [!!]   File "<frozen importlib._bootstrap>", line 1360, in _find_and_load
2026-03-09 00:41:35 [!!]   File "<frozen importlib._bootstrap>", line 1324, in _find_and_load_unlocked
2026-03-09 00:41:35 [!!] ModuleNotFoundError: No module named 'evennia.commands.faction_commands'
2026-03-09 00:41:35 [EE] (Unsuccessfully tried 'commands.faction_commands.FactionCmdSet').Traceback (most recent call last):
2026-03-09 00:41:35 [EE]   File "/opt/nightcity/venv/lib/python3.12/site-packages/evennia/commands/cmdsethandler.py", line 186, in import_cmdset
2026-03-09 00:41:35 [EE]     raise exc.with_traceback(tb)
2026-03-09 00:41:35 [EE]   File "/opt/nightcity/venv/lib/python3.12/site-packages/evennia/commands/cmdsethandler.py", line 181, in import_cmdset
2026-03-09 00:41:35 [EE]     module = import_module(modpath, package="evennia")
2026-03-09 00:41:35 [EE]              ^^^^^^^^^^^^^^^^^^^^^^^^^^^^^^^^^^^^^^^^^
2026-03-09 00:41:35 [EE]   File "/usr/lib/python3.12/importlib/__init__.py", line 90, in import_module
2026-03-09 00:41:35 [EE]     return _bootstrap._gcd_import(name[level:], package, level)
2026-03-09 00:41:35 [EE]            ^^^^^^^^^^^^^^^^^^^^^^^^^^^^^^^^^^^^^^^^^^^^^^^^^^^^
2026-03-09 00:41:35 [EE]   File "<frozen importlib._bootstrap>", line 1387, in _gcd_import
2026-03-09 00:41:35 [EE]   File "<frozen importlib._bootstrap>", line 1360, in _find_and_load
2026-03-09 00:41:35 [EE]   File "<frozen importlib._bootstrap>", line 1324, in _find_and_load_unlocked
2026-03-09 00:41:35 [EE] ModuleNotFoundError: No module named 'evennia.commands.faction_commands'
None2026-03-09 00:41:35 [EE] Error loading cmdset 'evennia.commands.faction_commands.FactionCmdSet'
2026-03-09 00:41:35 [EE] (Traceback was logged 26-03-09 00:41:35)
2026-03-09 00:41:35 [..] Linked faction typeclass Militech to model ID 2
2026-03-09 00:41:35 [!!] Traceback (most recent call last):
2026-03-09 00:41:35 [!!]   File "/opt/nightcity/venv/lib/python3.12/site-packages/evennia/commands/cmdsethandler.py", line 186, in import_cmdset
2026-03-09 00:41:35 [!!]     raise exc.with_traceback(tb)
2026-03-09 00:41:35 [!!]   File "/opt/nightcity/venv/lib/python3.12/site-packages/evennia/commands/cmdsethandler.py", line 181, in import_cmdset
2026-03-09 00:41:35 [!!]     module = import_module(modpath, package="evennia")
2026-03-09 00:41:35 [!!]              ^^^^^^^^^^^^^^^^^^^^^^^^^^^^^^^^^^^^^^^^^
2026-03-09 00:41:35 [!!]   File "/usr/lib/python3.12/importlib/__init__.py", line 90, in import_module
2026-03-09 00:41:35 [!!]     return _bootstrap._gcd_import(name[level:], package, level)
2026-03-09 00:41:35 [!!]            ^^^^^^^^^^^^^^^^^^^^^^^^^^^^^^^^^^^^^^^^^^^^^^^^^^^^
2026-03-09 00:41:35 [!!]   File "<frozen importlib._bootstrap>", line 1387, in _gcd_import
2026-03-09 00:41:35 [!!]   File "<frozen importlib._bootstrap>", line 1360, in _find_and_load
2026-03-09 00:41:35 [!!]   File "<frozen importlib._bootstrap>", line 1324, in _find_and_load_unlocked
2026-03-09 00:41:35 [!!] ModuleNotFoundError: No module named 'evennia.commands.faction_commands'
2026-03-09 00:41:35 [EE] (Unsuccessfully tried 'commands.faction_commands.FactionCmdSet').Traceback (most recent call last):
2026-03-09 00:41:35 [EE]   File "/opt/nightcity/venv/lib/python3.12/site-packages/evennia/commands/cmdsethandler.py", line 186, in import_cmdset
2026-03-09 00:41:35 [EE]     raise exc.with_traceback(tb)
2026-03-09 00:41:35 [EE]   File "/opt/nightcity/venv/lib/python3.12/site-packages/evennia/commands/cmdsethandler.py", line 181, in import_cmdset
2026-03-09 00:41:35 [EE]     module = import_module(modpath, package="evennia")
2026-03-09 00:41:35 [EE]              ^^^^^^^^^^^^^^^^^^^^^^^^^^^^^^^^^^^^^^^^^
2026-03-09 00:41:35 [EE]   File "/usr/lib/python3.12/importlib/__init__.py", line 90, in import_module
2026-03-09 00:41:35 [EE]     return _bootstrap._gcd_import(name[level:], package, level)
2026-03-09 00:41:35 [EE]            ^^^^^^^^^^^^^^^^^^^^^^^^^^^^^^^^^^^^^^^^^^^^^^^^^^^^
2026-03-09 00:41:35 [EE]   File "<frozen importlib._bootstrap>", line 1387, in _gcd_import
2026-03-09 00:41:35 [EE]   File "<frozen importlib._bootstrap>", line 1360, in _find_and_load
2026-03-09 00:41:35 [EE]   File "<frozen importlib._bootstrap>", line 1324, in _find_and_load_unlocked
2026-03-09 00:41:35 [EE] ModuleNotFoundError: No module named 'evennia.commands.faction_commands'
None2026-03-09 00:41:35 [EE] Error loading cmdset 'evennia.commands.faction_commands.FactionCmdSet'
2026-03-09 00:41:35 [EE] (Traceback was logged 26-03-09 00:41:35)
2026-03-09 00:41:35 [..] Linked faction typeclass Biotechnica to model ID 3
2026-03-09 00:41:35 [!!] Traceback (most recent call last):
2026-03-09 00:41:35 [!!]   File "/opt/nightcity/venv/lib/python3.12/site-packages/evennia/commands/cmdsethandler.py", line 186, in import_cmdset
2026-03-09 00:41:35 [!!]     raise exc.with_traceback(tb)
2026-03-09 00:41:35 [!!]   File "/opt/nightcity/venv/lib/python3.12/site-packages/evennia/commands/cmdsethandler.py", line 181, in import_cmdset
2026-03-09 00:41:35 [!!]     module = import_module(modpath, package="evennia")
2026-03-09 00:41:35 [!!]              ^^^^^^^^^^^^^^^^^^^^^^^^^^^^^^^^^^^^^^^^^
2026-03-09 00:41:35 [!!]   File "/usr/lib/python3.12/importlib/__init__.py", line 90, in import_module
2026-03-09 00:41:35 [!!]     return _bootstrap._gcd_import(name[level:], package, level)
2026-03-09 00:41:35 [!!]            ^^^^^^^^^^^^^^^^^^^^^^^^^^^^^^^^^^^^^^^^^^^^^^^^^^^^
2026-03-09 00:41:35 [!!]   File "<frozen importlib._bootstrap>", line 1387, in _gcd_import
2026-03-09 00:41:35 [!!]   File "<frozen importlib._bootstrap>", line 1360, in _find_and_load
2026-03-09 00:41:35 [!!]   File "<frozen importlib._bootstrap>", line 1324, in _find_and_load_unlocked
2026-03-09 00:41:35 [!!] ModuleNotFoundError: No module named 'evennia.commands.faction_commands'
2026-03-09 00:41:35 [EE] (Unsuccessfully tried 'commands.faction_commands.FactionCmdSet').Traceback (most recent call last):
2026-03-09 00:41:35 [EE]   File "/opt/nightcity/venv/lib/python3.12/site-packages/evennia/commands/cmdsethandler.py", line 186, in import_cmdset
2026-03-09 00:41:35 [EE]     raise exc.with_traceback(tb)
2026-03-09 00:41:35 [EE]   File "/opt/nightcity/venv/lib/python3.12/site-packages/evennia/commands/cmdsethandler.py", line 181, in import_cmdset
2026-03-09 00:41:35 [EE]     module = import_module(modpath, package="evennia")
2026-03-09 00:41:35 [EE]              ^^^^^^^^^^^^^^^^^^^^^^^^^^^^^^^^^^^^^^^^^
2026-03-09 00:41:35 [EE]   File "/usr/lib/python3.12/importlib/__init__.py", line 90, in import_module
2026-03-09 00:41:35 [EE]     return _bootstrap._gcd_import(name[level:], package, level)
2026-03-09 00:41:35 [EE]            ^^^^^^^^^^^^^^^^^^^^^^^^^^^^^^^^^^^^^^^^^^^^^^^^^^^^
2026-03-09 00:41:35 [EE]   File "<frozen importlib._bootstrap>", line 1387, in _gcd_import
2026-03-09 00:41:35 [EE]   File "<frozen importlib._bootstrap>", line 1360, in _find_and_load
2026-03-09 00:41:35 [EE]   File "<frozen importlib._bootstrap>", line 1324, in _find_and_load_unlocked
2026-03-09 00:41:35 [EE] ModuleNotFoundError: No module named 'evennia.commands.faction_commands'
None2026-03-09 00:41:35 [EE] Error loading cmdset 'evennia.commands.faction_commands.FactionCmdSet'
2026-03-09 00:41:35 [EE] (Traceback was logged 26-03-09 00:41:35)
2026-03-09 00:41:35 [..] Linked faction typeclass Continental Brands to model ID 4
2026-03-09 00:41:35 [!!] Traceback (most recent call last):
2026-03-09 00:41:35 [!!]   File "/opt/nightcity/venv/lib/python3.12/site-packages/evennia/commands/cmdsethandler.py", line 186, in import_cmdset
2026-03-09 00:41:35 [!!]     raise exc.with_traceback(tb)
2026-03-09 00:41:35 [!!]   File "/opt/nightcity/venv/lib/python3.12/site-packages/evennia/commands/cmdsethandler.py", line 181, in import_cmdset
2026-03-09 00:41:35 [!!]     module = import_module(modpath, package="evennia")
2026-03-09 00:41:35 [!!]              ^^^^^^^^^^^^^^^^^^^^^^^^^^^^^^^^^^^^^^^^^
2026-03-09 00:41:35 [!!]   File "/usr/lib/python3.12/importlib/__init__.py", line 90, in import_module
2026-03-09 00:41:35 [!!]     return _bootstrap._gcd_import(name[level:], package, level)
2026-03-09 00:41:35 [!!]            ^^^^^^^^^^^^^^^^^^^^^^^^^^^^^^^^^^^^^^^^^^^^^^^^^^^^
2026-03-09 00:41:35 [!!]   File "<frozen importlib._bootstrap>", line 1387, in _gcd_import
2026-03-09 00:41:35 [!!]   File "<frozen importlib._bootstrap>", line 1360, in _find_and_load
2026-03-09 00:41:35 [!!]   File "<frozen importlib._bootstrap>", line 1324, in _find_and_load_unlocked
2026-03-09 00:41:35 [!!] ModuleNotFoundError: No module named 'evennia.commands.faction_commands'
2026-03-09 00:41:35 [EE] (Unsuccessfully tried 'commands.faction_commands.FactionCmdSet').Traceback (most recent call last):
2026-03-09 00:41:35 [EE]   File "/opt/nightcity/venv/lib/python3.12/site-packages/evennia/commands/cmdsethandler.py", line 186, in import_cmdset
2026-03-09 00:41:35 [EE]     raise exc.with_traceback(tb)
2026-03-09 00:41:35 [EE]   File "/opt/nightcity/venv/lib/python3.12/site-packages/evennia/commands/cmdsethandler.py", line 181, in import_cmdset
2026-03-09 00:41:35 [EE]     module = import_module(modpath, package="evennia")
2026-03-09 00:41:35 [EE]              ^^^^^^^^^^^^^^^^^^^^^^^^^^^^^^^^^^^^^^^^^
2026-03-09 00:41:35 [EE]   File "/usr/lib/python3.12/importlib/__init__.py", line 90, in import_module
2026-03-09 00:41:35 [EE]     return _bootstrap._gcd_import(name[level:], package, level)
2026-03-09 00:41:35 [EE]            ^^^^^^^^^^^^^^^^^^^^^^^^^^^^^^^^^^^^^^^^^^^^^^^^^^^^
2026-03-09 00:41:35 [EE]   File "<frozen importlib._bootstrap>", line 1387, in _gcd_import
2026-03-09 00:41:35 [EE]   File "<frozen importlib._bootstrap>", line 1360, in _find_and_load
2026-03-09 00:41:35 [EE]   File "<frozen importlib._bootstrap>", line 1324, in _find_and_load_unlocked
2026-03-09 00:41:35 [EE] ModuleNotFoundError: No module named 'evennia.commands.faction_commands'
None2026-03-09 00:41:35 [EE] Error loading cmdset 'evennia.commands.faction_commands.FactionCmdSet'
2026-03-09 00:41:35 [EE] (Traceback was logged 26-03-09 00:41:35)
2026-03-09 00:41:35 [..] Linked faction typeclass Danger Gal to model ID 5
2026-03-09 00:41:35 [!!] Traceback (most recent call last):
2026-03-09 00:41:35 [!!]   File "/opt/nightcity/venv/lib/python3.12/site-packages/evennia/commands/cmdsethandler.py", line 186, in import_cmdset
2026-03-09 00:41:35 [!!]     raise exc.with_traceback(tb)
2026-03-09 00:41:35 [!!]   File "/opt/nightcity/venv/lib/python3.12/site-packages/evennia/commands/cmdsethandler.py", line 181, in import_cmdset
2026-03-09 00:41:35 [!!]     module = import_module(modpath, package="evennia")
2026-03-09 00:41:35 [!!]              ^^^^^^^^^^^^^^^^^^^^^^^^^^^^^^^^^^^^^^^^^
2026-03-09 00:41:35 [!!]   File "/usr/lib/python3.12/importlib/__init__.py", line 90, in import_module
2026-03-09 00:41:35 [!!]     return _bootstrap._gcd_import(name[level:], package, level)
2026-03-09 00:41:35 [!!]            ^^^^^^^^^^^^^^^^^^^^^^^^^^^^^^^^^^^^^^^^^^^^^^^^^^^^
2026-03-09 00:41:35 [!!]   File "<frozen importlib._bootstrap>", line 1387, in _gcd_import
2026-03-09 00:41:35 [!!]   File "<frozen importlib._bootstrap>", line 1360, in _find_and_load
2026-03-09 00:41:35 [!!]   File "<frozen importlib._bootstrap>", line 1324, in _find_and_load_unlocked
2026-03-09 00:41:35 [!!] ModuleNotFoundError: No module named 'evennia.commands.faction_commands'
2026-03-09 00:41:35 [EE] (Unsuccessfully tried 'commands.faction_commands.FactionCmdSet').Traceback (most recent call last):
2026-03-09 00:41:35 [EE]   File "/opt/nightcity/venv/lib/python3.12/site-packages/evennia/commands/cmdsethandler.py", line 186, in import_cmdset
2026-03-09 00:41:35 [EE]     raise exc.with_traceback(tb)
2026-03-09 00:41:35 [EE]   File "/opt/nightcity/venv/lib/python3.12/site-packages/evennia/commands/cmdsethandler.py", line 181, in import_cmdset
2026-03-09 00:41:35 [EE]     module = import_module(modpath, package="evennia")
2026-03-09 00:41:35 [EE]              ^^^^^^^^^^^^^^^^^^^^^^^^^^^^^^^^^^^^^^^^^
2026-03-09 00:41:35 [EE]   File "/usr/lib/python3.12/importlib/__init__.py", line 90, in import_module
2026-03-09 00:41:35 [EE]     return _bootstrap._gcd_import(name[level:], package, level)
2026-03-09 00:41:35 [EE]            ^^^^^^^^^^^^^^^^^^^^^^^^^^^^^^^^^^^^^^^^^^^^^^^^^^^^
2026-03-09 00:41:35 [EE]   File "<frozen importlib._bootstrap>", line 1387, in _gcd_import
2026-03-09 00:41:35 [EE]   File "<frozen importlib._bootstrap>", line 1360, in _find_and_load
2026-03-09 00:41:35 [EE]   File "<frozen importlib._bootstrap>", line 1324, in _find_and_load_unlocked
2026-03-09 00:41:35 [EE] ModuleNotFoundError: No module named 'evennia.commands.faction_commands'
None2026-03-09 00:41:35 [EE] Error loading cmdset 'evennia.commands.faction_commands.FactionCmdSet'
2026-03-09 00:41:35 [EE] (Traceback was logged 26-03-09 00:41:35)
2026-03-09 00:41:35 [..] Linked faction typeclass Network 54 to model ID 6
2026-03-09 00:41:36 [!!] Traceback (most recent call last):
2026-03-09 00:41:36 [!!]   File "/opt/nightcity/venv/lib/python3.12/site-packages/evennia/commands/cmdsethandler.py", line 186, in import_cmdset
2026-03-09 00:41:36 [!!]     raise exc.with_traceback(tb)
2026-03-09 00:41:36 [!!]   File "/opt/nightcity/venv/lib/python3.12/site-packages/evennia/commands/cmdsethandler.py", line 181, in import_cmdset
2026-03-09 00:41:36 [!!]     module = import_module(modpath, package="evennia")
2026-03-09 00:41:36 [!!]              ^^^^^^^^^^^^^^^^^^^^^^^^^^^^^^^^^^^^^^^^^
2026-03-09 00:41:36 [!!]   File "/usr/lib/python3.12/importlib/__init__.py", line 90, in import_module
2026-03-09 00:41:36 [!!]     return _bootstrap._gcd_import(name[level:], package, level)
2026-03-09 00:41:36 [!!]            ^^^^^^^^^^^^^^^^^^^^^^^^^^^^^^^^^^^^^^^^^^^^^^^^^^^^
2026-03-09 00:41:36 [!!]   File "<frozen importlib._bootstrap>", line 1387, in _gcd_import
2026-03-09 00:41:36 [!!]   File "<frozen importlib._bootstrap>", line 1360, in _find_and_load
2026-03-09 00:41:36 [!!]   File "<frozen importlib._bootstrap>", line 1324, in _find_and_load_unlocked
2026-03-09 00:41:36 [!!] ModuleNotFoundError: No module named 'evennia.commands.faction_commands'
2026-03-09 00:41:36 [EE] (Unsuccessfully tried 'commands.faction_commands.FactionCmdSet').Traceback (most recent call last):
2026-03-09 00:41:36 [EE]   File "/opt/nightcity/venv/lib/python3.12/site-packages/evennia/commands/cmdsethandler.py", line 186, in import_cmdset
2026-03-09 00:41:36 [EE]     raise exc.with_traceback(tb)
2026-03-09 00:41:36 [EE]   File "/opt/nightcity/venv/lib/python3.12/site-packages/evennia/commands/cmdsethandler.py", line 181, in import_cmdset
2026-03-09 00:41:36 [EE]     module = import_module(modpath, package="evennia")
2026-03-09 00:41:36 [EE]              ^^^^^^^^^^^^^^^^^^^^^^^^^^^^^^^^^^^^^^^^^
2026-03-09 00:41:36 [EE]   File "/usr/lib/python3.12/importlib/__init__.py", line 90, in import_module
2026-03-09 00:41:36 [EE]     return _bootstrap._gcd_import(name[level:], package, level)
2026-03-09 00:41:36 [EE]            ^^^^^^^^^^^^^^^^^^^^^^^^^^^^^^^^^^^^^^^^^^^^^^^^^^^^
2026-03-09 00:41:36 [EE]   File "<frozen importlib._bootstrap>", line 1387, in _gcd_import
2026-03-09 00:41:36 [EE]   File "<frozen importlib._bootstrap>", line 1360, in _find_and_load
2026-03-09 00:41:36 [EE]   File "<frozen importlib._bootstrap>", line 1324, in _find_and_load_unlocked
2026-03-09 00:41:36 [EE] ModuleNotFoundError: No module named 'evennia.commands.faction_commands'
None2026-03-09 00:41:36 [EE] Error loading cmdset 'evennia.commands.faction_commands.FactionCmdSet'
2026-03-09 00:41:36 [EE] (Traceback was logged 26-03-09 00:41:36)
2026-03-09 00:41:36 [..] Linked faction typeclass Petrochem to model ID 7
2026-03-09 00:41:36 [!!] Traceback (most recent call last):
2026-03-09 00:41:36 [!!]   File "/opt/nightcity/venv/lib/python3.12/site-packages/evennia/commands/cmdsethandler.py", line 186, in import_cmdset
2026-03-09 00:41:36 [!!]     raise exc.with_traceback(tb)
2026-03-09 00:41:36 [!!]   File "/opt/nightcity/venv/lib/python3.12/site-packages/evennia/commands/cmdsethandler.py", line 181, in import_cmdset
2026-03-09 00:41:36 [!!]     module = import_module(modpath, package="evennia")
2026-03-09 00:41:36 [!!]              ^^^^^^^^^^^^^^^^^^^^^^^^^^^^^^^^^^^^^^^^^
2026-03-09 00:41:36 [!!]   File "/usr/lib/python3.12/importlib/__init__.py", line 90, in import_module
2026-03-09 00:41:36 [!!]     return _bootstrap._gcd_import(name[level:], package, level)
2026-03-09 00:41:36 [!!]            ^^^^^^^^^^^^^^^^^^^^^^^^^^^^^^^^^^^^^^^^^^^^^^^^^^^^
2026-03-09 00:41:36 [!!]   File "<frozen importlib._bootstrap>", line 1387, in _gcd_import
2026-03-09 00:41:36 [!!]   File "<frozen importlib._bootstrap>", line 1360, in _find_and_load
2026-03-09 00:41:36 [!!]   File "<frozen importlib._bootstrap>", line 1324, in _find_and_load_unlocked
2026-03-09 00:41:36 [!!] ModuleNotFoundError: No module named 'evennia.commands.faction_commands'
2026-03-09 00:41:36 [EE] (Unsuccessfully tried 'commands.faction_commands.FactionCmdSet').Traceback (most recent call last):
2026-03-09 00:41:36 [EE]   File "/opt/nightcity/venv/lib/python3.12/site-packages/evennia/commands/cmdsethandler.py", line 186, in import_cmdset
2026-03-09 00:41:36 [EE]     raise exc.with_traceback(tb)
2026-03-09 00:41:36 [EE]   File "/opt/nightcity/venv/lib/python3.12/site-packages/evennia/commands/cmdsethandler.py", line 181, in import_cmdset
2026-03-09 00:41:36 [EE]     module = import_module(modpath, package="evennia")
2026-03-09 00:41:36 [EE]              ^^^^^^^^^^^^^^^^^^^^^^^^^^^^^^^^^^^^^^^^^
2026-03-09 00:41:36 [EE]   File "/usr/lib/python3.12/importlib/__init__.py", line 90, in import_module
2026-03-09 00:41:36 [EE]     return _bootstrap._gcd_import(name[level:], package, level)
2026-03-09 00:41:36 [EE]            ^^^^^^^^^^^^^^^^^^^^^^^^^^^^^^^^^^^^^^^^^^^^^^^^^^^^
2026-03-09 00:41:36 [EE]   File "<frozen importlib._bootstrap>", line 1387, in _gcd_import
2026-03-09 00:41:36 [EE]   File "<frozen importlib._bootstrap>", line 1360, in _find_and_load
2026-03-09 00:41:36 [EE]   File "<frozen importlib._bootstrap>", line 1324, in _find_and_load_unlocked
2026-03-09 00:41:36 [EE] ModuleNotFoundError: No module named 'evennia.commands.faction_commands'
None2026-03-09 00:41:36 [EE] Error loading cmdset 'evennia.commands.faction_commands.FactionCmdSet'
2026-03-09 00:41:36 [EE] (Traceback was logged 26-03-09 00:41:36)
2026-03-09 00:41:36 [..] Linked faction typeclass Rocklin Augmentics to model ID 8
2026-03-09 00:41:36 [!!] Traceback (most recent call last):
2026-03-09 00:41:36 [!!]   File "/opt/nightcity/venv/lib/python3.12/site-packages/evennia/commands/cmdsethandler.py", line 186, in import_cmdset
2026-03-09 00:41:36 [!!]     raise exc.with_traceback(tb)
2026-03-09 00:41:36 [!!]   File "/opt/nightcity/venv/lib/python3.12/site-packages/evennia/commands/cmdsethandler.py", line 181, in import_cmdset
2026-03-09 00:41:36 [!!]     module = import_module(modpath, package="evennia")
2026-03-09 00:41:36 [!!]              ^^^^^^^^^^^^^^^^^^^^^^^^^^^^^^^^^^^^^^^^^
2026-03-09 00:41:36 [!!]   File "/usr/lib/python3.12/importlib/__init__.py", line 90, in import_module
2026-03-09 00:41:36 [!!]     return _bootstrap._gcd_import(name[level:], package, level)
2026-03-09 00:41:36 [!!]            ^^^^^^^^^^^^^^^^^^^^^^^^^^^^^^^^^^^^^^^^^^^^^^^^^^^^
2026-03-09 00:41:36 [!!]   File "<frozen importlib._bootstrap>", line 1387, in _gcd_import
2026-03-09 00:41:36 [!!]   File "<frozen importlib._bootstrap>", line 1360, in _find_and_load
2026-03-09 00:41:36 [!!]   File "<frozen importlib._bootstrap>", line 1324, in _find_and_load_unlocked
2026-03-09 00:41:36 [!!] ModuleNotFoundError: No module named 'evennia.commands.faction_commands'
2026-03-09 00:41:36 [EE] (Unsuccessfully tried 'commands.faction_commands.FactionCmdSet').Traceback (most recent call last):
2026-03-09 00:41:36 [EE]   File "/opt/nightcity/venv/lib/python3.12/site-packages/evennia/commands/cmdsethandler.py", line 186, in import_cmdset
2026-03-09 00:41:36 [EE]     raise exc.with_traceback(tb)
2026-03-09 00:41:36 [EE]   File "/opt/nightcity/venv/lib/python3.12/site-packages/evennia/commands/cmdsethandler.py", line 181, in import_cmdset
2026-03-09 00:41:36 [EE]     module = import_module(modpath, package="evennia")
2026-03-09 00:41:36 [EE]              ^^^^^^^^^^^^^^^^^^^^^^^^^^^^^^^^^^^^^^^^^
2026-03-09 00:41:36 [EE]   File "/usr/lib/python3.12/importlib/__init__.py", line 90, in import_module
2026-03-09 00:41:36 [EE]     return _bootstrap._gcd_import(name[level:], package, level)
2026-03-09 00:41:36 [EE]            ^^^^^^^^^^^^^^^^^^^^^^^^^^^^^^^^^^^^^^^^^^^^^^^^^^^^
2026-03-09 00:41:36 [EE]   File "<frozen importlib._bootstrap>", line 1387, in _gcd_import
2026-03-09 00:41:36 [EE]   File "<frozen importlib._bootstrap>", line 1360, in _find_and_load
2026-03-09 00:41:36 [EE]   File "<frozen importlib._bootstrap>", line 1324, in _find_and_load_unlocked
2026-03-09 00:41:36 [EE] ModuleNotFoundError: No module named 'evennia.commands.faction_commands'
None2026-03-09 00:41:36 [EE] Error loading cmdset 'evennia.commands.faction_commands.FactionCmdSet'
2026-03-09 00:41:36 [EE] (Traceback was logged 26-03-09 00:41:36)
2026-03-09 00:41:36 [..] Linked faction typeclass SovOil to model ID 9
2026-03-09 00:41:36 [!!] Traceback (most recent call last):
2026-03-09 00:41:36 [!!]   File "/opt/nightcity/venv/lib/python3.12/site-packages/evennia/commands/cmdsethandler.py", line 186, in import_cmdset
2026-03-09 00:41:36 [!!]     raise exc.with_traceback(tb)
2026-03-09 00:41:36 [!!]   File "/opt/nightcity/venv/lib/python3.12/site-packages/evennia/commands/cmdsethandler.py", line 181, in import_cmdset
2026-03-09 00:41:36 [!!]     module = import_module(modpath, package="evennia")
2026-03-09 00:41:36 [!!]              ^^^^^^^^^^^^^^^^^^^^^^^^^^^^^^^^^^^^^^^^^
2026-03-09 00:41:36 [!!]   File "/usr/lib/python3.12/importlib/__init__.py", line 90, in import_module
2026-03-09 00:41:36 [!!]     return _bootstrap._gcd_import(name[level:], package, level)
2026-03-09 00:41:36 [!!]            ^^^^^^^^^^^^^^^^^^^^^^^^^^^^^^^^^^^^^^^^^^^^^^^^^^^^
2026-03-09 00:41:36 [!!]   File "<frozen importlib._bootstrap>", line 1387, in _gcd_import
2026-03-09 00:41:36 [!!]   File "<frozen importlib._bootstrap>", line 1360, in _find_and_load
2026-03-09 00:41:36 [!!]   File "<frozen importlib._bootstrap>", line 1324, in _find_and_load_unlocked
2026-03-09 00:41:36 [!!] ModuleNotFoundError: No module named 'evennia.commands.faction_commands'
2026-03-09 00:41:36 [EE] (Unsuccessfully tried 'commands.faction_commands.FactionCmdSet').Traceback (most recent call last):
2026-03-09 00:41:36 [EE]   File "/opt/nightcity/venv/lib/python3.12/site-packages/evennia/commands/cmdsethandler.py", line 186, in import_cmdset
2026-03-09 00:41:36 [EE]     raise exc.with_traceback(tb)
2026-03-09 00:41:36 [EE]   File "/opt/nightcity/venv/lib/python3.12/site-packages/evennia/commands/cmdsethandler.py", line 181, in import_cmdset
2026-03-09 00:41:36 [EE]     module = import_module(modpath, package="evennia")
2026-03-09 00:41:36 [EE]              ^^^^^^^^^^^^^^^^^^^^^^^^^^^^^^^^^^^^^^^^^
2026-03-09 00:41:36 [EE]   File "/usr/lib/python3.12/importlib/__init__.py", line 90, in import_module
2026-03-09 00:41:36 [EE]     return _bootstrap._gcd_import(name[level:], package, level)
2026-03-09 00:41:36 [EE]            ^^^^^^^^^^^^^^^^^^^^^^^^^^^^^^^^^^^^^^^^^^^^^^^^^^^^
2026-03-09 00:41:36 [EE]   File "<frozen importlib._bootstrap>", line 1387, in _gcd_import
2026-03-09 00:41:36 [EE]   File "<frozen importlib._bootstrap>", line 1360, in _find_and_load
2026-03-09 00:41:36 [EE]   File "<frozen importlib._bootstrap>", line 1324, in _find_and_load_unlocked
2026-03-09 00:41:36 [EE] ModuleNotFoundError: No module named 'evennia.commands.faction_commands'
None2026-03-09 00:41:36 [EE] Error loading cmdset 'evennia.commands.faction_commands.FactionCmdSet'
2026-03-09 00:41:36 [EE] (Traceback was logged 26-03-09 00:41:36)
2026-03-09 00:41:36 [..] Linked faction typeclass Trauma Team to model ID 10
2026-03-09 00:41:36 [!!] Traceback (most recent call last):
2026-03-09 00:41:36 [!!]   File "/opt/nightcity/venv/lib/python3.12/site-packages/evennia/commands/cmdsethandler.py", line 186, in import_cmdset
2026-03-09 00:41:36 [!!]     raise exc.with_traceback(tb)
2026-03-09 00:41:36 [!!]   File "/opt/nightcity/venv/lib/python3.12/site-packages/evennia/commands/cmdsethandler.py", line 181, in import_cmdset
2026-03-09 00:41:36 [!!]     module = import_module(modpath, package="evennia")
2026-03-09 00:41:36 [!!]              ^^^^^^^^^^^^^^^^^^^^^^^^^^^^^^^^^^^^^^^^^
2026-03-09 00:41:36 [!!]   File "/usr/lib/python3.12/importlib/__init__.py", line 90, in import_module
2026-03-09 00:41:36 [!!]     return _bootstrap._gcd_import(name[level:], package, level)
2026-03-09 00:41:36 [!!]            ^^^^^^^^^^^^^^^^^^^^^^^^^^^^^^^^^^^^^^^^^^^^^^^^^^^^
2026-03-09 00:41:36 [!!]   File "<frozen importlib._bootstrap>", line 1387, in _gcd_import
2026-03-09 00:41:36 [!!]   File "<frozen importlib._bootstrap>", line 1360, in _find_and_load
2026-03-09 00:41:36 [!!]   File "<frozen importlib._bootstrap>", line 1324, in _find_and_load_unlocked
2026-03-09 00:41:36 [!!] ModuleNotFoundError: No module named 'evennia.commands.faction_commands'
2026-03-09 00:41:36 [EE] (Unsuccessfully tried 'commands.faction_commands.FactionCmdSet').Traceback (most recent call last):
2026-03-09 00:41:36 [EE]   File "/opt/nightcity/venv/lib/python3.12/site-packages/evennia/commands/cmdsethandler.py", line 186, in import_cmdset
2026-03-09 00:41:36 [EE]     raise exc.with_traceback(tb)
2026-03-09 00:41:36 [EE]   File "/opt/nightcity/venv/lib/python3.12/site-packages/evennia/commands/cmdsethandler.py", line 181, in import_cmdset
2026-03-09 00:41:36 [EE]     module = import_module(modpath, package="evennia")
2026-03-09 00:41:36 [EE]              ^^^^^^^^^^^^^^^^^^^^^^^^^^^^^^^^^^^^^^^^^
2026-03-09 00:41:36 [EE]   File "/usr/lib/python3.12/importlib/__init__.py", line 90, in import_module
2026-03-09 00:41:36 [EE]     return _bootstrap._gcd_import(name[level:], package, level)
2026-03-09 00:41:36 [EE]            ^^^^^^^^^^^^^^^^^^^^^^^^^^^^^^^^^^^^^^^^^^^^^^^^^^^^
2026-03-09 00:41:36 [EE]   File "<frozen importlib._bootstrap>", line 1387, in _gcd_import
2026-03-09 00:41:36 [EE]   File "<frozen importlib._bootstrap>", line 1360, in _find_and_load
2026-03-09 00:41:36 [EE]   File "<frozen importlib._bootstrap>", line 1324, in _find_and_load_unlocked
2026-03-09 00:41:36 [EE] ModuleNotFoundError: No module named 'evennia.commands.faction_commands'
None2026-03-09 00:41:36 [EE] Error loading cmdset 'evennia.commands.faction_commands.FactionCmdSet'
2026-03-09 00:41:36 [EE] (Traceback was logged 26-03-09 00:41:36)
2026-03-09 00:41:36 [..] Linked faction typeclass Ziggurat to model ID 11
2026-03-09 00:41:36 [!!] Traceback (most recent call last):
2026-03-09 00:41:36 [!!]   File "/opt/nightcity/venv/lib/python3.12/site-packages/evennia/commands/cmdsethandler.py", line 186, in import_cmdset
2026-03-09 00:41:36 [!!]     raise exc.with_traceback(tb)
2026-03-09 00:41:36 [!!]   File "/opt/nightcity/venv/lib/python3.12/site-packages/evennia/commands/cmdsethandler.py", line 181, in import_cmdset
2026-03-09 00:41:36 [!!]     module = import_module(modpath, package="evennia")
2026-03-09 00:41:36 [!!]              ^^^^^^^^^^^^^^^^^^^^^^^^^^^^^^^^^^^^^^^^^
2026-03-09 00:41:36 [!!]   File "/usr/lib/python3.12/importlib/__init__.py", line 90, in import_module
2026-03-09 00:41:36 [!!]     return _bootstrap._gcd_import(name[level:], package, level)
2026-03-09 00:41:36 [!!]            ^^^^^^^^^^^^^^^^^^^^^^^^^^^^^^^^^^^^^^^^^^^^^^^^^^^^
2026-03-09 00:41:36 [!!]   File "<frozen importlib._bootstrap>", line 1387, in _gcd_import
2026-03-09 00:41:36 [!!]   File "<frozen importlib._bootstrap>", line 1360, in _find_and_load
2026-03-09 00:41:36 [!!]   File "<frozen importlib._bootstrap>", line 1324, in _find_and_load_unlocked
2026-03-09 00:41:36 [!!] ModuleNotFoundError: No module named 'evennia.commands.faction_commands'
2026-03-09 00:41:36 [EE] (Unsuccessfully tried 'commands.faction_commands.FactionCmdSet').Traceback (most recent call last):
2026-03-09 00:41:36 [EE]   File "/opt/nightcity/venv/lib/python3.12/site-packages/evennia/commands/cmdsethandler.py", line 186, in import_cmdset
2026-03-09 00:41:36 [EE]     raise exc.with_traceback(tb)
2026-03-09 00:41:36 [EE]   File "/opt/nightcity/venv/lib/python3.12/site-packages/evennia/commands/cmdsethandler.py", line 181, in import_cmdset
2026-03-09 00:41:36 [EE]     module = import_module(modpath, package="evennia")
2026-03-09 00:41:36 [EE]              ^^^^^^^^^^^^^^^^^^^^^^^^^^^^^^^^^^^^^^^^^
2026-03-09 00:41:36 [EE]   File "/usr/lib/python3.12/importlib/__init__.py", line 90, in import_module
2026-03-09 00:41:36 [EE]     return _bootstrap._gcd_import(name[level:], package, level)
2026-03-09 00:41:36 [EE]            ^^^^^^^^^^^^^^^^^^^^^^^^^^^^^^^^^^^^^^^^^^^^^^^^^^^^
2026-03-09 00:41:36 [EE]   File "<frozen importlib._bootstrap>", line 1387, in _gcd_import
2026-03-09 00:41:36 [EE]   File "<frozen importlib._bootstrap>", line 1360, in _find_and_load
2026-03-09 00:41:36 [EE]   File "<frozen importlib._bootstrap>", line 1324, in _find_and_load_unlocked
2026-03-09 00:41:36 [EE] ModuleNotFoundError: No module named 'evennia.commands.faction_commands'
None2026-03-09 00:41:36 [EE] Error loading cmdset 'evennia.commands.faction_commands.FactionCmdSet'
2026-03-09 00:41:36 [EE] (Traceback was logged 26-03-09 00:41:36)
2026-03-09 00:41:36 [..] Linked faction typeclass Zhirafa Technical Manufacturing to model ID 12
2026-03-09 00:41:36 [!!] Traceback (most recent call last):
2026-03-09 00:41:36 [!!]   File "/opt/nightcity/venv/lib/python3.12/site-packages/evennia/commands/cmdsethandler.py", line 186, in import_cmdset
2026-03-09 00:41:36 [!!]     raise exc.with_traceback(tb)
2026-03-09 00:41:36 [!!]   File "/opt/nightcity/venv/lib/python3.12/site-packages/evennia/commands/cmdsethandler.py", line 181, in import_cmdset
2026-03-09 00:41:36 [!!]     module = import_module(modpath, package="evennia")
2026-03-09 00:41:36 [!!]              ^^^^^^^^^^^^^^^^^^^^^^^^^^^^^^^^^^^^^^^^^
2026-03-09 00:41:36 [!!]   File "/usr/lib/python3.12/importlib/__init__.py", line 90, in import_module
2026-03-09 00:41:36 [!!]     return _bootstrap._gcd_import(name[level:], package, level)
2026-03-09 00:41:36 [!!]            ^^^^^^^^^^^^^^^^^^^^^^^^^^^^^^^^^^^^^^^^^^^^^^^^^^^^
2026-03-09 00:41:36 [!!]   File "<frozen importlib._bootstrap>", line 1387, in _gcd_import
2026-03-09 00:41:36 [!!]   File "<frozen importlib._bootstrap>", line 1360, in _find_and_load
2026-03-09 00:41:36 [!!]   File "<frozen importlib._bootstrap>", line 1324, in _find_and_load_unlocked
2026-03-09 00:41:36 [!!] ModuleNotFoundError: No module named 'evennia.commands.faction_commands'
2026-03-09 00:41:36 [EE] (Unsuccessfully tried 'commands.faction_commands.FactionCmdSet').Traceback (most recent call last):
2026-03-09 00:41:36 [EE]   File "/opt/nightcity/venv/lib/python3.12/site-packages/evennia/commands/cmdsethandler.py", line 186, in import_cmdset
2026-03-09 00:41:36 [EE]     raise exc.with_traceback(tb)
2026-03-09 00:41:36 [EE]   File "/opt/nightcity/venv/lib/python3.12/site-packages/evennia/commands/cmdsethandler.py", line 181, in import_cmdset
2026-03-09 00:41:36 [EE]     module = import_module(modpath, package="evennia")
2026-03-09 00:41:36 [EE]              ^^^^^^^^^^^^^^^^^^^^^^^^^^^^^^^^^^^^^^^^^
2026-03-09 00:41:36 [EE]   File "/usr/lib/python3.12/importlib/__init__.py", line 90, in import_module
2026-03-09 00:41:36 [EE]     return _bootstrap._gcd_import(name[level:], package, level)
2026-03-09 00:41:36 [EE]            ^^^^^^^^^^^^^^^^^^^^^^^^^^^^^^^^^^^^^^^^^^^^^^^^^^^^
2026-03-09 00:41:36 [EE]   File "<frozen importlib._bootstrap>", line 1387, in _gcd_import
2026-03-09 00:41:36 [EE]   File "<frozen importlib._bootstrap>", line 1360, in _find_and_load
2026-03-09 00:41:36 [EE]   File "<frozen importlib._bootstrap>", line 1324, in _find_and_load_unlocked
2026-03-09 00:41:36 [EE] ModuleNotFoundError: No module named 'evennia.commands.faction_commands'
None2026-03-09 00:41:36 [EE] Error loading cmdset 'evennia.commands.faction_commands.FactionCmdSet'
2026-03-09 00:41:36 [EE] (Traceback was logged 26-03-09 00:41:36)
2026-03-09 00:41:36 [..] Linked faction typeclass Aldecaldos to model ID 13
2026-03-09 00:41:36 [!!] Traceback (most recent call last):
2026-03-09 00:41:36 [!!]   File "/opt/nightcity/venv/lib/python3.12/site-packages/evennia/commands/cmdsethandler.py", line 186, in import_cmdset
2026-03-09 00:41:36 [!!]     raise exc.with_traceback(tb)
2026-03-09 00:41:36 [!!]   File "/opt/nightcity/venv/lib/python3.12/site-packages/evennia/commands/cmdsethandler.py", line 181, in import_cmdset
2026-03-09 00:41:36 [!!]     module = import_module(modpath, package="evennia")
2026-03-09 00:41:36 [!!]              ^^^^^^^^^^^^^^^^^^^^^^^^^^^^^^^^^^^^^^^^^
2026-03-09 00:41:36 [!!]   File "/usr/lib/python3.12/importlib/__init__.py", line 90, in import_module
2026-03-09 00:41:36 [!!]     return _bootstrap._gcd_import(name[level:], package, level)
2026-03-09 00:41:36 [!!]            ^^^^^^^^^^^^^^^^^^^^^^^^^^^^^^^^^^^^^^^^^^^^^^^^^^^^
2026-03-09 00:41:36 [!!]   File "<frozen importlib._bootstrap>", line 1387, in _gcd_import
2026-03-09 00:41:36 [!!]   File "<frozen importlib._bootstrap>", line 1360, in _find_and_load
2026-03-09 00:41:36 [!!]   File "<frozen importlib._bootstrap>", line 1324, in _find_and_load_unlocked
2026-03-09 00:41:36 [!!] ModuleNotFoundError: No module named 'evennia.commands.faction_commands'
2026-03-09 00:41:36 [EE] (Unsuccessfully tried 'commands.faction_commands.FactionCmdSet').Traceback (most recent call last):
2026-03-09 00:41:36 [EE]   File "/opt/nightcity/venv/lib/python3.12/site-packages/evennia/commands/cmdsethandler.py", line 186, in import_cmdset
2026-03-09 00:41:36 [EE]     raise exc.with_traceback(tb)
2026-03-09 00:41:36 [EE]   File "/opt/nightcity/venv/lib/python3.12/site-packages/evennia/commands/cmdsethandler.py", line 181, in import_cmdset
2026-03-09 00:41:36 [EE]     module = import_module(modpath, package="evennia")
2026-03-09 00:41:36 [EE]              ^^^^^^^^^^^^^^^^^^^^^^^^^^^^^^^^^^^^^^^^^
2026-03-09 00:41:36 [EE]   File "/usr/lib/python3.12/importlib/__init__.py", line 90, in import_module
2026-03-09 00:41:36 [EE]     return _bootstrap._gcd_import(name[level:], package, level)
2026-03-09 00:41:36 [EE]            ^^^^^^^^^^^^^^^^^^^^^^^^^^^^^^^^^^^^^^^^^^^^^^^^^^^^
2026-03-09 00:41:36 [EE]   File "<frozen importlib._bootstrap>", line 1387, in _gcd_import
2026-03-09 00:41:36 [EE]   File "<frozen importlib._bootstrap>", line 1360, in _find_and_load
2026-03-09 00:41:36 [EE]   File "<frozen importlib._bootstrap>", line 1324, in _find_and_load_unlocked
2026-03-09 00:41:36 [EE] ModuleNotFoundError: No module named 'evennia.commands.faction_commands'
None2026-03-09 00:41:36 [EE] Error loading cmdset 'evennia.commands.faction_commands.FactionCmdSet'
2026-03-09 00:41:36 [EE] (Traceback was logged 26-03-09 00:41:36)
2026-03-09 00:41:36 [..] Linked faction typeclass Snake Nation to model ID 14
2026-03-09 00:41:36 [!!] Traceback (most recent call last):
2026-03-09 00:41:36 [!!]   File "/opt/nightcity/venv/lib/python3.12/site-packages/evennia/commands/cmdsethandler.py", line 186, in import_cmdset
2026-03-09 00:41:36 [!!]     raise exc.with_traceback(tb)
2026-03-09 00:41:36 [!!]   File "/opt/nightcity/venv/lib/python3.12/site-packages/evennia/commands/cmdsethandler.py", line 181, in import_cmdset
2026-03-09 00:41:36 [!!]     module = import_module(modpath, package="evennia")
2026-03-09 00:41:36 [!!]              ^^^^^^^^^^^^^^^^^^^^^^^^^^^^^^^^^^^^^^^^^
2026-03-09 00:41:36 [!!]   File "/usr/lib/python3.12/importlib/__init__.py", line 90, in import_module
2026-03-09 00:41:36 [!!]     return _bootstrap._gcd_import(name[level:], package, level)
2026-03-09 00:41:36 [!!]            ^^^^^^^^^^^^^^^^^^^^^^^^^^^^^^^^^^^^^^^^^^^^^^^^^^^^
2026-03-09 00:41:36 [!!]   File "<frozen importlib._bootstrap>", line 1387, in _gcd_import
2026-03-09 00:41:36 [!!]   File "<frozen importlib._bootstrap>", line 1360, in _find_and_load
2026-03-09 00:41:36 [!!]   File "<frozen importlib._bootstrap>", line 1324, in _find_and_load_unlocked
2026-03-09 00:41:36 [!!] ModuleNotFoundError: No module named 'evennia.commands.faction_commands'
2026-03-09 00:41:36 [EE] (Unsuccessfully tried 'commands.faction_commands.FactionCmdSet').Traceback (most recent call last):
2026-03-09 00:41:36 [EE]   File "/opt/nightcity/venv/lib/python3.12/site-packages/evennia/commands/cmdsethandler.py", line 186, in import_cmdset
2026-03-09 00:41:36 [EE]     raise exc.with_traceback(tb)
2026-03-09 00:41:36 [EE]   File "/opt/nightcity/venv/lib/python3.12/site-packages/evennia/commands/cmdsethandler.py", line 181, in import_cmdset
2026-03-09 00:41:36 [EE]     module = import_module(modpath, package="evennia")
2026-03-09 00:41:36 [EE]              ^^^^^^^^^^^^^^^^^^^^^^^^^^^^^^^^^^^^^^^^^
2026-03-09 00:41:36 [EE]   File "/usr/lib/python3.12/importlib/__init__.py", line 90, in import_module
2026-03-09 00:41:36 [EE]     return _bootstrap._gcd_import(name[level:], package, level)
2026-03-09 00:41:36 [EE]            ^^^^^^^^^^^^^^^^^^^^^^^^^^^^^^^^^^^^^^^^^^^^^^^^^^^^
2026-03-09 00:41:36 [EE]   File "<frozen importlib._bootstrap>", line 1387, in _gcd_import
2026-03-09 00:41:36 [EE]   File "<frozen importlib._bootstrap>", line 1360, in _find_and_load
2026-03-09 00:41:36 [EE]   File "<frozen importlib._bootstrap>", line 1324, in _find_and_load_unlocked
2026-03-09 00:41:36 [EE] ModuleNotFoundError: No module named 'evennia.commands.faction_commands'
None2026-03-09 00:41:36 [EE] Error loading cmdset 'evennia.commands.faction_commands.FactionCmdSet'
2026-03-09 00:41:36 [EE] (Traceback was logged 26-03-09 00:41:36)
2026-03-09 00:41:36 [..] Linked faction typeclass Wraiths to model ID 15
2026-03-09 00:41:36 [!!] Traceback (most recent call last):
2026-03-09 00:41:36 [!!]   File "/opt/nightcity/venv/lib/python3.12/site-packages/evennia/commands/cmdsethandler.py", line 186, in import_cmdset
2026-03-09 00:41:36 [!!]     raise exc.with_traceback(tb)
2026-03-09 00:41:36 [!!]   File "/opt/nightcity/venv/lib/python3.12/site-packages/evennia/commands/cmdsethandler.py", line 181, in import_cmdset
2026-03-09 00:41:36 [!!]     module = import_module(modpath, package="evennia")
2026-03-09 00:41:36 [!!]              ^^^^^^^^^^^^^^^^^^^^^^^^^^^^^^^^^^^^^^^^^
2026-03-09 00:41:36 [!!]   File "/usr/lib/python3.12/importlib/__init__.py", line 90, in import_module
2026-03-09 00:41:36 [!!]     return _bootstrap._gcd_import(name[level:], package, level)
2026-03-09 00:41:36 [!!]            ^^^^^^^^^^^^^^^^^^^^^^^^^^^^^^^^^^^^^^^^^^^^^^^^^^^^
2026-03-09 00:41:36 [!!]   File "<frozen importlib._bootstrap>", line 1387, in _gcd_import
2026-03-09 00:41:36 [!!]   File "<frozen importlib._bootstrap>", line 1360, in _find_and_load
2026-03-09 00:41:36 [!!]   File "<frozen importlib._bootstrap>", line 1324, in _find_and_load_unlocked
2026-03-09 00:41:36 [!!] ModuleNotFoundError: No module named 'evennia.commands.faction_commands'
2026-03-09 00:41:36 [EE] (Unsuccessfully tried 'commands.faction_commands.FactionCmdSet').Traceback (most recent call last):
2026-03-09 00:41:36 [EE]   File "/opt/nightcity/venv/lib/python3.12/site-packages/evennia/commands/cmdsethandler.py", line 186, in import_cmdset
2026-03-09 00:41:36 [EE]     raise exc.with_traceback(tb)
2026-03-09 00:41:36 [EE]   File "/opt/nightcity/venv/lib/python3.12/site-packages/evennia/commands/cmdsethandler.py", line 181, in import_cmdset
2026-03-09 00:41:36 [EE]     module = import_module(modpath, package="evennia")
2026-03-09 00:41:36 [EE]              ^^^^^^^^^^^^^^^^^^^^^^^^^^^^^^^^^^^^^^^^^
2026-03-09 00:41:36 [EE]   File "/usr/lib/python3.12/importlib/__init__.py", line 90, in import_module
2026-03-09 00:41:36 [EE]     return _bootstrap._gcd_import(name[level:], package, level)
2026-03-09 00:41:36 [EE]            ^^^^^^^^^^^^^^^^^^^^^^^^^^^^^^^^^^^^^^^^^^^^^^^^^^^^
2026-03-09 00:41:36 [EE]   File "<frozen importlib._bootstrap>", line 1387, in _gcd_import
2026-03-09 00:41:36 [EE]   File "<frozen importlib._bootstrap>", line 1360, in _find_and_load
2026-03-09 00:41:36 [EE]   File "<frozen importlib._bootstrap>", line 1324, in _find_and_load_unlocked
2026-03-09 00:41:36 [EE] ModuleNotFoundError: No module named 'evennia.commands.faction_commands'
None2026-03-09 00:41:36 [EE] Error loading cmdset 'evennia.commands.faction_commands.FactionCmdSet'
2026-03-09 00:41:36 [EE] (Traceback was logged 26-03-09 00:41:36)
2026-03-09 00:41:36 [..] Linked faction typeclass Bakkers to model ID 16
2026-03-09 00:41:36 [!!] Traceback (most recent call last):
2026-03-09 00:41:36 [!!]   File "/opt/nightcity/venv/lib/python3.12/site-packages/evennia/commands/cmdsethandler.py", line 186, in import_cmdset
2026-03-09 00:41:36 [!!]     raise exc.with_traceback(tb)
2026-03-09 00:41:36 [!!]   File "/opt/nightcity/venv/lib/python3.12/site-packages/evennia/commands/cmdsethandler.py", line 181, in import_cmdset
2026-03-09 00:41:36 [!!]     module = import_module(modpath, package="evennia")
2026-03-09 00:41:36 [!!]              ^^^^^^^^^^^^^^^^^^^^^^^^^^^^^^^^^^^^^^^^^
2026-03-09 00:41:36 [!!]   File "/usr/lib/python3.12/importlib/__init__.py", line 90, in import_module
2026-03-09 00:41:36 [!!]     return _bootstrap._gcd_import(name[level:], package, level)
2026-03-09 00:41:36 [!!]            ^^^^^^^^^^^^^^^^^^^^^^^^^^^^^^^^^^^^^^^^^^^^^^^^^^^^
2026-03-09 00:41:36 [!!]   File "<frozen importlib._bootstrap>", line 1387, in _gcd_import
2026-03-09 00:41:36 [!!]   File "<frozen importlib._bootstrap>", line 1360, in _find_and_load
2026-03-09 00:41:36 [!!]   File "<frozen importlib._bootstrap>", line 1324, in _find_and_load_unlocked
2026-03-09 00:41:36 [!!] ModuleNotFoundError: No module named 'evennia.commands.faction_commands'
2026-03-09 00:41:36 [EE] (Unsuccessfully tried 'commands.faction_commands.FactionCmdSet').Traceback (most recent call last):
2026-03-09 00:41:36 [EE]   File "/opt/nightcity/venv/lib/python3.12/site-packages/evennia/commands/cmdsethandler.py", line 186, in import_cmdset
2026-03-09 00:41:36 [EE]     raise exc.with_traceback(tb)
2026-03-09 00:41:36 [EE]   File "/opt/nightcity/venv/lib/python3.12/site-packages/evennia/commands/cmdsethandler.py", line 181, in import_cmdset
2026-03-09 00:41:36 [EE]     module = import_module(modpath, package="evennia")
2026-03-09 00:41:36 [EE]              ^^^^^^^^^^^^^^^^^^^^^^^^^^^^^^^^^^^^^^^^^
2026-03-09 00:41:36 [EE]   File "/usr/lib/python3.12/importlib/__init__.py", line 90, in import_module
2026-03-09 00:41:36 [EE]     return _bootstrap._gcd_import(name[level:], package, level)
2026-03-09 00:41:36 [EE]            ^^^^^^^^^^^^^^^^^^^^^^^^^^^^^^^^^^^^^^^^^^^^^^^^^^^^
2026-03-09 00:41:36 [EE]   File "<frozen importlib._bootstrap>", line 1387, in _gcd_import
2026-03-09 00:41:36 [EE]   File "<frozen importlib._bootstrap>", line 1360, in _find_and_load
2026-03-09 00:41:36 [EE]   File "<frozen importlib._bootstrap>", line 1324, in _find_and_load_unlocked
2026-03-09 00:41:36 [EE] ModuleNotFoundError: No module named 'evennia.commands.faction_commands'
None2026-03-09 00:41:36 [EE] Error loading cmdset 'evennia.commands.faction_commands.FactionCmdSet'
2026-03-09 00:41:36 [EE] (Traceback was logged 26-03-09 00:41:36)
2026-03-09 00:41:36 [..] Linked faction typeclass Jodes to model ID 17
2026-03-09 00:41:36 [!!] Traceback (most recent call last):
2026-03-09 00:41:36 [!!]   File "/opt/nightcity/venv/lib/python3.12/site-packages/evennia/commands/cmdsethandler.py", line 186, in import_cmdset
2026-03-09 00:41:36 [!!]     raise exc.with_traceback(tb)
2026-03-09 00:41:36 [!!]   File "/opt/nightcity/venv/lib/python3.12/site-packages/evennia/commands/cmdsethandler.py", line 181, in import_cmdset
2026-03-09 00:41:36 [!!]     module = import_module(modpath, package="evennia")
2026-03-09 00:41:36 [!!]              ^^^^^^^^^^^^^^^^^^^^^^^^^^^^^^^^^^^^^^^^^
2026-03-09 00:41:36 [!!]   File "/usr/lib/python3.12/importlib/__init__.py", line 90, in import_module
2026-03-09 00:41:36 [!!]     return _bootstrap._gcd_import(name[level:], package, level)
2026-03-09 00:41:36 [!!]            ^^^^^^^^^^^^^^^^^^^^^^^^^^^^^^^^^^^^^^^^^^^^^^^^^^^^
2026-03-09 00:41:36 [!!]   File "<frozen importlib._bootstrap>", line 1387, in _gcd_import
2026-03-09 00:41:36 [!!]   File "<frozen importlib._bootstrap>", line 1360, in _find_and_load
2026-03-09 00:41:36 [!!]   File "<frozen importlib._bootstrap>", line 1324, in _find_and_load_unlocked
2026-03-09 00:41:36 [!!] ModuleNotFoundError: No module named 'evennia.commands.faction_commands'
2026-03-09 00:41:36 [EE] (Unsuccessfully tried 'commands.faction_commands.FactionCmdSet').Traceback (most recent call last):
2026-03-09 00:41:36 [EE]   File "/opt/nightcity/venv/lib/python3.12/site-packages/evennia/commands/cmdsethandler.py", line 186, in import_cmdset
2026-03-09 00:41:36 [EE]     raise exc.with_traceback(tb)
2026-03-09 00:41:36 [EE]   File "/opt/nightcity/venv/lib/python3.12/site-packages/evennia/commands/cmdsethandler.py", line 181, in import_cmdset
2026-03-09 00:41:36 [EE]     module = import_module(modpath, package="evennia")
2026-03-09 00:41:36 [EE]              ^^^^^^^^^^^^^^^^^^^^^^^^^^^^^^^^^^^^^^^^^
2026-03-09 00:41:36 [EE]   File "/usr/lib/python3.12/importlib/__init__.py", line 90, in import_module
2026-03-09 00:41:36 [EE]     return _bootstrap._gcd_import(name[level:], package, level)
2026-03-09 00:41:36 [EE]            ^^^^^^^^^^^^^^^^^^^^^^^^^^^^^^^^^^^^^^^^^^^^^^^^^^^^
2026-03-09 00:41:36 [EE]   File "<frozen importlib._bootstrap>", line 1387, in _gcd_import
2026-03-09 00:41:36 [EE]   File "<frozen importlib._bootstrap>", line 1360, in _find_and_load
2026-03-09 00:41:36 [EE]   File "<frozen importlib._bootstrap>", line 1324, in _find_and_load_unlocked
2026-03-09 00:41:36 [EE] ModuleNotFoundError: No module named 'evennia.commands.faction_commands'
None2026-03-09 00:41:36 [EE] Error loading cmdset 'evennia.commands.faction_commands.FactionCmdSet'
2026-03-09 00:41:36 [EE] (Traceback was logged 26-03-09 00:41:36)
2026-03-09 00:41:36 [..] Linked faction typeclass MetaCorp to model ID 18
2026-03-09 00:41:36 [!!] Traceback (most recent call last):
2026-03-09 00:41:36 [!!]   File "/opt/nightcity/venv/lib/python3.12/site-packages/evennia/commands/cmdsethandler.py", line 186, in import_cmdset
2026-03-09 00:41:36 [!!]     raise exc.with_traceback(tb)
2026-03-09 00:41:36 [!!]   File "/opt/nightcity/venv/lib/python3.12/site-packages/evennia/commands/cmdsethandler.py", line 181, in import_cmdset
2026-03-09 00:41:36 [!!]     module = import_module(modpath, package="evennia")
2026-03-09 00:41:36 [!!]              ^^^^^^^^^^^^^^^^^^^^^^^^^^^^^^^^^^^^^^^^^
2026-03-09 00:41:36 [!!]   File "/usr/lib/python3.12/importlib/__init__.py", line 90, in import_module
2026-03-09 00:41:36 [!!]     return _bootstrap._gcd_import(name[level:], package, level)
2026-03-09 00:41:36 [!!]            ^^^^^^^^^^^^^^^^^^^^^^^^^^^^^^^^^^^^^^^^^^^^^^^^^^^^
2026-03-09 00:41:36 [!!]   File "<frozen importlib._bootstrap>", line 1387, in _gcd_import
2026-03-09 00:41:36 [!!]   File "<frozen importlib._bootstrap>", line 1360, in _find_and_load
2026-03-09 00:41:36 [!!]   File "<frozen importlib._bootstrap>", line 1324, in _find_and_load_unlocked
2026-03-09 00:41:36 [!!] ModuleNotFoundError: No module named 'evennia.commands.faction_commands'
2026-03-09 00:41:36 [EE] (Unsuccessfully tried 'commands.faction_commands.FactionCmdSet').Traceback (most recent call last):
2026-03-09 00:41:36 [EE]   File "/opt/nightcity/venv/lib/python3.12/site-packages/evennia/commands/cmdsethandler.py", line 186, in import_cmdset
2026-03-09 00:41:36 [EE]     raise exc.with_traceback(tb)
2026-03-09 00:41:36 [EE]   File "/opt/nightcity/venv/lib/python3.12/site-packages/evennia/commands/cmdsethandler.py", line 181, in import_cmdset
2026-03-09 00:41:36 [EE]     module = import_module(modpath, package="evennia")
2026-03-09 00:41:36 [EE]              ^^^^^^^^^^^^^^^^^^^^^^^^^^^^^^^^^^^^^^^^^
2026-03-09 00:41:36 [EE]   File "/usr/lib/python3.12/importlib/__init__.py", line 90, in import_module
2026-03-09 00:41:36 [EE]     return _bootstrap._gcd_import(name[level:], package, level)
2026-03-09 00:41:36 [EE]            ^^^^^^^^^^^^^^^^^^^^^^^^^^^^^^^^^^^^^^^^^^^^^^^^^^^^
2026-03-09 00:41:36 [EE]   File "<frozen importlib._bootstrap>", line 1387, in _gcd_import
2026-03-09 00:41:36 [EE]   File "<frozen importlib._bootstrap>", line 1360, in _find_and_load
2026-03-09 00:41:36 [EE]   File "<frozen importlib._bootstrap>", line 1324, in _find_and_load_unlocked
2026-03-09 00:41:36 [EE] ModuleNotFoundError: No module named 'evennia.commands.faction_commands'
None2026-03-09 00:41:36 [EE] Error loading cmdset 'evennia.commands.faction_commands.FactionCmdSet'
2026-03-09 00:41:36 [EE] (Traceback was logged 26-03-09 00:41:36)
2026-03-09 00:41:36 [..] Linked faction typeclass 6th Street to model ID 19
2026-03-09 00:41:36 [!!] Traceback (most recent call last):
2026-03-09 00:41:36 [!!]   File "/opt/nightcity/venv/lib/python3.12/site-packages/evennia/commands/cmdsethandler.py", line 186, in import_cmdset
2026-03-09 00:41:36 [!!]     raise exc.with_traceback(tb)
2026-03-09 00:41:36 [!!]   File "/opt/nightcity/venv/lib/python3.12/site-packages/evennia/commands/cmdsethandler.py", line 181, in import_cmdset
2026-03-09 00:41:36 [!!]     module = import_module(modpath, package="evennia")
2026-03-09 00:41:36 [!!]              ^^^^^^^^^^^^^^^^^^^^^^^^^^^^^^^^^^^^^^^^^
2026-03-09 00:41:36 [!!]   File "/usr/lib/python3.12/importlib/__init__.py", line 90, in import_module
2026-03-09 00:41:36 [!!]     return _bootstrap._gcd_import(name[level:], package, level)
2026-03-09 00:41:36 [!!]            ^^^^^^^^^^^^^^^^^^^^^^^^^^^^^^^^^^^^^^^^^^^^^^^^^^^^
2026-03-09 00:41:36 [!!]   File "<frozen importlib._bootstrap>", line 1387, in _gcd_import
2026-03-09 00:41:36 [!!]   File "<frozen importlib._bootstrap>", line 1360, in _find_and_load
2026-03-09 00:41:36 [!!]   File "<frozen importlib._bootstrap>", line 1324, in _find_and_load_unlocked
2026-03-09 00:41:36 [!!] ModuleNotFoundError: No module named 'evennia.commands.faction_commands'
2026-03-09 00:41:36 [EE] (Unsuccessfully tried 'commands.faction_commands.FactionCmdSet').Traceback (most recent call last):
2026-03-09 00:41:36 [EE]   File "/opt/nightcity/venv/lib/python3.12/site-packages/evennia/commands/cmdsethandler.py", line 186, in import_cmdset
2026-03-09 00:41:36 [EE]     raise exc.with_traceback(tb)
2026-03-09 00:41:36 [EE]   File "/opt/nightcity/venv/lib/python3.12/site-packages/evennia/commands/cmdsethandler.py", line 181, in import_cmdset
2026-03-09 00:41:36 [EE]     module = import_module(modpath, package="evennia")
2026-03-09 00:41:36 [EE]              ^^^^^^^^^^^^^^^^^^^^^^^^^^^^^^^^^^^^^^^^^
2026-03-09 00:41:36 [EE]   File "/usr/lib/python3.12/importlib/__init__.py", line 90, in import_module
2026-03-09 00:41:36 [EE]     return _bootstrap._gcd_import(name[level:], package, level)
2026-03-09 00:41:36 [EE]            ^^^^^^^^^^^^^^^^^^^^^^^^^^^^^^^^^^^^^^^^^^^^^^^^^^^^
2026-03-09 00:41:36 [EE]   File "<frozen importlib._bootstrap>", line 1387, in _gcd_import
2026-03-09 00:41:36 [EE]   File "<frozen importlib._bootstrap>", line 1360, in _find_and_load
2026-03-09 00:41:36 [EE]   File "<frozen importlib._bootstrap>", line 1324, in _find_and_load_unlocked
2026-03-09 00:41:36 [EE] ModuleNotFoundError: No module named 'evennia.commands.faction_commands'
None2026-03-09 00:41:36 [EE] Error loading cmdset 'evennia.commands.faction_commands.FactionCmdSet'
2026-03-09 00:41:36 [EE] (Traceback was logged 26-03-09 00:41:36)
2026-03-09 00:41:36 [..] Linked faction typeclass The Bozos to model ID 20
2026-03-09 00:41:36 [!!] Traceback (most recent call last):
2026-03-09 00:41:36 [!!]   File "/opt/nightcity/venv/lib/python3.12/site-packages/evennia/commands/cmdsethandler.py", line 186, in import_cmdset
2026-03-09 00:41:36 [!!]     raise exc.with_traceback(tb)
2026-03-09 00:41:36 [!!]   File "/opt/nightcity/venv/lib/python3.12/site-packages/evennia/commands/cmdsethandler.py", line 181, in import_cmdset
2026-03-09 00:41:36 [!!]     module = import_module(modpath, package="evennia")
2026-03-09 00:41:36 [!!]              ^^^^^^^^^^^^^^^^^^^^^^^^^^^^^^^^^^^^^^^^^
2026-03-09 00:41:36 [!!]   File "/usr/lib/python3.12/importlib/__init__.py", line 90, in import_module
2026-03-09 00:41:36 [!!]     return _bootstrap._gcd_import(name[level:], package, level)
2026-03-09 00:41:36 [!!]            ^^^^^^^^^^^^^^^^^^^^^^^^^^^^^^^^^^^^^^^^^^^^^^^^^^^^
2026-03-09 00:41:36 [!!]   File "<frozen importlib._bootstrap>", line 1387, in _gcd_import
2026-03-09 00:41:36 [!!]   File "<frozen importlib._bootstrap>", line 1360, in _find_and_load
2026-03-09 00:41:36 [!!]   File "<frozen importlib._bootstrap>", line 1324, in _find_and_load_unlocked
2026-03-09 00:41:36 [!!] ModuleNotFoundError: No module named 'evennia.commands.faction_commands'
2026-03-09 00:41:36 [EE] (Unsuccessfully tried 'commands.faction_commands.FactionCmdSet').Traceback (most recent call last):
2026-03-09 00:41:36 [EE]   File "/opt/nightcity/venv/lib/python3.12/site-packages/evennia/commands/cmdsethandler.py", line 186, in import_cmdset
2026-03-09 00:41:36 [EE]     raise exc.with_traceback(tb)
2026-03-09 00:41:36 [EE]   File "/opt/nightcity/venv/lib/python3.12/site-packages/evennia/commands/cmdsethandler.py", line 181, in import_cmdset
2026-03-09 00:41:36 [EE]     module = import_module(modpath, package="evennia")
2026-03-09 00:41:36 [EE]              ^^^^^^^^^^^^^^^^^^^^^^^^^^^^^^^^^^^^^^^^^
2026-03-09 00:41:36 [EE]   File "/usr/lib/python3.12/importlib/__init__.py", line 90, in import_module
2026-03-09 00:41:36 [EE]     return _bootstrap._gcd_import(name[level:], package, level)
2026-03-09 00:41:36 [EE]            ^^^^^^^^^^^^^^^^^^^^^^^^^^^^^^^^^^^^^^^^^^^^^^^^^^^^
2026-03-09 00:41:36 [EE]   File "<frozen importlib._bootstrap>", line 1387, in _gcd_import
2026-03-09 00:41:36 [EE]   File "<frozen importlib._bootstrap>", line 1360, in _find_and_load
2026-03-09 00:41:36 [EE]   File "<frozen importlib._bootstrap>", line 1324, in _find_and_load_unlocked
2026-03-09 00:41:36 [EE] ModuleNotFoundError: No module named 'evennia.commands.faction_commands'
None2026-03-09 00:41:36 [EE] Error loading cmdset 'evennia.commands.faction_commands.FactionCmdSet'
2026-03-09 00:41:36 [EE] (Traceback was logged 26-03-09 00:41:36)
2026-03-09 00:41:36 [..] Linked faction typeclass Inquisitors to model ID 21
2026-03-09 00:41:36 [!!] Traceback (most recent call last):
2026-03-09 00:41:36 [!!]   File "/opt/nightcity/venv/lib/python3.12/site-packages/evennia/commands/cmdsethandler.py", line 186, in import_cmdset
2026-03-09 00:41:36 [!!]     raise exc.with_traceback(tb)
2026-03-09 00:41:36 [!!]   File "/opt/nightcity/venv/lib/python3.12/site-packages/evennia/commands/cmdsethandler.py", line 181, in import_cmdset
2026-03-09 00:41:36 [!!]     module = import_module(modpath, package="evennia")
2026-03-09 00:41:36 [!!]              ^^^^^^^^^^^^^^^^^^^^^^^^^^^^^^^^^^^^^^^^^
2026-03-09 00:41:36 [!!]   File "/usr/lib/python3.12/importlib/__init__.py", line 90, in import_module
2026-03-09 00:41:36 [!!]     return _bootstrap._gcd_import(name[level:], package, level)
2026-03-09 00:41:36 [!!]            ^^^^^^^^^^^^^^^^^^^^^^^^^^^^^^^^^^^^^^^^^^^^^^^^^^^^
2026-03-09 00:41:36 [!!]   File "<frozen importlib._bootstrap>", line 1387, in _gcd_import
2026-03-09 00:41:36 [!!]   File "<frozen importlib._bootstrap>", line 1360, in _find_and_load
2026-03-09 00:41:36 [!!]   File "<frozen importlib._bootstrap>", line 1324, in _find_and_load_unlocked
2026-03-09 00:41:36 [!!] ModuleNotFoundError: No module named 'evennia.commands.faction_commands'
2026-03-09 00:41:36 [EE] (Unsuccessfully tried 'commands.faction_commands.FactionCmdSet').Traceback (most recent call last):
2026-03-09 00:41:36 [EE]   File "/opt/nightcity/venv/lib/python3.12/site-packages/evennia/commands/cmdsethandler.py", line 186, in import_cmdset
2026-03-09 00:41:36 [EE]     raise exc.with_traceback(tb)
2026-03-09 00:41:36 [EE]   File "/opt/nightcity/venv/lib/python3.12/site-packages/evennia/commands/cmdsethandler.py", line 181, in import_cmdset
2026-03-09 00:41:36 [EE]     module = import_module(modpath, package="evennia")
2026-03-09 00:41:36 [EE]              ^^^^^^^^^^^^^^^^^^^^^^^^^^^^^^^^^^^^^^^^^
2026-03-09 00:41:36 [EE]   File "/usr/lib/python3.12/importlib/__init__.py", line 90, in import_module
2026-03-09 00:41:36 [EE]     return _bootstrap._gcd_import(name[level:], package, level)
2026-03-09 00:41:36 [EE]            ^^^^^^^^^^^^^^^^^^^^^^^^^^^^^^^^^^^^^^^^^^^^^^^^^^^^
2026-03-09 00:41:36 [EE]   File "<frozen importlib._bootstrap>", line 1387, in _gcd_import
2026-03-09 00:41:36 [EE]   File "<frozen importlib._bootstrap>", line 1360, in _find_and_load
2026-03-09 00:41:36 [EE]   File "<frozen importlib._bootstrap>", line 1324, in _find_and_load_unlocked
2026-03-09 00:41:36 [EE] ModuleNotFoundError: No module named 'evennia.commands.faction_commands'
None2026-03-09 00:41:36 [EE] Error loading cmdset 'evennia.commands.faction_commands.FactionCmdSet'
2026-03-09 00:41:36 [EE] (Traceback was logged 26-03-09 00:41:36)
2026-03-09 00:41:36 [..] Linked faction typeclass Iron Sights to model ID 22
2026-03-09 00:41:36 [!!] Traceback (most recent call last):
2026-03-09 00:41:36 [!!]   File "/opt/nightcity/venv/lib/python3.12/site-packages/evennia/commands/cmdsethandler.py", line 186, in import_cmdset
2026-03-09 00:41:36 [!!]     raise exc.with_traceback(tb)
2026-03-09 00:41:36 [!!]   File "/opt/nightcity/venv/lib/python3.12/site-packages/evennia/commands/cmdsethandler.py", line 181, in import_cmdset
2026-03-09 00:41:36 [!!]     module = import_module(modpath, package="evennia")
2026-03-09 00:41:36 [!!]              ^^^^^^^^^^^^^^^^^^^^^^^^^^^^^^^^^^^^^^^^^
2026-03-09 00:41:36 [!!]   File "/usr/lib/python3.12/importlib/__init__.py", line 90, in import_module
2026-03-09 00:41:36 [!!]     return _bootstrap._gcd_import(name[level:], package, level)
2026-03-09 00:41:36 [!!]            ^^^^^^^^^^^^^^^^^^^^^^^^^^^^^^^^^^^^^^^^^^^^^^^^^^^^
2026-03-09 00:41:36 [!!]   File "<frozen importlib._bootstrap>", line 1387, in _gcd_import
2026-03-09 00:41:36 [!!]   File "<frozen importlib._bootstrap>", line 1360, in _find_and_load
2026-03-09 00:41:36 [!!]   File "<frozen importlib._bootstrap>", line 1324, in _find_and_load_unlocked
2026-03-09 00:41:36 [!!] ModuleNotFoundError: No module named 'evennia.commands.faction_commands'
2026-03-09 00:41:36 [EE] (Unsuccessfully tried 'commands.faction_commands.FactionCmdSet').Traceback (most recent call last):
2026-03-09 00:41:36 [EE]   File "/opt/nightcity/venv/lib/python3.12/site-packages/evennia/commands/cmdsethandler.py", line 186, in import_cmdset
2026-03-09 00:41:36 [EE]     raise exc.with_traceback(tb)
2026-03-09 00:41:36 [EE]   File "/opt/nightcity/venv/lib/python3.12/site-packages/evennia/commands/cmdsethandler.py", line 181, in import_cmdset
2026-03-09 00:41:36 [EE]     module = import_module(modpath, package="evennia")
2026-03-09 00:41:36 [EE]              ^^^^^^^^^^^^^^^^^^^^^^^^^^^^^^^^^^^^^^^^^
2026-03-09 00:41:36 [EE]   File "/usr/lib/python3.12/importlib/__init__.py", line 90, in import_module
2026-03-09 00:41:36 [EE]     return _bootstrap._gcd_import(name[level:], package, level)
2026-03-09 00:41:36 [EE]            ^^^^^^^^^^^^^^^^^^^^^^^^^^^^^^^^^^^^^^^^^^^^^^^^^^^^
2026-03-09 00:41:36 [EE]   File "<frozen importlib._bootstrap>", line 1387, in _gcd_import
2026-03-09 00:41:36 [EE]   File "<frozen importlib._bootstrap>", line 1360, in _find_and_load
2026-03-09 00:41:36 [EE]   File "<frozen importlib._bootstrap>", line 1324, in _find_and_load_unlocked
2026-03-09 00:41:36 [EE] ModuleNotFoundError: No module named 'evennia.commands.faction_commands'
None2026-03-09 00:41:36 [EE] Error loading cmdset 'evennia.commands.faction_commands.FactionCmdSet'
2026-03-09 00:41:36 [EE] (Traceback was logged 26-03-09 00:41:36)
2026-03-09 00:41:36 [..] Linked faction typeclass Maelstrom to model ID 23
2026-03-09 00:41:36 [!!] Traceback (most recent call last):
2026-03-09 00:41:36 [!!]   File "/opt/nightcity/venv/lib/python3.12/site-packages/evennia/commands/cmdsethandler.py", line 186, in import_cmdset
2026-03-09 00:41:36 [!!]     raise exc.with_traceback(tb)
2026-03-09 00:41:36 [!!]   File "/opt/nightcity/venv/lib/python3.12/site-packages/evennia/commands/cmdsethandler.py", line 181, in import_cmdset
2026-03-09 00:41:36 [!!]     module = import_module(modpath, package="evennia")
2026-03-09 00:41:36 [!!]              ^^^^^^^^^^^^^^^^^^^^^^^^^^^^^^^^^^^^^^^^^
2026-03-09 00:41:36 [!!]   File "/usr/lib/python3.12/importlib/__init__.py", line 90, in import_module
2026-03-09 00:41:36 [!!]     return _bootstrap._gcd_import(name[level:], package, level)
2026-03-09 00:41:36 [!!]            ^^^^^^^^^^^^^^^^^^^^^^^^^^^^^^^^^^^^^^^^^^^^^^^^^^^^
2026-03-09 00:41:36 [!!]   File "<frozen importlib._bootstrap>", line 1387, in _gcd_import
2026-03-09 00:41:36 [!!]   File "<frozen importlib._bootstrap>", line 1360, in _find_and_load
2026-03-09 00:41:36 [!!]   File "<frozen importlib._bootstrap>", line 1324, in _find_and_load_unlocked
2026-03-09 00:41:36 [!!] ModuleNotFoundError: No module named 'evennia.commands.faction_commands'
2026-03-09 00:41:36 [EE] (Unsuccessfully tried 'commands.faction_commands.FactionCmdSet').Traceback (most recent call last):
2026-03-09 00:41:36 [EE]   File "/opt/nightcity/venv/lib/python3.12/site-packages/evennia/commands/cmdsethandler.py", line 186, in import_cmdset
2026-03-09 00:41:36 [EE]     raise exc.with_traceback(tb)
2026-03-09 00:41:36 [EE]   File "/opt/nightcity/venv/lib/python3.12/site-packages/evennia/commands/cmdsethandler.py", line 181, in import_cmdset
2026-03-09 00:41:36 [EE]     module = import_module(modpath, package="evennia")
2026-03-09 00:41:36 [EE]              ^^^^^^^^^^^^^^^^^^^^^^^^^^^^^^^^^^^^^^^^^
2026-03-09 00:41:36 [EE]   File "/usr/lib/python3.12/importlib/__init__.py", line 90, in import_module
2026-03-09 00:41:36 [EE]     return _bootstrap._gcd_import(name[level:], package, level)
2026-03-09 00:41:36 [EE]            ^^^^^^^^^^^^^^^^^^^^^^^^^^^^^^^^^^^^^^^^^^^^^^^^^^^^
2026-03-09 00:41:36 [EE]   File "<frozen importlib._bootstrap>", line 1387, in _gcd_import
2026-03-09 00:41:36 [EE]   File "<frozen importlib._bootstrap>", line 1360, in _find_and_load
2026-03-09 00:41:36 [EE]   File "<frozen importlib._bootstrap>", line 1324, in _find_and_load_unlocked
2026-03-09 00:41:36 [EE] ModuleNotFoundError: No module named 'evennia.commands.faction_commands'
None2026-03-09 00:41:36 [EE] Error loading cmdset 'evennia.commands.faction_commands.FactionCmdSet'
2026-03-09 00:41:36 [EE] (Traceback was logged 26-03-09 00:41:36)
2026-03-09 00:41:36 [..] Linked faction typeclass Philharmonic Vampyres to model ID 24
2026-03-09 00:41:36 [!!] Traceback (most recent call last):
2026-03-09 00:41:36 [!!]   File "/opt/nightcity/venv/lib/python3.12/site-packages/evennia/commands/cmdsethandler.py", line 186, in import_cmdset
2026-03-09 00:41:36 [!!]     raise exc.with_traceback(tb)
2026-03-09 00:41:36 [!!]   File "/opt/nightcity/venv/lib/python3.12/site-packages/evennia/commands/cmdsethandler.py", line 181, in import_cmdset
2026-03-09 00:41:36 [!!]     module = import_module(modpath, package="evennia")
2026-03-09 00:41:36 [!!]              ^^^^^^^^^^^^^^^^^^^^^^^^^^^^^^^^^^^^^^^^^
2026-03-09 00:41:36 [!!]   File "/usr/lib/python3.12/importlib/__init__.py", line 90, in import_module
2026-03-09 00:41:36 [!!]     return _bootstrap._gcd_import(name[level:], package, level)
2026-03-09 00:41:36 [!!]            ^^^^^^^^^^^^^^^^^^^^^^^^^^^^^^^^^^^^^^^^^^^^^^^^^^^^
2026-03-09 00:41:36 [!!]   File "<frozen importlib._bootstrap>", line 1387, in _gcd_import
2026-03-09 00:41:36 [!!]   File "<frozen importlib._bootstrap>", line 1360, in _find_and_load
2026-03-09 00:41:36 [!!]   File "<frozen importlib._bootstrap>", line 1324, in _find_and_load_unlocked
2026-03-09 00:41:36 [!!] ModuleNotFoundError: No module named 'evennia.commands.faction_commands'
2026-03-09 00:41:36 [EE] (Unsuccessfully tried 'commands.faction_commands.FactionCmdSet').Traceback (most recent call last):
2026-03-09 00:41:36 [EE]   File "/opt/nightcity/venv/lib/python3.12/site-packages/evennia/commands/cmdsethandler.py", line 186, in import_cmdset
2026-03-09 00:41:36 [EE]     raise exc.with_traceback(tb)
2026-03-09 00:41:36 [EE]   File "/opt/nightcity/venv/lib/python3.12/site-packages/evennia/commands/cmdsethandler.py", line 181, in import_cmdset
2026-03-09 00:41:36 [EE]     module = import_module(modpath, package="evennia")
2026-03-09 00:41:36 [EE]              ^^^^^^^^^^^^^^^^^^^^^^^^^^^^^^^^^^^^^^^^^
2026-03-09 00:41:36 [EE]   File "/usr/lib/python3.12/importlib/__init__.py", line 90, in import_module
2026-03-09 00:41:36 [EE]     return _bootstrap._gcd_import(name[level:], package, level)
2026-03-09 00:41:36 [EE]            ^^^^^^^^^^^^^^^^^^^^^^^^^^^^^^^^^^^^^^^^^^^^^^^^^^^^
2026-03-09 00:41:36 [EE]   File "<frozen importlib._bootstrap>", line 1387, in _gcd_import
2026-03-09 00:41:36 [EE]   File "<frozen importlib._bootstrap>", line 1360, in _find_and_load
2026-03-09 00:41:36 [EE]   File "<frozen importlib._bootstrap>", line 1324, in _find_and_load_unlocked
2026-03-09 00:41:36 [EE] ModuleNotFoundError: No module named 'evennia.commands.faction_commands'
None2026-03-09 00:41:36 [EE] Error loading cmdset 'evennia.commands.faction_commands.FactionCmdSet'
2026-03-09 00:41:36 [EE] (Traceback was logged 26-03-09 00:41:36)
2026-03-09 00:41:36 [..] Linked faction typeclass Piranhas to model ID 25
2026-03-09 00:41:36 [!!] Traceback (most recent call last):
2026-03-09 00:41:36 [!!]   File "/opt/nightcity/venv/lib/python3.12/site-packages/evennia/commands/cmdsethandler.py", line 186, in import_cmdset
2026-03-09 00:41:36 [!!]     raise exc.with_traceback(tb)
2026-03-09 00:41:36 [!!]   File "/opt/nightcity/venv/lib/python3.12/site-packages/evennia/commands/cmdsethandler.py", line 181, in import_cmdset
2026-03-09 00:41:36 [!!]     module = import_module(modpath, package="evennia")
2026-03-09 00:41:36 [!!]              ^^^^^^^^^^^^^^^^^^^^^^^^^^^^^^^^^^^^^^^^^
2026-03-09 00:41:36 [!!]   File "/usr/lib/python3.12/importlib/__init__.py", line 90, in import_module
2026-03-09 00:41:36 [!!]     return _bootstrap._gcd_import(name[level:], package, level)
2026-03-09 00:41:36 [!!]            ^^^^^^^^^^^^^^^^^^^^^^^^^^^^^^^^^^^^^^^^^^^^^^^^^^^^
2026-03-09 00:41:36 [!!]   File "<frozen importlib._bootstrap>", line 1387, in _gcd_import
2026-03-09 00:41:36 [!!]   File "<frozen importlib._bootstrap>", line 1360, in _find_and_load
2026-03-09 00:41:36 [!!]   File "<frozen importlib._bootstrap>", line 1324, in _find_and_load_unlocked
2026-03-09 00:41:36 [!!] ModuleNotFoundError: No module named 'evennia.commands.faction_commands'
2026-03-09 00:41:36 [EE] (Unsuccessfully tried 'commands.faction_commands.FactionCmdSet').Traceback (most recent call last):
2026-03-09 00:41:36 [EE]   File "/opt/nightcity/venv/lib/python3.12/site-packages/evennia/commands/cmdsethandler.py", line 186, in import_cmdset
2026-03-09 00:41:36 [EE]     raise exc.with_traceback(tb)
2026-03-09 00:41:36 [EE]   File "/opt/nightcity/venv/lib/python3.12/site-packages/evennia/commands/cmdsethandler.py", line 181, in import_cmdset
2026-03-09 00:41:36 [EE]     module = import_module(modpath, package="evennia")
2026-03-09 00:41:36 [EE]              ^^^^^^^^^^^^^^^^^^^^^^^^^^^^^^^^^^^^^^^^^
2026-03-09 00:41:36 [EE]   File "/usr/lib/python3.12/importlib/__init__.py", line 90, in import_module
2026-03-09 00:41:36 [EE]     return _bootstrap._gcd_import(name[level:], package, level)
2026-03-09 00:41:36 [EE]            ^^^^^^^^^^^^^^^^^^^^^^^^^^^^^^^^^^^^^^^^^^^^^^^^^^^^
2026-03-09 00:41:36 [EE]   File "<frozen importlib._bootstrap>", line 1387, in _gcd_import
2026-03-09 00:41:36 [EE]   File "<frozen importlib._bootstrap>", line 1360, in _find_and_load
2026-03-09 00:41:36 [EE]   File "<frozen importlib._bootstrap>", line 1324, in _find_and_load_unlocked
2026-03-09 00:41:36 [EE] ModuleNotFoundError: No module named 'evennia.commands.faction_commands'
None2026-03-09 00:41:36 [EE] Error loading cmdset 'evennia.commands.faction_commands.FactionCmdSet'
2026-03-09 00:41:36 [EE] (Traceback was logged 26-03-09 00:41:36)
2026-03-09 00:41:36 [..] Linked faction typeclass Prime-Time Players to model ID 26
2026-03-09 00:41:36 [!!] Traceback (most recent call last):
2026-03-09 00:41:36 [!!]   File "/opt/nightcity/venv/lib/python3.12/site-packages/evennia/commands/cmdsethandler.py", line 186, in import_cmdset
2026-03-09 00:41:36 [!!]     raise exc.with_traceback(tb)
2026-03-09 00:41:36 [!!]   File "/opt/nightcity/venv/lib/python3.12/site-packages/evennia/commands/cmdsethandler.py", line 181, in import_cmdset
2026-03-09 00:41:36 [!!]     module = import_module(modpath, package="evennia")
2026-03-09 00:41:36 [!!]              ^^^^^^^^^^^^^^^^^^^^^^^^^^^^^^^^^^^^^^^^^
2026-03-09 00:41:36 [!!]   File "/usr/lib/python3.12/importlib/__init__.py", line 90, in import_module
2026-03-09 00:41:36 [!!]     return _bootstrap._gcd_import(name[level:], package, level)
2026-03-09 00:41:36 [!!]            ^^^^^^^^^^^^^^^^^^^^^^^^^^^^^^^^^^^^^^^^^^^^^^^^^^^^
2026-03-09 00:41:36 [!!]   File "<frozen importlib._bootstrap>", line 1387, in _gcd_import
2026-03-09 00:41:36 [!!]   File "<frozen importlib._bootstrap>", line 1360, in _find_and_load
2026-03-09 00:41:36 [!!]   File "<frozen importlib._bootstrap>", line 1324, in _find_and_load_unlocked
2026-03-09 00:41:36 [!!] ModuleNotFoundError: No module named 'evennia.commands.faction_commands'
2026-03-09 00:41:36 [EE] (Unsuccessfully tried 'commands.faction_commands.FactionCmdSet').Traceback (most recent call last):
2026-03-09 00:41:36 [EE]   File "/opt/nightcity/venv/lib/python3.12/site-packages/evennia/commands/cmdsethandler.py", line 186, in import_cmdset
2026-03-09 00:41:36 [EE]     raise exc.with_traceback(tb)
2026-03-09 00:41:36 [EE]   File "/opt/nightcity/venv/lib/python3.12/site-packages/evennia/commands/cmdsethandler.py", line 181, in import_cmdset
2026-03-09 00:41:36 [EE]     module = import_module(modpath, package="evennia")
2026-03-09 00:41:36 [EE]              ^^^^^^^^^^^^^^^^^^^^^^^^^^^^^^^^^^^^^^^^^
2026-03-09 00:41:36 [EE]   File "/usr/lib/python3.12/importlib/__init__.py", line 90, in import_module
2026-03-09 00:41:36 [EE]     return _bootstrap._gcd_import(name[level:], package, level)
2026-03-09 00:41:36 [EE]            ^^^^^^^^^^^^^^^^^^^^^^^^^^^^^^^^^^^^^^^^^^^^^^^^^^^^
2026-03-09 00:41:36 [EE]   File "<frozen importlib._bootstrap>", line 1387, in _gcd_import
2026-03-09 00:41:36 [EE]   File "<frozen importlib._bootstrap>", line 1360, in _find_and_load
2026-03-09 00:41:36 [EE]   File "<frozen importlib._bootstrap>", line 1324, in _find_and_load_unlocked
2026-03-09 00:41:36 [EE] ModuleNotFoundError: No module named 'evennia.commands.faction_commands'
None2026-03-09 00:41:36 [EE] Error loading cmdset 'evennia.commands.faction_commands.FactionCmdSet'
2026-03-09 00:41:36 [EE] (Traceback was logged 26-03-09 00:41:36)
2026-03-09 00:41:36 [..] Linked faction typeclass Reckoners to model ID 27
2026-03-09 00:41:36 [!!] Traceback (most recent call last):
2026-03-09 00:41:36 [!!]   File "/opt/nightcity/venv/lib/python3.12/site-packages/evennia/commands/cmdsethandler.py", line 186, in import_cmdset
2026-03-09 00:41:36 [!!]     raise exc.with_traceback(tb)
2026-03-09 00:41:36 [!!]   File "/opt/nightcity/venv/lib/python3.12/site-packages/evennia/commands/cmdsethandler.py", line 181, in import_cmdset
2026-03-09 00:41:36 [!!]     module = import_module(modpath, package="evennia")
2026-03-09 00:41:36 [!!]              ^^^^^^^^^^^^^^^^^^^^^^^^^^^^^^^^^^^^^^^^^
2026-03-09 00:41:36 [!!]   File "/usr/lib/python3.12/importlib/__init__.py", line 90, in import_module
2026-03-09 00:41:36 [!!]     return _bootstrap._gcd_import(name[level:], package, level)
2026-03-09 00:41:36 [!!]            ^^^^^^^^^^^^^^^^^^^^^^^^^^^^^^^^^^^^^^^^^^^^^^^^^^^^
2026-03-09 00:41:36 [!!]   File "<frozen importlib._bootstrap>", line 1387, in _gcd_import
2026-03-09 00:41:36 [!!]   File "<frozen importlib._bootstrap>", line 1360, in _find_and_load
2026-03-09 00:41:36 [!!]   File "<frozen importlib._bootstrap>", line 1324, in _find_and_load_unlocked
2026-03-09 00:41:36 [!!] ModuleNotFoundError: No module named 'evennia.commands.faction_commands'
2026-03-09 00:41:36 [EE] (Unsuccessfully tried 'commands.faction_commands.FactionCmdSet').Traceback (most recent call last):
2026-03-09 00:41:36 [EE]   File "/opt/nightcity/venv/lib/python3.12/site-packages/evennia/commands/cmdsethandler.py", line 186, in import_cmdset
2026-03-09 00:41:36 [EE]     raise exc.with_traceback(tb)
2026-03-09 00:41:36 [EE]   File "/opt/nightcity/venv/lib/python3.12/site-packages/evennia/commands/cmdsethandler.py", line 181, in import_cmdset
2026-03-09 00:41:36 [EE]     module = import_module(modpath, package="evennia")
2026-03-09 00:41:36 [EE]              ^^^^^^^^^^^^^^^^^^^^^^^^^^^^^^^^^^^^^^^^^
2026-03-09 00:41:36 [EE]   File "/usr/lib/python3.12/importlib/__init__.py", line 90, in import_module
2026-03-09 00:41:36 [EE]     return _bootstrap._gcd_import(name[level:], package, level)
2026-03-09 00:41:36 [EE]            ^^^^^^^^^^^^^^^^^^^^^^^^^^^^^^^^^^^^^^^^^^^^^^^^^^^^
2026-03-09 00:41:36 [EE]   File "<frozen importlib._bootstrap>", line 1387, in _gcd_import
2026-03-09 00:41:36 [EE]   File "<frozen importlib._bootstrap>", line 1360, in _find_and_load
2026-03-09 00:41:36 [EE]   File "<frozen importlib._bootstrap>", line 1324, in _find_and_load_unlocked
2026-03-09 00:41:36 [EE] ModuleNotFoundError: No module named 'evennia.commands.faction_commands'
None2026-03-09 00:41:36 [EE] Error loading cmdset 'evennia.commands.faction_commands.FactionCmdSet'
2026-03-09 00:41:36 [EE] (Traceback was logged 26-03-09 00:41:36)
2026-03-09 00:41:36 [..] Linked faction typeclass Red Chrome Legion to model ID 28
2026-03-09 00:41:36 [!!] Traceback (most recent call last):
2026-03-09 00:41:36 [!!]   File "/opt/nightcity/venv/lib/python3.12/site-packages/evennia/commands/cmdsethandler.py", line 186, in import_cmdset
2026-03-09 00:41:36 [!!]     raise exc.with_traceback(tb)
2026-03-09 00:41:36 [!!]   File "/opt/nightcity/venv/lib/python3.12/site-packages/evennia/commands/cmdsethandler.py", line 181, in import_cmdset
2026-03-09 00:41:36 [!!]     module = import_module(modpath, package="evennia")
2026-03-09 00:41:36 [!!]              ^^^^^^^^^^^^^^^^^^^^^^^^^^^^^^^^^^^^^^^^^
2026-03-09 00:41:36 [!!]   File "/usr/lib/python3.12/importlib/__init__.py", line 90, in import_module
2026-03-09 00:41:36 [!!]     return _bootstrap._gcd_import(name[level:], package, level)
2026-03-09 00:41:36 [!!]            ^^^^^^^^^^^^^^^^^^^^^^^^^^^^^^^^^^^^^^^^^^^^^^^^^^^^
2026-03-09 00:41:36 [!!]   File "<frozen importlib._bootstrap>", line 1387, in _gcd_import
2026-03-09 00:41:36 [!!]   File "<frozen importlib._bootstrap>", line 1360, in _find_and_load
2026-03-09 00:41:36 [!!]   File "<frozen importlib._bootstrap>", line 1324, in _find_and_load_unlocked
2026-03-09 00:41:36 [!!] ModuleNotFoundError: No module named 'evennia.commands.faction_commands'
2026-03-09 00:41:36 [EE] (Unsuccessfully tried 'commands.faction_commands.FactionCmdSet').Traceback (most recent call last):
2026-03-09 00:41:36 [EE]   File "/opt/nightcity/venv/lib/python3.12/site-packages/evennia/commands/cmdsethandler.py", line 186, in import_cmdset
2026-03-09 00:41:36 [EE]     raise exc.with_traceback(tb)
2026-03-09 00:41:36 [EE]   File "/opt/nightcity/venv/lib/python3.12/site-packages/evennia/commands/cmdsethandler.py", line 181, in import_cmdset
2026-03-09 00:41:36 [EE]     module = import_module(modpath, package="evennia")
2026-03-09 00:41:36 [EE]              ^^^^^^^^^^^^^^^^^^^^^^^^^^^^^^^^^^^^^^^^^
2026-03-09 00:41:36 [EE]   File "/usr/lib/python3.12/importlib/__init__.py", line 90, in import_module
2026-03-09 00:41:36 [EE]     return _bootstrap._gcd_import(name[level:], package, level)
2026-03-09 00:41:36 [EE]            ^^^^^^^^^^^^^^^^^^^^^^^^^^^^^^^^^^^^^^^^^^^^^^^^^^^^
2026-03-09 00:41:36 [EE]   File "<frozen importlib._bootstrap>", line 1387, in _gcd_import
2026-03-09 00:41:36 [EE]   File "<frozen importlib._bootstrap>", line 1360, in _find_and_load
2026-03-09 00:41:36 [EE]   File "<frozen importlib._bootstrap>", line 1324, in _find_and_load_unlocked
2026-03-09 00:41:36 [EE] ModuleNotFoundError: No module named 'evennia.commands.faction_commands'
None2026-03-09 00:41:36 [EE] Error loading cmdset 'evennia.commands.faction_commands.FactionCmdSet'
2026-03-09 00:41:36 [EE] (Traceback was logged 26-03-09 00:41:36)
2026-03-09 00:41:36 [..] Linked faction typeclass Scavvers to model ID 29
2026-03-09 00:41:36 [!!] Traceback (most recent call last):
2026-03-09 00:41:36 [!!]   File "/opt/nightcity/venv/lib/python3.12/site-packages/evennia/commands/cmdsethandler.py", line 186, in import_cmdset
2026-03-09 00:41:36 [!!]     raise exc.with_traceback(tb)
2026-03-09 00:41:36 [!!]   File "/opt/nightcity/venv/lib/python3.12/site-packages/evennia/commands/cmdsethandler.py", line 181, in import_cmdset
2026-03-09 00:41:36 [!!]     module = import_module(modpath, package="evennia")
2026-03-09 00:41:36 [!!]              ^^^^^^^^^^^^^^^^^^^^^^^^^^^^^^^^^^^^^^^^^
2026-03-09 00:41:36 [!!]   File "/usr/lib/python3.12/importlib/__init__.py", line 90, in import_module
2026-03-09 00:41:36 [!!]     return _bootstrap._gcd_import(name[level:], package, level)
2026-03-09 00:41:36 [!!]            ^^^^^^^^^^^^^^^^^^^^^^^^^^^^^^^^^^^^^^^^^^^^^^^^^^^^
2026-03-09 00:41:36 [!!]   File "<frozen importlib._bootstrap>", line 1387, in _gcd_import
2026-03-09 00:41:36 [!!]   File "<frozen importlib._bootstrap>", line 1360, in _find_and_load
2026-03-09 00:41:36 [!!]   File "<frozen importlib._bootstrap>", line 1324, in _find_and_load_unlocked
2026-03-09 00:41:36 [!!] ModuleNotFoundError: No module named 'evennia.commands.faction_commands'
2026-03-09 00:41:36 [EE] (Unsuccessfully tried 'commands.faction_commands.FactionCmdSet').Traceback (most recent call last):
2026-03-09 00:41:36 [EE]   File "/opt/nightcity/venv/lib/python3.12/site-packages/evennia/commands/cmdsethandler.py", line 186, in import_cmdset
2026-03-09 00:41:36 [EE]     raise exc.with_traceback(tb)
2026-03-09 00:41:36 [EE]   File "/opt/nightcity/venv/lib/python3.12/site-packages/evennia/commands/cmdsethandler.py", line 181, in import_cmdset
2026-03-09 00:41:36 [EE]     module = import_module(modpath, package="evennia")
2026-03-09 00:41:36 [EE]              ^^^^^^^^^^^^^^^^^^^^^^^^^^^^^^^^^^^^^^^^^
2026-03-09 00:41:36 [EE]   File "/usr/lib/python3.12/importlib/__init__.py", line 90, in import_module
2026-03-09 00:41:36 [EE]     return _bootstrap._gcd_import(name[level:], package, level)
2026-03-09 00:41:36 [EE]            ^^^^^^^^^^^^^^^^^^^^^^^^^^^^^^^^^^^^^^^^^^^^^^^^^^^^
2026-03-09 00:41:36 [EE]   File "<frozen importlib._bootstrap>", line 1387, in _gcd_import
2026-03-09 00:41:36 [EE]   File "<frozen importlib._bootstrap>", line 1360, in _find_and_load
2026-03-09 00:41:36 [EE]   File "<frozen importlib._bootstrap>", line 1324, in _find_and_load_unlocked
2026-03-09 00:41:36 [EE] ModuleNotFoundError: No module named 'evennia.commands.faction_commands'
None2026-03-09 00:41:36 [EE] Error loading cmdset 'evennia.commands.faction_commands.FactionCmdSet'
2026-03-09 00:41:36 [EE] (Traceback was logged 26-03-09 00:41:36)
2026-03-09 00:41:36 [..] Linked faction typeclass Steel Vaqueros to model ID 30
2026-03-09 00:41:36 [!!] Traceback (most recent call last):
2026-03-09 00:41:36 [!!]   File "/opt/nightcity/venv/lib/python3.12/site-packages/evennia/commands/cmdsethandler.py", line 186, in import_cmdset
2026-03-09 00:41:36 [!!]     raise exc.with_traceback(tb)
2026-03-09 00:41:36 [!!]   File "/opt/nightcity/venv/lib/python3.12/site-packages/evennia/commands/cmdsethandler.py", line 181, in import_cmdset
2026-03-09 00:41:36 [!!]     module = import_module(modpath, package="evennia")
2026-03-09 00:41:36 [!!]              ^^^^^^^^^^^^^^^^^^^^^^^^^^^^^^^^^^^^^^^^^
2026-03-09 00:41:36 [!!]   File "/usr/lib/python3.12/importlib/__init__.py", line 90, in import_module
2026-03-09 00:41:36 [!!]     return _bootstrap._gcd_import(name[level:], package, level)
2026-03-09 00:41:36 [!!]            ^^^^^^^^^^^^^^^^^^^^^^^^^^^^^^^^^^^^^^^^^^^^^^^^^^^^
2026-03-09 00:41:36 [!!]   File "<frozen importlib._bootstrap>", line 1387, in _gcd_import
2026-03-09 00:41:36 [!!]   File "<frozen importlib._bootstrap>", line 1360, in _find_and_load
2026-03-09 00:41:36 [!!]   File "<frozen importlib._bootstrap>", line 1324, in _find_and_load_unlocked
2026-03-09 00:41:36 [!!] ModuleNotFoundError: No module named 'evennia.commands.faction_commands'
2026-03-09 00:41:36 [EE] (Unsuccessfully tried 'commands.faction_commands.FactionCmdSet').Traceback (most recent call last):
2026-03-09 00:41:36 [EE]   File "/opt/nightcity/venv/lib/python3.12/site-packages/evennia/commands/cmdsethandler.py", line 186, in import_cmdset
2026-03-09 00:41:36 [EE]     raise exc.with_traceback(tb)
2026-03-09 00:41:36 [EE]   File "/opt/nightcity/venv/lib/python3.12/site-packages/evennia/commands/cmdsethandler.py", line 181, in import_cmdset
2026-03-09 00:41:36 [EE]     module = import_module(modpath, package="evennia")
2026-03-09 00:41:36 [EE]              ^^^^^^^^^^^^^^^^^^^^^^^^^^^^^^^^^^^^^^^^^
2026-03-09 00:41:36 [EE]   File "/usr/lib/python3.12/importlib/__init__.py", line 90, in import_module
2026-03-09 00:41:36 [EE]     return _bootstrap._gcd_import(name[level:], package, level)
2026-03-09 00:41:36 [EE]            ^^^^^^^^^^^^^^^^^^^^^^^^^^^^^^^^^^^^^^^^^^^^^^^^^^^^
2026-03-09 00:41:36 [EE]   File "<frozen importlib._bootstrap>", line 1387, in _gcd_import
2026-03-09 00:41:36 [EE]   File "<frozen importlib._bootstrap>", line 1360, in _find_and_load
2026-03-09 00:41:36 [EE]   File "<frozen importlib._bootstrap>", line 1324, in _find_and_load_unlocked
2026-03-09 00:41:36 [EE] ModuleNotFoundError: No module named 'evennia.commands.faction_commands'
None2026-03-09 00:41:36 [EE] Error loading cmdset 'evennia.commands.faction_commands.FactionCmdSet'
2026-03-09 00:41:36 [EE] (Traceback was logged 26-03-09 00:41:36)
2026-03-09 00:41:36 [..] Linked faction typeclass Tyger Claws to model ID 31
2026-03-09 00:41:36 [!!] Traceback (most recent call last):
2026-03-09 00:41:36 [!!]   File "/opt/nightcity/venv/lib/python3.12/site-packages/evennia/commands/cmdsethandler.py", line 186, in import_cmdset
2026-03-09 00:41:36 [!!]     raise exc.with_traceback(tb)
2026-03-09 00:41:36 [!!]   File "/opt/nightcity/venv/lib/python3.12/site-packages/evennia/commands/cmdsethandler.py", line 181, in import_cmdset
2026-03-09 00:41:36 [!!]     module = import_module(modpath, package="evennia")
2026-03-09 00:41:36 [!!]              ^^^^^^^^^^^^^^^^^^^^^^^^^^^^^^^^^^^^^^^^^
2026-03-09 00:41:36 [!!]   File "/usr/lib/python3.12/importlib/__init__.py", line 90, in import_module
2026-03-09 00:41:36 [!!]     return _bootstrap._gcd_import(name[level:], package, level)
2026-03-09 00:41:36 [!!]            ^^^^^^^^^^^^^^^^^^^^^^^^^^^^^^^^^^^^^^^^^^^^^^^^^^^^
2026-03-09 00:41:36 [!!]   File "<frozen importlib._bootstrap>", line 1387, in _gcd_import
2026-03-09 00:41:36 [!!]   File "<frozen importlib._bootstrap>", line 1360, in _find_and_load
2026-03-09 00:41:36 [!!]   File "<frozen importlib._bootstrap>", line 1324, in _find_and_load_unlocked
2026-03-09 00:41:36 [!!] ModuleNotFoundError: No module named 'evennia.commands.faction_commands'
2026-03-09 00:41:36 [EE] (Unsuccessfully tried 'commands.faction_commands.FactionCmdSet').Traceback (most recent call last):
2026-03-09 00:41:36 [EE]   File "/opt/nightcity/venv/lib/python3.12/site-packages/evennia/commands/cmdsethandler.py", line 186, in import_cmdset
2026-03-09 00:41:36 [EE]     raise exc.with_traceback(tb)
2026-03-09 00:41:36 [EE]   File "/opt/nightcity/venv/lib/python3.12/site-packages/evennia/commands/cmdsethandler.py", line 181, in import_cmdset
2026-03-09 00:41:36 [EE]     module = import_module(modpath, package="evennia")
2026-03-09 00:41:36 [EE]              ^^^^^^^^^^^^^^^^^^^^^^^^^^^^^^^^^^^^^^^^^
2026-03-09 00:41:36 [EE]   File "/usr/lib/python3.12/importlib/__init__.py", line 90, in import_module
2026-03-09 00:41:36 [EE]     return _bootstrap._gcd_import(name[level:], package, level)
2026-03-09 00:41:36 [EE]            ^^^^^^^^^^^^^^^^^^^^^^^^^^^^^^^^^^^^^^^^^^^^^^^^^^^^
2026-03-09 00:41:36 [EE]   File "<frozen importlib._bootstrap>", line 1387, in _gcd_import
2026-03-09 00:41:36 [EE]   File "<frozen importlib._bootstrap>", line 1360, in _find_and_load
2026-03-09 00:41:36 [EE]   File "<frozen importlib._bootstrap>", line 1324, in _find_and_load_unlocked
2026-03-09 00:41:36 [EE] ModuleNotFoundError: No module named 'evennia.commands.faction_commands'
None2026-03-09 00:41:36 [EE] Error loading cmdset 'evennia.commands.faction_commands.FactionCmdSet'
2026-03-09 00:41:36 [EE] (Traceback was logged 26-03-09 00:41:36)
2026-03-09 00:41:36 [..] Linked faction typeclass Voodoo Boys to model ID 32
2026-03-09 00:41:36 [!!] Traceback (most recent call last):
2026-03-09 00:41:36 [!!]   File "/opt/nightcity/venv/lib/python3.12/site-packages/evennia/commands/cmdsethandler.py", line 186, in import_cmdset
2026-03-09 00:41:36 [!!]     raise exc.with_traceback(tb)
2026-03-09 00:41:36 [!!]   File "/opt/nightcity/venv/lib/python3.12/site-packages/evennia/commands/cmdsethandler.py", line 181, in import_cmdset
2026-03-09 00:41:36 [!!]     module = import_module(modpath, package="evennia")
2026-03-09 00:41:36 [!!]              ^^^^^^^^^^^^^^^^^^^^^^^^^^^^^^^^^^^^^^^^^
2026-03-09 00:41:36 [!!]   File "/usr/lib/python3.12/importlib/__init__.py", line 90, in import_module
2026-03-09 00:41:36 [!!]     return _bootstrap._gcd_import(name[level:], package, level)
2026-03-09 00:41:36 [!!]            ^^^^^^^^^^^^^^^^^^^^^^^^^^^^^^^^^^^^^^^^^^^^^^^^^^^^
2026-03-09 00:41:36 [!!]   File "<frozen importlib._bootstrap>", line 1387, in _gcd_import
2026-03-09 00:41:36 [!!]   File "<frozen importlib._bootstrap>", line 1360, in _find_and_load
2026-03-09 00:41:36 [!!]   File "<frozen importlib._bootstrap>", line 1324, in _find_and_load_unlocked
2026-03-09 00:41:36 [!!] ModuleNotFoundError: No module named 'evennia.commands.faction_commands'
2026-03-09 00:41:36 [EE] (Unsuccessfully tried 'commands.faction_commands.FactionCmdSet').Traceback (most recent call last):
2026-03-09 00:41:36 [EE]   File "/opt/nightcity/venv/lib/python3.12/site-packages/evennia/commands/cmdsethandler.py", line 186, in import_cmdset
2026-03-09 00:41:36 [EE]     raise exc.with_traceback(tb)
2026-03-09 00:41:36 [EE]   File "/opt/nightcity/venv/lib/python3.12/site-packages/evennia/commands/cmdsethandler.py", line 181, in import_cmdset
2026-03-09 00:41:36 [EE]     module = import_module(modpath, package="evennia")
2026-03-09 00:41:36 [EE]              ^^^^^^^^^^^^^^^^^^^^^^^^^^^^^^^^^^^^^^^^^
2026-03-09 00:41:36 [EE]   File "/usr/lib/python3.12/importlib/__init__.py", line 90, in import_module
2026-03-09 00:41:36 [EE]     return _bootstrap._gcd_import(name[level:], package, level)
2026-03-09 00:41:36 [EE]            ^^^^^^^^^^^^^^^^^^^^^^^^^^^^^^^^^^^^^^^^^^^^^^^^^^^^
2026-03-09 00:41:36 [EE]   File "<frozen importlib._bootstrap>", line 1387, in _gcd_import
2026-03-09 00:41:36 [EE]   File "<frozen importlib._bootstrap>", line 1360, in _find_and_load
2026-03-09 00:41:36 [EE]   File "<frozen importlib._bootstrap>", line 1324, in _find_and_load_unlocked
2026-03-09 00:41:36 [EE] ModuleNotFoundError: No module named 'evennia.commands.faction_commands'
None2026-03-09 00:41:36 [EE] Error loading cmdset 'evennia.commands.faction_commands.FactionCmdSet'
2026-03-09 00:41:36 [EE] (Traceback was logged 26-03-09 00:41:36)
2026-03-09 00:41:36 [..] Linked faction typeclass NCPD to model ID 33
2026-03-09 00:41:36 [!!] Traceback (most recent call last):
2026-03-09 00:41:36 [!!]   File "/opt/nightcity/venv/lib/python3.12/site-packages/evennia/commands/cmdsethandler.py", line 186, in import_cmdset
2026-03-09 00:41:36 [!!]     raise exc.with_traceback(tb)
2026-03-09 00:41:36 [!!]   File "/opt/nightcity/venv/lib/python3.12/site-packages/evennia/commands/cmdsethandler.py", line 181, in import_cmdset
2026-03-09 00:41:36 [!!]     module = import_module(modpath, package="evennia")
2026-03-09 00:41:36 [!!]              ^^^^^^^^^^^^^^^^^^^^^^^^^^^^^^^^^^^^^^^^^
2026-03-09 00:41:36 [!!]   File "/usr/lib/python3.12/importlib/__init__.py", line 90, in import_module
2026-03-09 00:41:36 [!!]     return _bootstrap._gcd_import(name[level:], package, level)
2026-03-09 00:41:36 [!!]            ^^^^^^^^^^^^^^^^^^^^^^^^^^^^^^^^^^^^^^^^^^^^^^^^^^^^
2026-03-09 00:41:36 [!!]   File "<frozen importlib._bootstrap>", line 1387, in _gcd_import
2026-03-09 00:41:36 [!!]   File "<frozen importlib._bootstrap>", line 1360, in _find_and_load
2026-03-09 00:41:36 [!!]   File "<frozen importlib._bootstrap>", line 1324, in _find_and_load_unlocked
2026-03-09 00:41:36 [!!] ModuleNotFoundError: No module named 'evennia.commands.faction_commands'
2026-03-09 00:41:36 [EE] (Unsuccessfully tried 'commands.faction_commands.FactionCmdSet').Traceback (most recent call last):
2026-03-09 00:41:36 [EE]   File "/opt/nightcity/venv/lib/python3.12/site-packages/evennia/commands/cmdsethandler.py", line 186, in import_cmdset
2026-03-09 00:41:36 [EE]     raise exc.with_traceback(tb)
2026-03-09 00:41:36 [EE]   File "/opt/nightcity/venv/lib/python3.12/site-packages/evennia/commands/cmdsethandler.py", line 181, in import_cmdset
2026-03-09 00:41:36 [EE]     module = import_module(modpath, package="evennia")
2026-03-09 00:41:36 [EE]              ^^^^^^^^^^^^^^^^^^^^^^^^^^^^^^^^^^^^^^^^^
2026-03-09 00:41:36 [EE]   File "/usr/lib/python3.12/importlib/__init__.py", line 90, in import_module
2026-03-09 00:41:36 [EE]     return _bootstrap._gcd_import(name[level:], package, level)
2026-03-09 00:41:36 [EE]            ^^^^^^^^^^^^^^^^^^^^^^^^^^^^^^^^^^^^^^^^^^^^^^^^^^^^
2026-03-09 00:41:36 [EE]   File "<frozen importlib._bootstrap>", line 1387, in _gcd_import
2026-03-09 00:41:36 [EE]   File "<frozen importlib._bootstrap>", line 1360, in _find_and_load
2026-03-09 00:41:36 [EE]   File "<frozen importlib._bootstrap>", line 1324, in _find_and_load_unlocked
2026-03-09 00:41:36 [EE] ModuleNotFoundError: No module named 'evennia.commands.faction_commands'
None2026-03-09 00:41:36 [EE] Error loading cmdset 'evennia.commands.faction_commands.FactionCmdSet'
2026-03-09 00:41:36 [EE] (Traceback was logged 26-03-09 00:41:36)
2026-03-09 00:41:36 [..] Linked faction typeclass Night City Medical Center to model ID 34
2026-03-09 00:41:36 [!!] Traceback (most recent call last):
2026-03-09 00:41:36 [!!]   File "/opt/nightcity/venv/lib/python3.12/site-packages/evennia/commands/cmdsethandler.py", line 186, in import_cmdset
2026-03-09 00:41:36 [!!]     raise exc.with_traceback(tb)
2026-03-09 00:41:36 [!!]   File "/opt/nightcity/venv/lib/python3.12/site-packages/evennia/commands/cmdsethandler.py", line 181, in import_cmdset
2026-03-09 00:41:36 [!!]     module = import_module(modpath, package="evennia")
2026-03-09 00:41:36 [!!]              ^^^^^^^^^^^^^^^^^^^^^^^^^^^^^^^^^^^^^^^^^
2026-03-09 00:41:36 [!!]   File "/usr/lib/python3.12/importlib/__init__.py", line 90, in import_module
2026-03-09 00:41:36 [!!]     return _bootstrap._gcd_import(name[level:], package, level)
2026-03-09 00:41:36 [!!]            ^^^^^^^^^^^^^^^^^^^^^^^^^^^^^^^^^^^^^^^^^^^^^^^^^^^^
2026-03-09 00:41:36 [!!]   File "<frozen importlib._bootstrap>", line 1387, in _gcd_import
2026-03-09 00:41:36 [!!]   File "<frozen importlib._bootstrap>", line 1360, in _find_and_load
2026-03-09 00:41:36 [!!]   File "<frozen importlib._bootstrap>", line 1324, in _find_and_load_unlocked
2026-03-09 00:41:36 [!!] ModuleNotFoundError: No module named 'evennia.commands.faction_commands'
2026-03-09 00:41:36 [EE] (Unsuccessfully tried 'commands.faction_commands.FactionCmdSet').Traceback (most recent call last):
2026-03-09 00:41:36 [EE]   File "/opt/nightcity/venv/lib/python3.12/site-packages/evennia/commands/cmdsethandler.py", line 186, in import_cmdset
2026-03-09 00:41:36 [EE]     raise exc.with_traceback(tb)
2026-03-09 00:41:36 [EE]   File "/opt/nightcity/venv/lib/python3.12/site-packages/evennia/commands/cmdsethandler.py", line 181, in import_cmdset
2026-03-09 00:41:36 [EE]     module = import_module(modpath, package="evennia")
2026-03-09 00:41:36 [EE]              ^^^^^^^^^^^^^^^^^^^^^^^^^^^^^^^^^^^^^^^^^
2026-03-09 00:41:36 [EE]   File "/usr/lib/python3.12/importlib/__init__.py", line 90, in import_module
2026-03-09 00:41:36 [EE]     return _bootstrap._gcd_import(name[level:], package, level)
2026-03-09 00:41:36 [EE]            ^^^^^^^^^^^^^^^^^^^^^^^^^^^^^^^^^^^^^^^^^^^^^^^^^^^^
2026-03-09 00:41:36 [EE]   File "<frozen importlib._bootstrap>", line 1387, in _gcd_import
2026-03-09 00:41:36 [EE]   File "<frozen importlib._bootstrap>", line 1360, in _find_and_load
2026-03-09 00:41:36 [EE]   File "<frozen importlib._bootstrap>", line 1324, in _find_and_load_unlocked
2026-03-09 00:41:36 [EE] ModuleNotFoundError: No module named 'evennia.commands.faction_commands'
None2026-03-09 00:41:36 [EE] Error loading cmdset 'evennia.commands.faction_commands.FactionCmdSet'
2026-03-09 00:41:36 [EE] (Traceback was logged 26-03-09 00:41:36)
2026-03-09 00:41:36 [..] Linked faction typeclass Cambrian Reclaimers to model ID 35
2026-03-09 00:41:36 [!!] Traceback (most recent call last):
2026-03-09 00:41:36 [!!]   File "/opt/nightcity/venv/lib/python3.12/site-packages/evennia/commands/cmdsethandler.py", line 186, in import_cmdset
2026-03-09 00:41:36 [!!]     raise exc.with_traceback(tb)
2026-03-09 00:41:36 [!!]   File "/opt/nightcity/venv/lib/python3.12/site-packages/evennia/commands/cmdsethandler.py", line 181, in import_cmdset
2026-03-09 00:41:36 [!!]     module = import_module(modpath, package="evennia")
2026-03-09 00:41:36 [!!]              ^^^^^^^^^^^^^^^^^^^^^^^^^^^^^^^^^^^^^^^^^
2026-03-09 00:41:36 [!!]   File "/usr/lib/python3.12/importlib/__init__.py", line 90, in import_module
2026-03-09 00:41:36 [!!]     return _bootstrap._gcd_import(name[level:], package, level)
2026-03-09 00:41:36 [!!]            ^^^^^^^^^^^^^^^^^^^^^^^^^^^^^^^^^^^^^^^^^^^^^^^^^^^^
2026-03-09 00:41:36 [!!]   File "<frozen importlib._bootstrap>", line 1387, in _gcd_import
2026-03-09 00:41:36 [!!]   File "<frozen importlib._bootstrap>", line 1360, in _find_and_load
2026-03-09 00:41:36 [!!]   File "<frozen importlib._bootstrap>", line 1324, in _find_and_load_unlocked
2026-03-09 00:41:36 [!!] ModuleNotFoundError: No module named 'evennia.commands.faction_commands'
2026-03-09 00:41:36 [EE] (Unsuccessfully tried 'commands.faction_commands.FactionCmdSet').Traceback (most recent call last):
2026-03-09 00:41:36 [EE]   File "/opt/nightcity/venv/lib/python3.12/site-packages/evennia/commands/cmdsethandler.py", line 186, in import_cmdset
2026-03-09 00:41:36 [EE]     raise exc.with_traceback(tb)
2026-03-09 00:41:36 [EE]   File "/opt/nightcity/venv/lib/python3.12/site-packages/evennia/commands/cmdsethandler.py", line 181, in import_cmdset
2026-03-09 00:41:36 [EE]     module = import_module(modpath, package="evennia")
2026-03-09 00:41:36 [EE]              ^^^^^^^^^^^^^^^^^^^^^^^^^^^^^^^^^^^^^^^^^
2026-03-09 00:41:36 [EE]   File "/usr/lib/python3.12/importlib/__init__.py", line 90, in import_module
2026-03-09 00:41:36 [EE]     return _bootstrap._gcd_import(name[level:], package, level)
2026-03-09 00:41:36 [EE]            ^^^^^^^^^^^^^^^^^^^^^^^^^^^^^^^^^^^^^^^^^^^^^^^^^^^^
2026-03-09 00:41:36 [EE]   File "<frozen importlib._bootstrap>", line 1387, in _gcd_import
2026-03-09 00:41:36 [EE]   File "<frozen importlib._bootstrap>", line 1360, in _find_and_load
2026-03-09 00:41:36 [EE]   File "<frozen importlib._bootstrap>", line 1324, in _find_and_load_unlocked
2026-03-09 00:41:36 [EE] ModuleNotFoundError: No module named 'evennia.commands.faction_commands'
None2026-03-09 00:41:36 [EE] Error loading cmdset 'evennia.commands.faction_commands.FactionCmdSet'
2026-03-09 00:41:36 [EE] (Traceback was logged 26-03-09 00:41:36)
2026-03-09 00:41:36 [..] Linked faction typeclass Los Osos Reclaimers to model ID 36
2026-03-09 00:41:36 [!!] Traceback (most recent call last):
2026-03-09 00:41:36 [!!]   File "/opt/nightcity/venv/lib/python3.12/site-packages/evennia/commands/cmdsethandler.py", line 186, in import_cmdset
2026-03-09 00:41:36 [!!]     raise exc.with_traceback(tb)
2026-03-09 00:41:36 [!!]   File "/opt/nightcity/venv/lib/python3.12/site-packages/evennia/commands/cmdsethandler.py", line 181, in import_cmdset
2026-03-09 00:41:36 [!!]     module = import_module(modpath, package="evennia")
2026-03-09 00:41:36 [!!]              ^^^^^^^^^^^^^^^^^^^^^^^^^^^^^^^^^^^^^^^^^
2026-03-09 00:41:36 [!!]   File "/usr/lib/python3.12/importlib/__init__.py", line 90, in import_module
2026-03-09 00:41:36 [!!]     return _bootstrap._gcd_import(name[level:], package, level)
2026-03-09 00:41:36 [!!]            ^^^^^^^^^^^^^^^^^^^^^^^^^^^^^^^^^^^^^^^^^^^^^^^^^^^^
2026-03-09 00:41:36 [!!]   File "<frozen importlib._bootstrap>", line 1387, in _gcd_import
2026-03-09 00:41:36 [!!]   File "<frozen importlib._bootstrap>", line 1360, in _find_and_load
2026-03-09 00:41:36 [!!]   File "<frozen importlib._bootstrap>", line 1324, in _find_and_load_unlocked
2026-03-09 00:41:36 [!!] ModuleNotFoundError: No module named 'evennia.commands.faction_commands'
2026-03-09 00:41:36 [EE] (Unsuccessfully tried 'commands.faction_commands.FactionCmdSet').Traceback (most recent call last):
2026-03-09 00:41:36 [EE]   File "/opt/nightcity/venv/lib/python3.12/site-packages/evennia/commands/cmdsethandler.py", line 186, in import_cmdset
2026-03-09 00:41:36 [EE]     raise exc.with_traceback(tb)
2026-03-09 00:41:36 [EE]   File "/opt/nightcity/venv/lib/python3.12/site-packages/evennia/commands/cmdsethandler.py", line 181, in import_cmdset
2026-03-09 00:41:36 [EE]     module = import_module(modpath, package="evennia")
2026-03-09 00:41:36 [EE]              ^^^^^^^^^^^^^^^^^^^^^^^^^^^^^^^^^^^^^^^^^
2026-03-09 00:41:36 [EE]   File "/usr/lib/python3.12/importlib/__init__.py", line 90, in import_module
2026-03-09 00:41:36 [EE]     return _bootstrap._gcd_import(name[level:], package, level)
2026-03-09 00:41:36 [EE]            ^^^^^^^^^^^^^^^^^^^^^^^^^^^^^^^^^^^^^^^^^^^^^^^^^^^^
2026-03-09 00:41:36 [EE]   File "<frozen importlib._bootstrap>", line 1387, in _gcd_import
2026-03-09 00:41:36 [EE]   File "<frozen importlib._bootstrap>", line 1360, in _find_and_load
2026-03-09 00:41:36 [EE]   File "<frozen importlib._bootstrap>", line 1324, in _find_and_load_unlocked
2026-03-09 00:41:36 [EE] ModuleNotFoundError: No module named 'evennia.commands.faction_commands'
None2026-03-09 00:41:36 [EE] Error loading cmdset 'evennia.commands.faction_commands.FactionCmdSet'
2026-03-09 00:41:36 [EE] (Traceback was logged 26-03-09 00:41:36)
2026-03-09 00:41:36 [..] Linked faction typeclass Atascadero Reclaimers to model ID 37
2026-03-09 00:41:37 [!!] Traceback (most recent call last):
2026-03-09 00:41:37 [!!]   File "/opt/nightcity/venv/lib/python3.12/site-packages/evennia/commands/cmdsethandler.py", line 186, in import_cmdset
2026-03-09 00:41:37 [!!]     raise exc.with_traceback(tb)
2026-03-09 00:41:37 [!!]   File "/opt/nightcity/venv/lib/python3.12/site-packages/evennia/commands/cmdsethandler.py", line 181, in import_cmdset
2026-03-09 00:41:37 [!!]     module = import_module(modpath, package="evennia")
2026-03-09 00:41:37 [!!]              ^^^^^^^^^^^^^^^^^^^^^^^^^^^^^^^^^^^^^^^^^
2026-03-09 00:41:37 [!!]   File "/usr/lib/python3.12/importlib/__init__.py", line 90, in import_module
2026-03-09 00:41:37 [!!]     return _bootstrap._gcd_import(name[level:], package, level)
2026-03-09 00:41:37 [!!]            ^^^^^^^^^^^^^^^^^^^^^^^^^^^^^^^^^^^^^^^^^^^^^^^^^^^^
2026-03-09 00:41:37 [!!]   File "<frozen importlib._bootstrap>", line 1387, in _gcd_import
2026-03-09 00:41:37 [!!]   File "<frozen importlib._bootstrap>", line 1360, in _find_and_load
2026-03-09 00:41:37 [!!]   File "<frozen importlib._bootstrap>", line 1324, in _find_and_load_unlocked
2026-03-09 00:41:37 [!!] ModuleNotFoundError: No module named 'evennia.commands.faction_commands'
2026-03-09 00:41:37 [EE] (Unsuccessfully tried 'commands.faction_commands.FactionCmdSet').Traceback (most recent call last):
2026-03-09 00:41:37 [EE]   File "/opt/nightcity/venv/lib/python3.12/site-packages/evennia/commands/cmdsethandler.py", line 186, in import_cmdset
2026-03-09 00:41:37 [EE]     raise exc.with_traceback(tb)
2026-03-09 00:41:37 [EE]   File "/opt/nightcity/venv/lib/python3.12/site-packages/evennia/commands/cmdsethandler.py", line 181, in import_cmdset
2026-03-09 00:41:37 [EE]     module = import_module(modpath, package="evennia")
2026-03-09 00:41:37 [EE]              ^^^^^^^^^^^^^^^^^^^^^^^^^^^^^^^^^^^^^^^^^
2026-03-09 00:41:37 [EE]   File "/usr/lib/python3.12/importlib/__init__.py", line 90, in import_module
2026-03-09 00:41:37 [EE]     return _bootstrap._gcd_import(name[level:], package, level)
2026-03-09 00:41:37 [EE]            ^^^^^^^^^^^^^^^^^^^^^^^^^^^^^^^^^^^^^^^^^^^^^^^^^^^^
2026-03-09 00:41:37 [EE]   File "<frozen importlib._bootstrap>", line 1387, in _gcd_import
2026-03-09 00:41:37 [EE]   File "<frozen importlib._bootstrap>", line 1360, in _find_and_load
2026-03-09 00:41:37 [EE]   File "<frozen importlib._bootstrap>", line 1324, in _find_and_load_unlocked
2026-03-09 00:41:37 [EE] ModuleNotFoundError: No module named 'evennia.commands.faction_commands'
None2026-03-09 00:41:37 [EE] Error loading cmdset 'evennia.commands.faction_commands.FactionCmdSet'
2026-03-09 00:41:37 [EE] (Traceback was logged 26-03-09 00:41:37)
2026-03-09 00:41:37 [..] Linked faction typeclass Constitution Arms to model ID 38
2026-03-09 00:41:37 [!!] Traceback (most recent call last):
2026-03-09 00:41:37 [!!]   File "/opt/nightcity/venv/lib/python3.12/site-packages/evennia/commands/cmdsethandler.py", line 186, in import_cmdset
2026-03-09 00:41:37 [!!]     raise exc.with_traceback(tb)
2026-03-09 00:41:37 [!!]   File "/opt/nightcity/venv/lib/python3.12/site-packages/evennia/commands/cmdsethandler.py", line 181, in import_cmdset
2026-03-09 00:41:37 [!!]     module = import_module(modpath, package="evennia")
2026-03-09 00:41:37 [!!]              ^^^^^^^^^^^^^^^^^^^^^^^^^^^^^^^^^^^^^^^^^
2026-03-09 00:41:37 [!!]   File "/usr/lib/python3.12/importlib/__init__.py", line 90, in import_module
2026-03-09 00:41:37 [!!]     return _bootstrap._gcd_import(name[level:], package, level)
2026-03-09 00:41:37 [!!]            ^^^^^^^^^^^^^^^^^^^^^^^^^^^^^^^^^^^^^^^^^^^^^^^^^^^^
2026-03-09 00:41:37 [!!]   File "<frozen importlib._bootstrap>", line 1387, in _gcd_import
2026-03-09 00:41:37 [!!]   File "<frozen importlib._bootstrap>", line 1360, in _find_and_load
2026-03-09 00:41:37 [!!]   File "<frozen importlib._bootstrap>", line 1324, in _find_and_load_unlocked
2026-03-09 00:41:37 [!!] ModuleNotFoundError: No module named 'evennia.commands.faction_commands'
2026-03-09 00:41:37 [EE] (Unsuccessfully tried 'commands.faction_commands.FactionCmdSet').Traceback (most recent call last):
2026-03-09 00:41:37 [EE]   File "/opt/nightcity/venv/lib/python3.12/site-packages/evennia/commands/cmdsethandler.py", line 186, in import_cmdset
2026-03-09 00:41:37 [EE]     raise exc.with_traceback(tb)
2026-03-09 00:41:37 [EE]   File "/opt/nightcity/venv/lib/python3.12/site-packages/evennia/commands/cmdsethandler.py", line 181, in import_cmdset
2026-03-09 00:41:37 [EE]     module = import_module(modpath, package="evennia")
2026-03-09 00:41:37 [EE]              ^^^^^^^^^^^^^^^^^^^^^^^^^^^^^^^^^^^^^^^^^
2026-03-09 00:41:37 [EE]   File "/usr/lib/python3.12/importlib/__init__.py", line 90, in import_module
2026-03-09 00:41:37 [EE]     return _bootstrap._gcd_import(name[level:], package, level)
2026-03-09 00:41:37 [EE]            ^^^^^^^^^^^^^^^^^^^^^^^^^^^^^^^^^^^^^^^^^^^^^^^^^^^^
2026-03-09 00:41:37 [EE]   File "<frozen importlib._bootstrap>", line 1387, in _gcd_import
2026-03-09 00:41:37 [EE]   File "<frozen importlib._bootstrap>", line 1360, in _find_and_load
2026-03-09 00:41:37 [EE]   File "<frozen importlib._bootstrap>", line 1324, in _find_and_load_unlocked
2026-03-09 00:41:37 [EE] ModuleNotFoundError: No module named 'evennia.commands.faction_commands'
None2026-03-09 00:41:37 [EE] Error loading cmdset 'evennia.commands.faction_commands.FactionCmdSet'
2026-03-09 00:41:37 [EE] (Traceback was logged 26-03-09 00:41:37)
2026-03-09 00:41:37 [..] Linked faction typeclass GunMart to model ID 39
2026-03-09 00:41:37 [!!] Traceback (most recent call last):
2026-03-09 00:41:37 [!!]   File "/opt/nightcity/venv/lib/python3.12/site-packages/evennia/commands/cmdsethandler.py", line 186, in import_cmdset
2026-03-09 00:41:37 [!!]     raise exc.with_traceback(tb)
2026-03-09 00:41:37 [!!]   File "/opt/nightcity/venv/lib/python3.12/site-packages/evennia/commands/cmdsethandler.py", line 181, in import_cmdset
2026-03-09 00:41:37 [!!]     module = import_module(modpath, package="evennia")
2026-03-09 00:41:37 [!!]              ^^^^^^^^^^^^^^^^^^^^^^^^^^^^^^^^^^^^^^^^^
2026-03-09 00:41:37 [!!]   File "/usr/lib/python3.12/importlib/__init__.py", line 90, in import_module
2026-03-09 00:41:37 [!!]     return _bootstrap._gcd_import(name[level:], package, level)
2026-03-09 00:41:37 [!!]            ^^^^^^^^^^^^^^^^^^^^^^^^^^^^^^^^^^^^^^^^^^^^^^^^^^^^
2026-03-09 00:41:37 [!!]   File "<frozen importlib._bootstrap>", line 1387, in _gcd_import
2026-03-09 00:41:37 [!!]   File "<frozen importlib._bootstrap>", line 1360, in _find_and_load
2026-03-09 00:41:37 [!!]   File "<frozen importlib._bootstrap>", line 1324, in _find_and_load_unlocked
2026-03-09 00:41:37 [!!] ModuleNotFoundError: No module named 'evennia.commands.faction_commands'
2026-03-09 00:41:37 [EE] (Unsuccessfully tried 'commands.faction_commands.FactionCmdSet').Traceback (most recent call last):
2026-03-09 00:41:37 [EE]   File "/opt/nightcity/venv/lib/python3.12/site-packages/evennia/commands/cmdsethandler.py", line 186, in import_cmdset
2026-03-09 00:41:37 [EE]     raise exc.with_traceback(tb)
2026-03-09 00:41:37 [EE]   File "/opt/nightcity/venv/lib/python3.12/site-packages/evennia/commands/cmdsethandler.py", line 181, in import_cmdset
2026-03-09 00:41:37 [EE]     module = import_module(modpath, package="evennia")
2026-03-09 00:41:37 [EE]              ^^^^^^^^^^^^^^^^^^^^^^^^^^^^^^^^^^^^^^^^^
2026-03-09 00:41:37 [EE]   File "/usr/lib/python3.12/importlib/__init__.py", line 90, in import_module
2026-03-09 00:41:37 [EE]     return _bootstrap._gcd_import(name[level:], package, level)
2026-03-09 00:41:37 [EE]            ^^^^^^^^^^^^^^^^^^^^^^^^^^^^^^^^^^^^^^^^^^^^^^^^^^^^
2026-03-09 00:41:37 [EE]   File "<frozen importlib._bootstrap>", line 1387, in _gcd_import
2026-03-09 00:41:37 [EE]   File "<frozen importlib._bootstrap>", line 1360, in _find_and_load
2026-03-09 00:41:37 [EE]   File "<frozen importlib._bootstrap>", line 1324, in _find_and_load_unlocked
2026-03-09 00:41:37 [EE] ModuleNotFoundError: No module named 'evennia.commands.faction_commands'
None2026-03-09 00:41:37 [EE] Error loading cmdset 'evennia.commands.faction_commands.FactionCmdSet'
2026-03-09 00:41:37 [EE] (Traceback was logged 26-03-09 00:41:37)
2026-03-09 00:41:37 [..] Linked faction typeclass Kendachi Arms to model ID 40
2026-03-09 00:41:37 [!!] Traceback (most recent call last):
2026-03-09 00:41:37 [!!]   File "/opt/nightcity/venv/lib/python3.12/site-packages/evennia/commands/cmdsethandler.py", line 186, in import_cmdset
2026-03-09 00:41:37 [!!]     raise exc.with_traceback(tb)
2026-03-09 00:41:37 [!!]   File "/opt/nightcity/venv/lib/python3.12/site-packages/evennia/commands/cmdsethandler.py", line 181, in import_cmdset
2026-03-09 00:41:37 [!!]     module = import_module(modpath, package="evennia")
2026-03-09 00:41:37 [!!]              ^^^^^^^^^^^^^^^^^^^^^^^^^^^^^^^^^^^^^^^^^
2026-03-09 00:41:37 [!!]   File "/usr/lib/python3.12/importlib/__init__.py", line 90, in import_module
2026-03-09 00:41:37 [!!]     return _bootstrap._gcd_import(name[level:], package, level)
2026-03-09 00:41:37 [!!]            ^^^^^^^^^^^^^^^^^^^^^^^^^^^^^^^^^^^^^^^^^^^^^^^^^^^^
2026-03-09 00:41:37 [!!]   File "<frozen importlib._bootstrap>", line 1387, in _gcd_import
2026-03-09 00:41:37 [!!]   File "<frozen importlib._bootstrap>", line 1360, in _find_and_load
2026-03-09 00:41:37 [!!]   File "<frozen importlib._bootstrap>", line 1324, in _find_and_load_unlocked
2026-03-09 00:41:37 [!!] ModuleNotFoundError: No module named 'evennia.commands.faction_commands'
2026-03-09 00:41:37 [EE] (Unsuccessfully tried 'commands.faction_commands.FactionCmdSet').Traceback (most recent call last):
2026-03-09 00:41:37 [EE]   File "/opt/nightcity/venv/lib/python3.12/site-packages/evennia/commands/cmdsethandler.py", line 186, in import_cmdset
2026-03-09 00:41:37 [EE]     raise exc.with_traceback(tb)
2026-03-09 00:41:37 [EE]   File "/opt/nightcity/venv/lib/python3.12/site-packages/evennia/commands/cmdsethandler.py", line 181, in import_cmdset
2026-03-09 00:41:37 [EE]     module = import_module(modpath, package="evennia")
2026-03-09 00:41:37 [EE]              ^^^^^^^^^^^^^^^^^^^^^^^^^^^^^^^^^^^^^^^^^
2026-03-09 00:41:37 [EE]   File "/usr/lib/python3.12/importlib/__init__.py", line 90, in import_module
2026-03-09 00:41:37 [EE]     return _bootstrap._gcd_import(name[level:], package, level)
2026-03-09 00:41:37 [EE]            ^^^^^^^^^^^^^^^^^^^^^^^^^^^^^^^^^^^^^^^^^^^^^^^^^^^^
2026-03-09 00:41:37 [EE]   File "<frozen importlib._bootstrap>", line 1387, in _gcd_import
2026-03-09 00:41:37 [EE]   File "<frozen importlib._bootstrap>", line 1360, in _find_and_load
2026-03-09 00:41:37 [EE]   File "<frozen importlib._bootstrap>", line 1324, in _find_and_load_unlocked
2026-03-09 00:41:37 [EE] ModuleNotFoundError: No module named 'evennia.commands.faction_commands'
None2026-03-09 00:41:37 [EE] Error loading cmdset 'evennia.commands.faction_commands.FactionCmdSet'
2026-03-09 00:41:37 [EE] (Traceback was logged 26-03-09 00:41:37)
2026-03-09 00:41:37 [..] Linked faction typeclass Kiroshi Optics to model ID 41
2026-03-09 00:41:37 [!!] Traceback (most recent call last):
2026-03-09 00:41:37 [!!]   File "/opt/nightcity/venv/lib/python3.12/site-packages/evennia/commands/cmdsethandler.py", line 186, in import_cmdset
2026-03-09 00:41:37 [!!]     raise exc.with_traceback(tb)
2026-03-09 00:41:37 [!!]   File "/opt/nightcity/venv/lib/python3.12/site-packages/evennia/commands/cmdsethandler.py", line 181, in import_cmdset
2026-03-09 00:41:37 [!!]     module = import_module(modpath, package="evennia")
2026-03-09 00:41:37 [!!]              ^^^^^^^^^^^^^^^^^^^^^^^^^^^^^^^^^^^^^^^^^
2026-03-09 00:41:37 [!!]   File "/usr/lib/python3.12/importlib/__init__.py", line 90, in import_module
2026-03-09 00:41:37 [!!]     return _bootstrap._gcd_import(name[level:], package, level)
2026-03-09 00:41:37 [!!]            ^^^^^^^^^^^^^^^^^^^^^^^^^^^^^^^^^^^^^^^^^^^^^^^^^^^^
2026-03-09 00:41:37 [!!]   File "<frozen importlib._bootstrap>", line 1387, in _gcd_import
2026-03-09 00:41:37 [!!]   File "<frozen importlib._bootstrap>", line 1360, in _find_and_load
2026-03-09 00:41:37 [!!]   File "<frozen importlib._bootstrap>", line 1324, in _find_and_load_unlocked
2026-03-09 00:41:37 [!!] ModuleNotFoundError: No module named 'evennia.commands.faction_commands'
2026-03-09 00:41:37 [EE] (Unsuccessfully tried 'commands.faction_commands.FactionCmdSet').Traceback (most recent call last):
2026-03-09 00:41:37 [EE]   File "/opt/nightcity/venv/lib/python3.12/site-packages/evennia/commands/cmdsethandler.py", line 186, in import_cmdset
2026-03-09 00:41:37 [EE]     raise exc.with_traceback(tb)
2026-03-09 00:41:37 [EE]   File "/opt/nightcity/venv/lib/python3.12/site-packages/evennia/commands/cmdsethandler.py", line 181, in import_cmdset
2026-03-09 00:41:37 [EE]     module = import_module(modpath, package="evennia")
2026-03-09 00:41:37 [EE]              ^^^^^^^^^^^^^^^^^^^^^^^^^^^^^^^^^^^^^^^^^
2026-03-09 00:41:37 [EE]   File "/usr/lib/python3.12/importlib/__init__.py", line 90, in import_module
2026-03-09 00:41:37 [EE]     return _bootstrap._gcd_import(name[level:], package, level)
2026-03-09 00:41:37 [EE]            ^^^^^^^^^^^^^^^^^^^^^^^^^^^^^^^^^^^^^^^^^^^^^^^^^^^^
2026-03-09 00:41:37 [EE]   File "<frozen importlib._bootstrap>", line 1387, in _gcd_import
2026-03-09 00:41:37 [EE]   File "<frozen importlib._bootstrap>", line 1360, in _find_and_load
2026-03-09 00:41:37 [EE]   File "<frozen importlib._bootstrap>", line 1324, in _find_and_load_unlocked
2026-03-09 00:41:37 [EE] ModuleNotFoundError: No module named 'evennia.commands.faction_commands'
None2026-03-09 00:41:37 [EE] Error loading cmdset 'evennia.commands.faction_commands.FactionCmdSet'
2026-03-09 00:41:37 [EE] (Traceback was logged 26-03-09 00:41:37)
2026-03-09 00:41:37 [..] Linked faction typeclass Merrill, Asukaga & Finch to model ID 42
2026-03-09 00:41:37 [!!] Traceback (most recent call last):
2026-03-09 00:41:37 [!!]   File "/opt/nightcity/venv/lib/python3.12/site-packages/evennia/commands/cmdsethandler.py", line 186, in import_cmdset
2026-03-09 00:41:37 [!!]     raise exc.with_traceback(tb)
2026-03-09 00:41:37 [!!]   File "/opt/nightcity/venv/lib/python3.12/site-packages/evennia/commands/cmdsethandler.py", line 181, in import_cmdset
2026-03-09 00:41:37 [!!]     module = import_module(modpath, package="evennia")
2026-03-09 00:41:37 [!!]              ^^^^^^^^^^^^^^^^^^^^^^^^^^^^^^^^^^^^^^^^^
2026-03-09 00:41:37 [!!]   File "/usr/lib/python3.12/importlib/__init__.py", line 90, in import_module
2026-03-09 00:41:37 [!!]     return _bootstrap._gcd_import(name[level:], package, level)
2026-03-09 00:41:37 [!!]            ^^^^^^^^^^^^^^^^^^^^^^^^^^^^^^^^^^^^^^^^^^^^^^^^^^^^
2026-03-09 00:41:37 [!!]   File "<frozen importlib._bootstrap>", line 1387, in _gcd_import
2026-03-09 00:41:37 [!!]   File "<frozen importlib._bootstrap>", line 1360, in _find_and_load
2026-03-09 00:41:37 [!!]   File "<frozen importlib._bootstrap>", line 1324, in _find_and_load_unlocked
2026-03-09 00:41:37 [!!] ModuleNotFoundError: No module named 'evennia.commands.faction_commands'
2026-03-09 00:41:37 [EE] (Unsuccessfully tried 'commands.faction_commands.FactionCmdSet').Traceback (most recent call last):
2026-03-09 00:41:37 [EE]   File "/opt/nightcity/venv/lib/python3.12/site-packages/evennia/commands/cmdsethandler.py", line 186, in import_cmdset
2026-03-09 00:41:37 [EE]     raise exc.with_traceback(tb)
2026-03-09 00:41:37 [EE]   File "/opt/nightcity/venv/lib/python3.12/site-packages/evennia/commands/cmdsethandler.py", line 181, in import_cmdset
2026-03-09 00:41:37 [EE]     module = import_module(modpath, package="evennia")
2026-03-09 00:41:37 [EE]              ^^^^^^^^^^^^^^^^^^^^^^^^^^^^^^^^^^^^^^^^^
2026-03-09 00:41:37 [EE]   File "/usr/lib/python3.12/importlib/__init__.py", line 90, in import_module
2026-03-09 00:41:37 [EE]     return _bootstrap._gcd_import(name[level:], package, level)
2026-03-09 00:41:37 [EE]            ^^^^^^^^^^^^^^^^^^^^^^^^^^^^^^^^^^^^^^^^^^^^^^^^^^^^
2026-03-09 00:41:37 [EE]   File "<frozen importlib._bootstrap>", line 1387, in _gcd_import
2026-03-09 00:41:37 [EE]   File "<frozen importlib._bootstrap>", line 1360, in _find_and_load
2026-03-09 00:41:37 [EE]   File "<frozen importlib._bootstrap>", line 1324, in _find_and_load_unlocked
2026-03-09 00:41:37 [EE] ModuleNotFoundError: No module named 'evennia.commands.faction_commands'
None2026-03-09 00:41:37 [EE] Error loading cmdset 'evennia.commands.faction_commands.FactionCmdSet'
2026-03-09 00:41:37 [EE] (Traceback was logged 26-03-09 00:41:37)
2026-03-09 00:41:37 [..] Linked faction typeclass Raven Microcybernetics to model ID 43
2026-03-09 00:41:37 [!!] Traceback (most recent call last):
2026-03-09 00:41:37 [!!]   File "/opt/nightcity/venv/lib/python3.12/site-packages/evennia/commands/cmdsethandler.py", line 186, in import_cmdset
2026-03-09 00:41:37 [!!]     raise exc.with_traceback(tb)
2026-03-09 00:41:37 [!!]   File "/opt/nightcity/venv/lib/python3.12/site-packages/evennia/commands/cmdsethandler.py", line 181, in import_cmdset
2026-03-09 00:41:37 [!!]     module = import_module(modpath, package="evennia")
2026-03-09 00:41:37 [!!]              ^^^^^^^^^^^^^^^^^^^^^^^^^^^^^^^^^^^^^^^^^
2026-03-09 00:41:37 [!!]   File "/usr/lib/python3.12/importlib/__init__.py", line 90, in import_module
2026-03-09 00:41:37 [!!]     return _bootstrap._gcd_import(name[level:], package, level)
2026-03-09 00:41:37 [!!]            ^^^^^^^^^^^^^^^^^^^^^^^^^^^^^^^^^^^^^^^^^^^^^^^^^^^^
2026-03-09 00:41:37 [!!]   File "<frozen importlib._bootstrap>", line 1387, in _gcd_import
2026-03-09 00:41:37 [!!]   File "<frozen importlib._bootstrap>", line 1360, in _find_and_load
2026-03-09 00:41:37 [!!]   File "<frozen importlib._bootstrap>", line 1324, in _find_and_load_unlocked
2026-03-09 00:41:37 [!!] ModuleNotFoundError: No module named 'evennia.commands.faction_commands'
2026-03-09 00:41:37 [EE] (Unsuccessfully tried 'commands.faction_commands.FactionCmdSet').Traceback (most recent call last):
2026-03-09 00:41:37 [EE]   File "/opt/nightcity/venv/lib/python3.12/site-packages/evennia/commands/cmdsethandler.py", line 186, in import_cmdset
2026-03-09 00:41:37 [EE]     raise exc.with_traceback(tb)
2026-03-09 00:41:37 [EE]   File "/opt/nightcity/venv/lib/python3.12/site-packages/evennia/commands/cmdsethandler.py", line 181, in import_cmdset
2026-03-09 00:41:37 [EE]     module = import_module(modpath, package="evennia")
2026-03-09 00:41:37 [EE]              ^^^^^^^^^^^^^^^^^^^^^^^^^^^^^^^^^^^^^^^^^
2026-03-09 00:41:37 [EE]   File "/usr/lib/python3.12/importlib/__init__.py", line 90, in import_module
2026-03-09 00:41:37 [EE]     return _bootstrap._gcd_import(name[level:], package, level)
2026-03-09 00:41:37 [EE]            ^^^^^^^^^^^^^^^^^^^^^^^^^^^^^^^^^^^^^^^^^^^^^^^^^^^^
2026-03-09 00:41:37 [EE]   File "<frozen importlib._bootstrap>", line 1387, in _gcd_import
2026-03-09 00:41:37 [EE]   File "<frozen importlib._bootstrap>", line 1360, in _find_and_load
2026-03-09 00:41:37 [EE]   File "<frozen importlib._bootstrap>", line 1324, in _find_and_load_unlocked
2026-03-09 00:41:37 [EE] ModuleNotFoundError: No module named 'evennia.commands.faction_commands'
None2026-03-09 00:41:37 [EE] Error loading cmdset 'evennia.commands.faction_commands.FactionCmdSet'
2026-03-09 00:41:37 [EE] (Traceback was logged 26-03-09 00:41:37)
2026-03-09 00:41:37 [..] Linked faction typeclass Tornado Motors to model ID 44
2026-03-09 00:41:37 [!!] Traceback (most recent call last):
2026-03-09 00:41:37 [!!]   File "/opt/nightcity/venv/lib/python3.12/site-packages/evennia/commands/cmdsethandler.py", line 186, in import_cmdset
2026-03-09 00:41:37 [!!]     raise exc.with_traceback(tb)
2026-03-09 00:41:37 [!!]   File "/opt/nightcity/venv/lib/python3.12/site-packages/evennia/commands/cmdsethandler.py", line 181, in import_cmdset
2026-03-09 00:41:37 [!!]     module = import_module(modpath, package="evennia")
2026-03-09 00:41:37 [!!]              ^^^^^^^^^^^^^^^^^^^^^^^^^^^^^^^^^^^^^^^^^
2026-03-09 00:41:37 [!!]   File "/usr/lib/python3.12/importlib/__init__.py", line 90, in import_module
2026-03-09 00:41:37 [!!]     return _bootstrap._gcd_import(name[level:], package, level)
2026-03-09 00:41:37 [!!]            ^^^^^^^^^^^^^^^^^^^^^^^^^^^^^^^^^^^^^^^^^^^^^^^^^^^^
2026-03-09 00:41:37 [!!]   File "<frozen importlib._bootstrap>", line 1387, in _gcd_import
2026-03-09 00:41:37 [!!]   File "<frozen importlib._bootstrap>", line 1360, in _find_and_load
2026-03-09 00:41:37 [!!]   File "<frozen importlib._bootstrap>", line 1324, in _find_and_load_unlocked
2026-03-09 00:41:37 [!!] ModuleNotFoundError: No module named 'evennia.commands.faction_commands'
2026-03-09 00:41:37 [EE] (Unsuccessfully tried 'commands.faction_commands.FactionCmdSet').Traceback (most recent call last):
2026-03-09 00:41:37 [EE]   File "/opt/nightcity/venv/lib/python3.12/site-packages/evennia/commands/cmdsethandler.py", line 186, in import_cmdset
2026-03-09 00:41:37 [EE]     raise exc.with_traceback(tb)
2026-03-09 00:41:37 [EE]   File "/opt/nightcity/venv/lib/python3.12/site-packages/evennia/commands/cmdsethandler.py", line 181, in import_cmdset
2026-03-09 00:41:37 [EE]     module = import_module(modpath, package="evennia")
2026-03-09 00:41:37 [EE]              ^^^^^^^^^^^^^^^^^^^^^^^^^^^^^^^^^^^^^^^^^
2026-03-09 00:41:37 [EE]   File "/usr/lib/python3.12/importlib/__init__.py", line 90, in import_module
2026-03-09 00:41:37 [EE]     return _bootstrap._gcd_import(name[level:], package, level)
2026-03-09 00:41:37 [EE]            ^^^^^^^^^^^^^^^^^^^^^^^^^^^^^^^^^^^^^^^^^^^^^^^^^^^^
2026-03-09 00:41:37 [EE]   File "<frozen importlib._bootstrap>", line 1387, in _gcd_import
2026-03-09 00:41:37 [EE]   File "<frozen importlib._bootstrap>", line 1360, in _find_and_load
2026-03-09 00:41:37 [EE]   File "<frozen importlib._bootstrap>", line 1324, in _find_and_load_unlocked
2026-03-09 00:41:37 [EE] ModuleNotFoundError: No module named 'evennia.commands.faction_commands'
None2026-03-09 00:41:37 [EE] Error loading cmdset 'evennia.commands.faction_commands.FactionCmdSet'
2026-03-09 00:41:37 [EE] (Traceback was logged 26-03-09 00:41:37)
2026-03-09 00:41:37 [..] Linked faction typeclass WorldSat CommNet to model ID 45
2026-03-09 00:41:37 [!!] Traceback (most recent call last):
2026-03-09 00:41:37 [!!]   File "/opt/nightcity/venv/lib/python3.12/site-packages/evennia/commands/cmdsethandler.py", line 186, in import_cmdset
2026-03-09 00:41:37 [!!]     raise exc.with_traceback(tb)
2026-03-09 00:41:37 [!!]   File "/opt/nightcity/venv/lib/python3.12/site-packages/evennia/commands/cmdsethandler.py", line 181, in import_cmdset
2026-03-09 00:41:37 [!!]     module = import_module(modpath, package="evennia")
2026-03-09 00:41:37 [!!]              ^^^^^^^^^^^^^^^^^^^^^^^^^^^^^^^^^^^^^^^^^
2026-03-09 00:41:37 [!!]   File "/usr/lib/python3.12/importlib/__init__.py", line 90, in import_module
2026-03-09 00:41:37 [!!]     return _bootstrap._gcd_import(name[level:], package, level)
2026-03-09 00:41:37 [!!]            ^^^^^^^^^^^^^^^^^^^^^^^^^^^^^^^^^^^^^^^^^^^^^^^^^^^^
2026-03-09 00:41:37 [!!]   File "<frozen importlib._bootstrap>", line 1387, in _gcd_import
2026-03-09 00:41:37 [!!]   File "<frozen importlib._bootstrap>", line 1360, in _find_and_load
2026-03-09 00:41:37 [!!]   File "<frozen importlib._bootstrap>", line 1324, in _find_and_load_unlocked
2026-03-09 00:41:37 [!!] ModuleNotFoundError: No module named 'evennia.commands.faction_commands'
2026-03-09 00:41:37 [EE] (Unsuccessfully tried 'commands.faction_commands.FactionCmdSet').Traceback (most recent call last):
2026-03-09 00:41:37 [EE]   File "/opt/nightcity/venv/lib/python3.12/site-packages/evennia/commands/cmdsethandler.py", line 186, in import_cmdset
2026-03-09 00:41:37 [EE]     raise exc.with_traceback(tb)
2026-03-09 00:41:37 [EE]   File "/opt/nightcity/venv/lib/python3.12/site-packages/evennia/commands/cmdsethandler.py", line 181, in import_cmdset
2026-03-09 00:41:37 [EE]     module = import_module(modpath, package="evennia")
2026-03-09 00:41:37 [EE]              ^^^^^^^^^^^^^^^^^^^^^^^^^^^^^^^^^^^^^^^^^
2026-03-09 00:41:37 [EE]   File "/usr/lib/python3.12/importlib/__init__.py", line 90, in import_module
2026-03-09 00:41:37 [EE]     return _bootstrap._gcd_import(name[level:], package, level)
2026-03-09 00:41:37 [EE]            ^^^^^^^^^^^^^^^^^^^^^^^^^^^^^^^^^^^^^^^^^^^^^^^^^^^^
2026-03-09 00:41:37 [EE]   File "<frozen importlib._bootstrap>", line 1387, in _gcd_import
2026-03-09 00:41:37 [EE]   File "<frozen importlib._bootstrap>", line 1360, in _find_and_load
2026-03-09 00:41:37 [EE]   File "<frozen importlib._bootstrap>", line 1324, in _find_and_load_unlocked
2026-03-09 00:41:37 [EE] ModuleNotFoundError: No module named 'evennia.commands.faction_commands'
None2026-03-09 00:41:37 [EE] Error loading cmdset 'evennia.commands.faction_commands.FactionCmdSet'
2026-03-09 00:41:37 [EE] (Traceback was logged 26-03-09 00:41:37)
2026-03-09 00:41:37 [..] Linked faction typeclass Zetatech to model ID 46
2026-03-09 00:41:37 [!!] Traceback (most recent call last):
2026-03-09 00:41:37 [!!]   File "/opt/nightcity/venv/lib/python3.12/site-packages/evennia/commands/cmdsethandler.py", line 186, in import_cmdset
2026-03-09 00:41:37 [!!]     raise exc.with_traceback(tb)
2026-03-09 00:41:37 [!!]   File "/opt/nightcity/venv/lib/python3.12/site-packages/evennia/commands/cmdsethandler.py", line 181, in import_cmdset
2026-03-09 00:41:37 [!!]     module = import_module(modpath, package="evennia")
2026-03-09 00:41:37 [!!]              ^^^^^^^^^^^^^^^^^^^^^^^^^^^^^^^^^^^^^^^^^
2026-03-09 00:41:37 [!!]   File "/usr/lib/python3.12/importlib/__init__.py", line 90, in import_module
2026-03-09 00:41:37 [!!]     return _bootstrap._gcd_import(name[level:], package, level)
2026-03-09 00:41:37 [!!]            ^^^^^^^^^^^^^^^^^^^^^^^^^^^^^^^^^^^^^^^^^^^^^^^^^^^^
2026-03-09 00:41:37 [!!]   File "<frozen importlib._bootstrap>", line 1387, in _gcd_import
2026-03-09 00:41:37 [!!]   File "<frozen importlib._bootstrap>", line 1360, in _find_and_load
2026-03-09 00:41:37 [!!]   File "<frozen importlib._bootstrap>", line 1324, in _find_and_load_unlocked
2026-03-09 00:41:37 [!!] ModuleNotFoundError: No module named 'evennia.commands.faction_commands'
2026-03-09 00:41:37 [EE] (Unsuccessfully tried 'commands.faction_commands.FactionCmdSet').Traceback (most recent call last):
2026-03-09 00:41:37 [EE]   File "/opt/nightcity/venv/lib/python3.12/site-packages/evennia/commands/cmdsethandler.py", line 186, in import_cmdset
2026-03-09 00:41:37 [EE]     raise exc.with_traceback(tb)
2026-03-09 00:41:37 [EE]   File "/opt/nightcity/venv/lib/python3.12/site-packages/evennia/commands/cmdsethandler.py", line 181, in import_cmdset
2026-03-09 00:41:37 [EE]     module = import_module(modpath, package="evennia")
2026-03-09 00:41:37 [EE]              ^^^^^^^^^^^^^^^^^^^^^^^^^^^^^^^^^^^^^^^^^
2026-03-09 00:41:37 [EE]   File "/usr/lib/python3.12/importlib/__init__.py", line 90, in import_module
2026-03-09 00:41:37 [EE]     return _bootstrap._gcd_import(name[level:], package, level)
2026-03-09 00:41:37 [EE]            ^^^^^^^^^^^^^^^^^^^^^^^^^^^^^^^^^^^^^^^^^^^^^^^^^^^^
2026-03-09 00:41:37 [EE]   File "<frozen importlib._bootstrap>", line 1387, in _gcd_import
2026-03-09 00:41:37 [EE]   File "<frozen importlib._bootstrap>", line 1360, in _find_and_load
2026-03-09 00:41:37 [EE]   File "<frozen importlib._bootstrap>", line 1324, in _find_and_load_unlocked
2026-03-09 00:41:37 [EE] ModuleNotFoundError: No module named 'evennia.commands.faction_commands'
None2026-03-09 00:41:37 [EE] Error loading cmdset 'evennia.commands.faction_commands.FactionCmdSet'
2026-03-09 00:41:37 [EE] (Traceback was logged 26-03-09 00:41:37)
2026-03-09 00:41:37 [..] Linked faction typeclass Japantown Zoners to model ID 47
2026-03-09 00:41:37 [!!] Traceback (most recent call last):
2026-03-09 00:41:37 [!!]   File "/opt/nightcity/venv/lib/python3.12/site-packages/evennia/commands/cmdsethandler.py", line 186, in import_cmdset
2026-03-09 00:41:37 [!!]     raise exc.with_traceback(tb)
2026-03-09 00:41:37 [!!]   File "/opt/nightcity/venv/lib/python3.12/site-packages/evennia/commands/cmdsethandler.py", line 181, in import_cmdset
2026-03-09 00:41:37 [!!]     module = import_module(modpath, package="evennia")
2026-03-09 00:41:37 [!!]              ^^^^^^^^^^^^^^^^^^^^^^^^^^^^^^^^^^^^^^^^^
2026-03-09 00:41:37 [!!]   File "/usr/lib/python3.12/importlib/__init__.py", line 90, in import_module
2026-03-09 00:41:37 [!!]     return _bootstrap._gcd_import(name[level:], package, level)
2026-03-09 00:41:37 [!!]            ^^^^^^^^^^^^^^^^^^^^^^^^^^^^^^^^^^^^^^^^^^^^^^^^^^^^
2026-03-09 00:41:37 [!!]   File "<frozen importlib._bootstrap>", line 1387, in _gcd_import
2026-03-09 00:41:37 [!!]   File "<frozen importlib._bootstrap>", line 1360, in _find_and_load
2026-03-09 00:41:37 [!!]   File "<frozen importlib._bootstrap>", line 1324, in _find_and_load_unlocked
2026-03-09 00:41:37 [!!] ModuleNotFoundError: No module named 'evennia.commands.faction_commands'
2026-03-09 00:41:37 [EE] (Unsuccessfully tried 'commands.faction_commands.FactionCmdSet').Traceback (most recent call last):
2026-03-09 00:41:37 [EE]   File "/opt/nightcity/venv/lib/python3.12/site-packages/evennia/commands/cmdsethandler.py", line 186, in import_cmdset
2026-03-09 00:41:37 [EE]     raise exc.with_traceback(tb)
2026-03-09 00:41:37 [EE]   File "/opt/nightcity/venv/lib/python3.12/site-packages/evennia/commands/cmdsethandler.py", line 181, in import_cmdset
2026-03-09 00:41:37 [EE]     module = import_module(modpath, package="evennia")
2026-03-09 00:41:37 [EE]              ^^^^^^^^^^^^^^^^^^^^^^^^^^^^^^^^^^^^^^^^^
2026-03-09 00:41:37 [EE]   File "/usr/lib/python3.12/importlib/__init__.py", line 90, in import_module
2026-03-09 00:41:37 [EE]     return _bootstrap._gcd_import(name[level:], package, level)
2026-03-09 00:41:37 [EE]            ^^^^^^^^^^^^^^^^^^^^^^^^^^^^^^^^^^^^^^^^^^^^^^^^^^^^
2026-03-09 00:41:37 [EE]   File "<frozen importlib._bootstrap>", line 1387, in _gcd_import
2026-03-09 00:41:37 [EE]   File "<frozen importlib._bootstrap>", line 1360, in _find_and_load
2026-03-09 00:41:37 [EE]   File "<frozen importlib._bootstrap>", line 1324, in _find_and_load_unlocked
2026-03-09 00:41:37 [EE] ModuleNotFoundError: No module named 'evennia.commands.faction_commands'
None2026-03-09 00:41:37 [EE] Error loading cmdset 'evennia.commands.faction_commands.FactionCmdSet'
2026-03-09 00:41:37 [EE] (Traceback was logged 26-03-09 00:41:37)
2026-03-09 00:41:37 [..] Linked faction typeclass Little China Zoners to model ID 48
2026-03-09 00:41:37 [!!] Traceback (most recent call last):
2026-03-09 00:41:37 [!!]   File "/opt/nightcity/venv/lib/python3.12/site-packages/evennia/commands/cmdsethandler.py", line 186, in import_cmdset
2026-03-09 00:41:37 [!!]     raise exc.with_traceback(tb)
2026-03-09 00:41:37 [!!]   File "/opt/nightcity/venv/lib/python3.12/site-packages/evennia/commands/cmdsethandler.py", line 181, in import_cmdset
2026-03-09 00:41:37 [!!]     module = import_module(modpath, package="evennia")
2026-03-09 00:41:37 [!!]              ^^^^^^^^^^^^^^^^^^^^^^^^^^^^^^^^^^^^^^^^^
2026-03-09 00:41:37 [!!]   File "/usr/lib/python3.12/importlib/__init__.py", line 90, in import_module
2026-03-09 00:41:37 [!!]     return _bootstrap._gcd_import(name[level:], package, level)
2026-03-09 00:41:37 [!!]            ^^^^^^^^^^^^^^^^^^^^^^^^^^^^^^^^^^^^^^^^^^^^^^^^^^^^
2026-03-09 00:41:37 [!!]   File "<frozen importlib._bootstrap>", line 1387, in _gcd_import
2026-03-09 00:41:37 [!!]   File "<frozen importlib._bootstrap>", line 1360, in _find_and_load
2026-03-09 00:41:37 [!!]   File "<frozen importlib._bootstrap>", line 1324, in _find_and_load_unlocked
2026-03-09 00:41:37 [!!] ModuleNotFoundError: No module named 'evennia.commands.faction_commands'
2026-03-09 00:41:37 [EE] (Unsuccessfully tried 'commands.faction_commands.FactionCmdSet').Traceback (most recent call last):
2026-03-09 00:41:37 [EE]   File "/opt/nightcity/venv/lib/python3.12/site-packages/evennia/commands/cmdsethandler.py", line 186, in import_cmdset
2026-03-09 00:41:37 [EE]     raise exc.with_traceback(tb)
2026-03-09 00:41:37 [EE]   File "/opt/nightcity/venv/lib/python3.12/site-packages/evennia/commands/cmdsethandler.py", line 181, in import_cmdset
2026-03-09 00:41:37 [EE]     module = import_module(modpath, package="evennia")
2026-03-09 00:41:37 [EE]              ^^^^^^^^^^^^^^^^^^^^^^^^^^^^^^^^^^^^^^^^^
2026-03-09 00:41:37 [EE]   File "/usr/lib/python3.12/importlib/__init__.py", line 90, in import_module
2026-03-09 00:41:37 [EE]     return _bootstrap._gcd_import(name[level:], package, level)
2026-03-09 00:41:37 [EE]            ^^^^^^^^^^^^^^^^^^^^^^^^^^^^^^^^^^^^^^^^^^^^^^^^^^^^
2026-03-09 00:41:37 [EE]   File "<frozen importlib._bootstrap>", line 1387, in _gcd_import
2026-03-09 00:41:37 [EE]   File "<frozen importlib._bootstrap>", line 1360, in _find_and_load
2026-03-09 00:41:37 [EE]   File "<frozen importlib._bootstrap>", line 1324, in _find_and_load_unlocked
2026-03-09 00:41:37 [EE] ModuleNotFoundError: No module named 'evennia.commands.faction_commands'
None2026-03-09 00:41:37 [EE] Error loading cmdset 'evennia.commands.faction_commands.FactionCmdSet'
2026-03-09 00:41:37 [EE] (Traceback was logged 26-03-09 00:41:37)
2026-03-09 00:41:37 [..] Linked faction typeclass The CZ OGs to model ID 49
2026-03-09 00:41:37 [!!] Traceback (most recent call last):
2026-03-09 00:41:37 [!!]   File "/opt/nightcity/venv/lib/python3.12/site-packages/evennia/commands/cmdsethandler.py", line 186, in import_cmdset
2026-03-09 00:41:37 [!!]     raise exc.with_traceback(tb)
2026-03-09 00:41:37 [!!]   File "/opt/nightcity/venv/lib/python3.12/site-packages/evennia/commands/cmdsethandler.py", line 181, in import_cmdset
2026-03-09 00:41:37 [!!]     module = import_module(modpath, package="evennia")
2026-03-09 00:41:37 [!!]              ^^^^^^^^^^^^^^^^^^^^^^^^^^^^^^^^^^^^^^^^^
2026-03-09 00:41:37 [!!]   File "/usr/lib/python3.12/importlib/__init__.py", line 90, in import_module
2026-03-09 00:41:37 [!!]     return _bootstrap._gcd_import(name[level:], package, level)
2026-03-09 00:41:37 [!!]            ^^^^^^^^^^^^^^^^^^^^^^^^^^^^^^^^^^^^^^^^^^^^^^^^^^^^
2026-03-09 00:41:37 [!!]   File "<frozen importlib._bootstrap>", line 1387, in _gcd_import
2026-03-09 00:41:37 [!!]   File "<frozen importlib._bootstrap>", line 1360, in _find_and_load
2026-03-09 00:41:37 [!!]   File "<frozen importlib._bootstrap>", line 1324, in _find_and_load_unlocked
2026-03-09 00:41:37 [!!] ModuleNotFoundError: No module named 'evennia.commands.faction_commands'
2026-03-09 00:41:37 [EE] (Unsuccessfully tried 'commands.faction_commands.FactionCmdSet').Traceback (most recent call last):
2026-03-09 00:41:37 [EE]   File "/opt/nightcity/venv/lib/python3.12/site-packages/evennia/commands/cmdsethandler.py", line 186, in import_cmdset
2026-03-09 00:41:37 [EE]     raise exc.with_traceback(tb)
2026-03-09 00:41:37 [EE]   File "/opt/nightcity/venv/lib/python3.12/site-packages/evennia/commands/cmdsethandler.py", line 181, in import_cmdset
2026-03-09 00:41:37 [EE]     module = import_module(modpath, package="evennia")
2026-03-09 00:41:37 [EE]              ^^^^^^^^^^^^^^^^^^^^^^^^^^^^^^^^^^^^^^^^^
2026-03-09 00:41:37 [EE]   File "/usr/lib/python3.12/importlib/__init__.py", line 90, in import_module
2026-03-09 00:41:37 [EE]     return _bootstrap._gcd_import(name[level:], package, level)
2026-03-09 00:41:37 [EE]            ^^^^^^^^^^^^^^^^^^^^^^^^^^^^^^^^^^^^^^^^^^^^^^^^^^^^
2026-03-09 00:41:37 [EE]   File "<frozen importlib._bootstrap>", line 1387, in _gcd_import
2026-03-09 00:41:37 [EE]   File "<frozen importlib._bootstrap>", line 1360, in _find_and_load
2026-03-09 00:41:37 [EE]   File "<frozen importlib._bootstrap>", line 1324, in _find_and_load_unlocked
2026-03-09 00:41:37 [EE] ModuleNotFoundError: No module named 'evennia.commands.faction_commands'
None2026-03-09 00:41:37 [EE] Error loading cmdset 'evennia.commands.faction_commands.FactionCmdSet'
2026-03-09 00:41:37 [EE] (Traceback was logged 26-03-09 00:41:37)
2026-03-09 00:41:37 [..] Linked faction typeclass South NC Zoners to model ID 50
2026-03-09 00:41:37 [!!] Traceback (most recent call last):
2026-03-09 00:41:37 [!!]   File "/opt/nightcity/venv/lib/python3.12/site-packages/evennia/commands/cmdsethandler.py", line 186, in import_cmdset
2026-03-09 00:41:37 [!!]     raise exc.with_traceback(tb)
2026-03-09 00:41:37 [!!]   File "/opt/nightcity/venv/lib/python3.12/site-packages/evennia/commands/cmdsethandler.py", line 181, in import_cmdset
2026-03-09 00:41:37 [!!]     module = import_module(modpath, package="evennia")
2026-03-09 00:41:37 [!!]              ^^^^^^^^^^^^^^^^^^^^^^^^^^^^^^^^^^^^^^^^^
2026-03-09 00:41:37 [!!]   File "/usr/lib/python3.12/importlib/__init__.py", line 90, in import_module
2026-03-09 00:41:37 [!!]     return _bootstrap._gcd_import(name[level:], package, level)
2026-03-09 00:41:37 [!!]            ^^^^^^^^^^^^^^^^^^^^^^^^^^^^^^^^^^^^^^^^^^^^^^^^^^^^
2026-03-09 00:41:37 [!!]   File "<frozen importlib._bootstrap>", line 1387, in _gcd_import
2026-03-09 00:41:37 [!!]   File "<frozen importlib._bootstrap>", line 1360, in _find_and_load
2026-03-09 00:41:37 [!!]   File "<frozen importlib._bootstrap>", line 1324, in _find_and_load_unlocked
2026-03-09 00:41:37 [!!] ModuleNotFoundError: No module named 'evennia.commands.faction_commands'
2026-03-09 00:41:37 [EE] (Unsuccessfully tried 'commands.faction_commands.FactionCmdSet').Traceback (most recent call last):
2026-03-09 00:41:37 [EE]   File "/opt/nightcity/venv/lib/python3.12/site-packages/evennia/commands/cmdsethandler.py", line 186, in import_cmdset
2026-03-09 00:41:37 [EE]     raise exc.with_traceback(tb)
2026-03-09 00:41:37 [EE]   File "/opt/nightcity/venv/lib/python3.12/site-packages/evennia/commands/cmdsethandler.py", line 181, in import_cmdset
2026-03-09 00:41:37 [EE]     module = import_module(modpath, package="evennia")
2026-03-09 00:41:37 [EE]              ^^^^^^^^^^^^^^^^^^^^^^^^^^^^^^^^^^^^^^^^^
2026-03-09 00:41:37 [EE]   File "/usr/lib/python3.12/importlib/__init__.py", line 90, in import_module
2026-03-09 00:41:37 [EE]     return _bootstrap._gcd_import(name[level:], package, level)
2026-03-09 00:41:37 [EE]            ^^^^^^^^^^^^^^^^^^^^^^^^^^^^^^^^^^^^^^^^^^^^^^^^^^^^
2026-03-09 00:41:37 [EE]   File "<frozen importlib._bootstrap>", line 1387, in _gcd_import
2026-03-09 00:41:37 [EE]   File "<frozen importlib._bootstrap>", line 1360, in _find_and_load
2026-03-09 00:41:37 [EE]   File "<frozen importlib._bootstrap>", line 1324, in _find_and_load_unlocked
2026-03-09 00:41:37 [EE] ModuleNotFoundError: No module named 'evennia.commands.faction_commands'
None2026-03-09 00:41:37 [EE] Error loading cmdset 'evennia.commands.faction_commands.FactionCmdSet'
2026-03-09 00:41:37 [EE] (Traceback was logged 26-03-09 00:41:37)
2026-03-09 00:41:37 [..] Linked faction typeclass The Holy Angels Church to model ID 51
2026-03-09 00:41:37 [!!] Traceback (most recent call last):
2026-03-09 00:41:37 [!!]   File "/opt/nightcity/venv/lib/python3.12/site-packages/evennia/commands/cmdsethandler.py", line 186, in import_cmdset
2026-03-09 00:41:37 [!!]     raise exc.with_traceback(tb)
2026-03-09 00:41:37 [!!]   File "/opt/nightcity/venv/lib/python3.12/site-packages/evennia/commands/cmdsethandler.py", line 181, in import_cmdset
2026-03-09 00:41:37 [!!]     module = import_module(modpath, package="evennia")
2026-03-09 00:41:37 [!!]              ^^^^^^^^^^^^^^^^^^^^^^^^^^^^^^^^^^^^^^^^^
2026-03-09 00:41:37 [!!]   File "/usr/lib/python3.12/importlib/__init__.py", line 90, in import_module
2026-03-09 00:41:37 [!!]     return _bootstrap._gcd_import(name[level:], package, level)
2026-03-09 00:41:37 [!!]            ^^^^^^^^^^^^^^^^^^^^^^^^^^^^^^^^^^^^^^^^^^^^^^^^^^^^
2026-03-09 00:41:37 [!!]   File "<frozen importlib._bootstrap>", line 1387, in _gcd_import
2026-03-09 00:41:37 [!!]   File "<frozen importlib._bootstrap>", line 1360, in _find_and_load
2026-03-09 00:41:37 [!!]   File "<frozen importlib._bootstrap>", line 1324, in _find_and_load_unlocked
2026-03-09 00:41:37 [!!] ModuleNotFoundError: No module named 'evennia.commands.faction_commands'
2026-03-09 00:41:37 [EE] (Unsuccessfully tried 'commands.faction_commands.FactionCmdSet').Traceback (most recent call last):
2026-03-09 00:41:37 [EE]   File "/opt/nightcity/venv/lib/python3.12/site-packages/evennia/commands/cmdsethandler.py", line 186, in import_cmdset
2026-03-09 00:41:37 [EE]     raise exc.with_traceback(tb)
2026-03-09 00:41:37 [EE]   File "/opt/nightcity/venv/lib/python3.12/site-packages/evennia/commands/cmdsethandler.py", line 181, in import_cmdset
2026-03-09 00:41:37 [EE]     module = import_module(modpath, package="evennia")
2026-03-09 00:41:37 [EE]              ^^^^^^^^^^^^^^^^^^^^^^^^^^^^^^^^^^^^^^^^^
2026-03-09 00:41:37 [EE]   File "/usr/lib/python3.12/importlib/__init__.py", line 90, in import_module
2026-03-09 00:41:37 [EE]     return _bootstrap._gcd_import(name[level:], package, level)
2026-03-09 00:41:37 [EE]            ^^^^^^^^^^^^^^^^^^^^^^^^^^^^^^^^^^^^^^^^^^^^^^^^^^^^
2026-03-09 00:41:37 [EE]   File "<frozen importlib._bootstrap>", line 1387, in _gcd_import
2026-03-09 00:41:37 [EE]   File "<frozen importlib._bootstrap>", line 1360, in _find_and_load
2026-03-09 00:41:37 [EE]   File "<frozen importlib._bootstrap>", line 1324, in _find_and_load_unlocked
2026-03-09 00:41:37 [EE] ModuleNotFoundError: No module named 'evennia.commands.faction_commands'
None2026-03-09 00:41:37 [EE] Error loading cmdset 'evennia.commands.faction_commands.FactionCmdSet'
2026-03-09 00:41:37 [EE] (Traceback was logged 26-03-09 00:41:37)
2026-03-09 00:41:37 [..] Linked faction typeclass The Rubicones to model ID 52
2026-03-09 00:41:37 [!!] Traceback (most recent call last):
2026-03-09 00:41:37 [!!]   File "/opt/nightcity/venv/lib/python3.12/site-packages/evennia/commands/cmdsethandler.py", line 186, in import_cmdset
2026-03-09 00:41:37 [!!]     raise exc.with_traceback(tb)
2026-03-09 00:41:37 [!!]   File "/opt/nightcity/venv/lib/python3.12/site-packages/evennia/commands/cmdsethandler.py", line 181, in import_cmdset
2026-03-09 00:41:37 [!!]     module = import_module(modpath, package="evennia")
2026-03-09 00:41:37 [!!]              ^^^^^^^^^^^^^^^^^^^^^^^^^^^^^^^^^^^^^^^^^
2026-03-09 00:41:37 [!!]   File "/usr/lib/python3.12/importlib/__init__.py", line 90, in import_module
2026-03-09 00:41:37 [!!]     return _bootstrap._gcd_import(name[level:], package, level)
2026-03-09 00:41:37 [!!]            ^^^^^^^^^^^^^^^^^^^^^^^^^^^^^^^^^^^^^^^^^^^^^^^^^^^^
2026-03-09 00:41:37 [!!]   File "<frozen importlib._bootstrap>", line 1387, in _gcd_import
2026-03-09 00:41:37 [!!]   File "<frozen importlib._bootstrap>", line 1360, in _find_and_load
2026-03-09 00:41:37 [!!]   File "<frozen importlib._bootstrap>", line 1324, in _find_and_load_unlocked
2026-03-09 00:41:37 [!!] ModuleNotFoundError: No module named 'evennia.commands.faction_commands'
2026-03-09 00:41:37 [EE] (Unsuccessfully tried 'commands.faction_commands.FactionCmdSet').Traceback (most recent call last):
2026-03-09 00:41:37 [EE]   File "/opt/nightcity/venv/lib/python3.12/site-packages/evennia/commands/cmdsethandler.py", line 186, in import_cmdset
2026-03-09 00:41:37 [EE]     raise exc.with_traceback(tb)
2026-03-09 00:41:37 [EE]   File "/opt/nightcity/venv/lib/python3.12/site-packages/evennia/commands/cmdsethandler.py", line 181, in import_cmdset
2026-03-09 00:41:37 [EE]     module = import_module(modpath, package="evennia")
2026-03-09 00:41:37 [EE]              ^^^^^^^^^^^^^^^^^^^^^^^^^^^^^^^^^^^^^^^^^
2026-03-09 00:41:37 [EE]   File "/usr/lib/python3.12/importlib/__init__.py", line 90, in import_module
2026-03-09 00:41:37 [EE]     return _bootstrap._gcd_import(name[level:], package, level)
2026-03-09 00:41:37 [EE]            ^^^^^^^^^^^^^^^^^^^^^^^^^^^^^^^^^^^^^^^^^^^^^^^^^^^^
2026-03-09 00:41:37 [EE]   File "<frozen importlib._bootstrap>", line 1387, in _gcd_import
2026-03-09 00:41:37 [EE]   File "<frozen importlib._bootstrap>", line 1360, in _find_and_load
2026-03-09 00:41:37 [EE]   File "<frozen importlib._bootstrap>", line 1324, in _find_and_load_unlocked
2026-03-09 00:41:37 [EE] ModuleNotFoundError: No module named 'evennia.commands.faction_commands'
None2026-03-09 00:41:37 [EE] Error loading cmdset 'evennia.commands.faction_commands.FactionCmdSet'
2026-03-09 00:41:37 [EE] (Traceback was logged 26-03-09 00:41:37)
2026-03-09 00:41:37 [..] Linked faction typeclass Xerxes to model ID 53
2026-03-09 00:41:37 [!!] Traceback (most recent call last):
2026-03-09 00:41:37 [!!]   File "/opt/nightcity/venv/lib/python3.12/site-packages/evennia/commands/cmdsethandler.py", line 186, in import_cmdset
2026-03-09 00:41:37 [!!]     raise exc.with_traceback(tb)
2026-03-09 00:41:37 [!!]   File "/opt/nightcity/venv/lib/python3.12/site-packages/evennia/commands/cmdsethandler.py", line 181, in import_cmdset
2026-03-09 00:41:37 [!!]     module = import_module(modpath, package="evennia")
2026-03-09 00:41:37 [!!]              ^^^^^^^^^^^^^^^^^^^^^^^^^^^^^^^^^^^^^^^^^
2026-03-09 00:41:37 [!!]   File "/usr/lib/python3.12/importlib/__init__.py", line 90, in import_module
2026-03-09 00:41:37 [!!]     return _bootstrap._gcd_import(name[level:], package, level)
2026-03-09 00:41:37 [!!]            ^^^^^^^^^^^^^^^^^^^^^^^^^^^^^^^^^^^^^^^^^^^^^^^^^^^^
2026-03-09 00:41:37 [!!]   File "<frozen importlib._bootstrap>", line 1387, in _gcd_import
2026-03-09 00:41:37 [!!]   File "<frozen importlib._bootstrap>", line 1360, in _find_and_load
2026-03-09 00:41:37 [!!]   File "<frozen importlib._bootstrap>", line 1324, in _find_and_load_unlocked
2026-03-09 00:41:37 [!!] ModuleNotFoundError: No module named 'evennia.commands.faction_commands'
2026-03-09 00:41:37 [EE] (Unsuccessfully tried 'commands.faction_commands.FactionCmdSet').Traceback (most recent call last):
2026-03-09 00:41:37 [EE]   File "/opt/nightcity/venv/lib/python3.12/site-packages/evennia/commands/cmdsethandler.py", line 186, in import_cmdset
2026-03-09 00:41:37 [EE]     raise exc.with_traceback(tb)
2026-03-09 00:41:37 [EE]   File "/opt/nightcity/venv/lib/python3.12/site-packages/evennia/commands/cmdsethandler.py", line 181, in import_cmdset
2026-03-09 00:41:37 [EE]     module = import_module(modpath, package="evennia")
2026-03-09 00:41:37 [EE]              ^^^^^^^^^^^^^^^^^^^^^^^^^^^^^^^^^^^^^^^^^
2026-03-09 00:41:37 [EE]   File "/usr/lib/python3.12/importlib/__init__.py", line 90, in import_module
2026-03-09 00:41:37 [EE]     return _bootstrap._gcd_import(name[level:], package, level)
2026-03-09 00:41:37 [EE]            ^^^^^^^^^^^^^^^^^^^^^^^^^^^^^^^^^^^^^^^^^^^^^^^^^^^^
2026-03-09 00:41:37 [EE]   File "<frozen importlib._bootstrap>", line 1387, in _gcd_import
2026-03-09 00:41:37 [EE]   File "<frozen importlib._bootstrap>", line 1360, in _find_and_load
2026-03-09 00:41:37 [EE]   File "<frozen importlib._bootstrap>", line 1324, in _find_and_load_unlocked
2026-03-09 00:41:37 [EE] ModuleNotFoundError: No module named 'evennia.commands.faction_commands'
None2026-03-09 00:41:37 [EE] Error loading cmdset 'evennia.commands.faction_commands.FactionCmdSet'
2026-03-09 00:41:37 [EE] (Traceback was logged 26-03-09 00:41:37)
2026-03-09 00:41:37 [..] Linked faction typeclass Maz Despair to model ID 54
2026-03-09 00:48:35 [WW] Warning: Idmapper flush called more than once in 5.0 min interval. Check memory usage.
2026-03-09 00:48:57 [..] Server disconnected from the portal.
2026-03-09 00:48:57 [..] Main loop terminated.
2026-03-09 00:48:57 [!!] Failed to unlink PID file:
	Traceback (most recent call last):
	  File "/opt/nightcity/venv/lib/python3.12/site-packages/twisted/scripts/_twistd_unix.py", line 282, in removePID
	    os.unlink(pidfile)
	builtins.FileNotFoundError: [Errno 2] No such file or directory: '/opt/nightcity/game/server/server.pid'
	
2026-03-09 00:48:57 [..] Server Shut Down.
2026-03-09 00:49:00 [..] Loaded.
2026-03-09 00:48:58 [..] Loading /opt/nightcity/venv/lib/python3.12/site-packages/evennia/server/server.py...
2026-03-09 00:49:00 [..] Loaded.
2026-03-09 00:49:00 [..] twistd 24.11.0 (/opt/nightcity/venv/bin/python3 3.12.3) starting up.
2026-03-09 00:49:00 [..] reactor class: twisted.internet.epollreactor.EPollReactor.
2026-03-09 00:49:01 [..] Webserver starting on 4002
2026-03-09 00:49:01 [..] Server successfully reloaded.
2026-03-09 00:57:10 [WW] ip_from_request: No valid IP address found in request. Using remote_addr.
2026-03-09 00:58:01 [WW] Warning: Idmapper flush called more than once in 5.0 min interval. Check memory usage.
2026-03-09 00:59:39 [..] Server disconnected from the portal.
2026-03-09 00:59:39 [..] Main loop terminated.
2026-03-09 00:59:39 [!!] Failed to unlink PID file:
	Traceback (most recent call last):
	  File "/opt/nightcity/venv/lib/python3.12/site-packages/twisted/scripts/_twistd_unix.py", line 282, in removePID
	    os.unlink(pidfile)
	builtins.FileNotFoundError: [Errno 2] No such file or directory: '/opt/nightcity/game/server/server.pid'
	
2026-03-09 00:59:39 [..] Server Shut Down.
2026-03-09 00:59:44 [..] Loaded.
2026-03-09 00:59:40 [..] Loading /opt/nightcity/venv/lib/python3.12/site-packages/evennia/server/server.py...
2026-03-09 00:59:44 [..] Loaded.
2026-03-09 00:59:44 [..] twistd 24.11.0 (/opt/nightcity/venv/bin/python3 3.12.3) starting up.
2026-03-09 00:59:44 [..] reactor class: twisted.internet.epollreactor.EPollReactor.
2026-03-09 00:59:44 [..] Webserver starting on 4002
2026-03-09 00:59:44 [..] Server successfully reloaded.
2026-03-09 00:59:59 [..] Created faction channel: Arasaka (aliases: ['Arasaka', 'ara'])
2026-03-09 00:59:59 [..] Created faction channel: Militech (aliases: ['Militech', 'mil'])
2026-03-09 00:59:59 [..] Created faction channel: Biotechnica (aliases: ['Biotechnica', 'bio'])
2026-03-09 00:59:59 [..] Created faction channel: Continental Brands (aliases: ['con'])
2026-03-09 00:59:59 [..] Created faction channel: Danger Gal (aliases: ['dan'])
2026-03-09 00:59:59 [..] Created faction channel: Network 54 (aliases: ['net'])
2026-03-09 00:59:59 [..] Created faction channel: Petrochem (aliases: ['Petrochem', 'pet'])
2026-03-09 00:59:59 [..] Created faction channel: Rocklin Augmentics (aliases: ['roc'])
2026-03-09 00:59:59 [..] Created faction channel: SovOil (aliases: ['SovOil', 'sov'])
2026-03-09 00:59:59 [..] Created faction channel: Trauma Team (aliases: ['tra'])
2026-03-09 00:59:59 [..] Created faction channel: Ziggurat (aliases: ['Ziggurat', 'zig'])
2026-03-09 01:00:00 [..] Created faction channel: Zhirafa Technical Manufacturing (aliases: ['zhi'])
2026-03-09 01:00:00 [..] Created faction channel: Aldecaldos (aliases: ['Aldecaldos', 'ald'])
2026-03-09 01:00:00 [..] Created faction channel: Snake Nation (aliases: ['sna'])
2026-03-09 01:00:00 [..] Created faction channel: Wraiths (aliases: ['Wraiths', 'wra'])
2026-03-09 01:00:00 [..] Created faction channel: Bakkers (aliases: ['Bakkers', 'bak'])
2026-03-09 01:00:00 [..] Created faction channel: Jodes (aliases: ['Jodes', 'jod'])
2026-03-09 01:00:00 [..] Created faction channel: MetaCorp (aliases: ['MetaCorp', 'met'])
2026-03-09 01:00:00 [..] Created faction channel: 6th Street (aliases: ['6th'])
2026-03-09 01:00:00 [..] Created faction channel: Bozos (aliases: ['the'])
2026-03-09 01:00:00 [..] Created faction channel: Inquisitors (aliases: ['Inquisitors', 'inq'])
2026-03-09 01:00:00 [..] Created faction channel: Iron Sights (aliases: ['iro'])
2026-03-09 01:00:00 [..] Created faction channel: Maelstrom (aliases: ['Maelstrom', 'mae'])
2026-03-09 01:00:00 [..] Created faction channel: Philharmonic Vampyres (aliases: ['phi'])
2026-03-09 01:00:00 [..] Created faction channel: Piranhas (aliases: ['Piranhas', 'pir'])
2026-03-09 01:00:00 [..] Created faction channel: Prime-Time Players (aliases: ['pri'])
2026-03-09 01:00:00 [..] Created faction channel: Reckoners (aliases: ['Reckoners', 'rec'])
2026-03-09 01:00:00 [..] Created faction channel: Red Chrome Legion (aliases: ['red'])
2026-03-09 01:00:00 [..] Created faction channel: Scavvers (aliases: ['Scavvers', 'sca'])
2026-03-09 01:00:00 [..] Created faction channel: Steel Vaqueros (aliases: ['ste'])
2026-03-09 01:00:00 [..] Created faction channel: Tyger Claws (aliases: ['tyg'])
2026-03-09 01:00:00 [..] Created faction channel: Voodoo Boys (aliases: ['voo'])
2026-03-09 01:00:01 [..] Created faction channel: NCPD (aliases: ['NCPD', 'ncp'])
2026-03-09 01:00:01 [..] Created faction channel: Night City Medical Center (aliases: ['nig'])
2026-03-09 01:00:01 [..] Created faction channel: Cambrian Reclaimers (aliases: ['cam'])
2026-03-09 01:00:01 [..] Created faction channel: Los Osos Reclaimers (aliases: ['los'])
2026-03-09 01:00:01 [..] Created faction channel: Atascadero Reclaimers (aliases: ['ata'])
2026-03-09 01:00:01 [..] Created faction channel: Constitution Arms (aliases: ['con'])
2026-03-09 01:00:01 [..] Created faction channel: GunMart (aliases: ['GunMart', 'gun'])
2026-03-09 01:00:01 [..] Created faction channel: Kendachi Arms (aliases: ['ken'])
2026-03-09 01:00:01 [..] Created faction channel: Kiroshi Optics (aliases: ['kir'])
2026-03-09 01:00:01 [..] Created faction channel: Merrill, Asukaga & Finch (aliases: ['mer'])
2026-03-09 01:00:01 [..] Created faction channel: Raven Microcybernetics (aliases: ['rav'])
2026-03-09 01:00:01 [..] Created faction channel: Tornado Motors (aliases: ['tor'])
2026-03-09 01:00:01 [..] Created faction channel: WorldSat CommNet (aliases: ['wor'])
2026-03-09 01:00:01 [..] Created faction channel: Zetatech (aliases: ['Zetatech', 'zet'])
2026-03-09 01:00:01 [..] Created faction channel: Japantown Zoners (aliases: ['jap'])
2026-03-09 01:00:01 [..] Created faction channel: Little China Zoners (aliases: ['lit'])
2026-03-09 01:00:01 [..] Created faction channel: CZ OGs (aliases: ['the'])
2026-03-09 01:00:01 [..] Created faction channel: South NC Zoners (aliases: ['sou'])
2026-03-09 01:00:01 [..] Created faction channel: Holy Angels Church (aliases: ['the'])
2026-03-09 01:00:01 [..] Created faction channel: Rubicones (aliases: ['the'])
2026-03-09 01:00:01 [..] Created faction channel: Xerxes (aliases: ['Xerxes', 'xer'])
2026-03-09 01:00:02 [..] Created faction channel: Maz Despair (aliases: ['maz'])
2026-03-09 01:09:33 [..] Starting calculate_humanity_loss in CharacterSheet
2026-03-09 01:09:33 [..] Total cyberware humanity loss: 16, trauma: 0
2026-03-09 01:09:33 [..] New calculated humanity: 54
2026-03-09 01:09:33 [..] About to recalculate derived stats
2026-03-09 01:09:33 [..] Derived stats recalculated
2026-03-09 01:09:33 [..] CharacterSheet saved
2026-03-09 01:13:03 [!!] Traceback (most recent call last):
2026-03-09 01:13:03 [!!]   File "/opt/nightcity/venv/lib/python3.12/site-packages/evennia/commands/cmdhandler.py", line 629, in _run_command
2026-03-09 01:13:03 [!!]     ret = cmd.func()
2026-03-09 01:13:03 [!!]           ^^^^^^^^^^
2026-03-09 01:13:03 [!!]   File "/opt/nightcity/game/commands/character_commands.py", line 602, in func
2026-03-09 01:13:03 [!!]     if "gain" in self.switches:
2026-03-09 01:13:03 [!!]                  ^^^^^^^^^^^^^
2026-03-09 01:13:03 [!!] AttributeError: 'CmdLuck' object has no attribute 'switches'
2026-03-09 01:13:03 [EE] User input was: 'luck
2026-03-09 01:13:03 [EE] '.
2026-03-09 04:46:37 [WW] ip_from_request: No valid IP address found in request. Using remote_addr.
2026-03-09 08:17:57 [WW] ip_from_request: No valid IP address found in request. Using remote_addr.
2026-03-09 11:36:55 [WW] ip_from_request: No valid IP address found in request. Using remote_addr.
2026-03-09 16:44:58 [WW] ip_from_request: No valid IP address found in request. Using remote_addr.
2026-03-09 22:24:56 [..] Server disconnected from the portal.
2026-03-09 22:24:56 [..] Main loop terminated.
2026-03-09 22:24:56 [!!] Failed to unlink PID file:
	Traceback (most recent call last):
	  File "/opt/nightcity/venv/lib/python3.12/site-packages/twisted/scripts/_twistd_unix.py", line 282, in removePID
	    os.unlink(pidfile)
	builtins.FileNotFoundError: [Errno 2] No such file or directory: '/opt/nightcity/game/server/server.pid'
	
2026-03-09 22:24:56 [..] Server Shut Down.
2026-03-09 22:25:02 [..] Loaded.
2026-03-09 22:24:56 [..] Loading /opt/nightcity/venv/lib/python3.12/site-packages/evennia/server/server.py...
2026-03-09 22:25:02 [..] Loaded.
2026-03-09 22:25:02 [..] twistd 24.11.0 (/opt/nightcity/venv/bin/python3 3.12.3) starting up.
2026-03-09 22:25:02 [..] reactor class: twisted.internet.epollreactor.EPollReactor.
2026-03-09 22:25:03 [..] Webserver starting on 4002
2026-03-09 22:25:03 [..] Server successfully reloaded.
2026-03-09 22:25:09 [..] Starting calculate_humanity_loss in CharacterSheet
2026-03-09 22:25:09 [..] Total cyberware humanity loss: 16, trauma: 0
2026-03-09 22:25:09 [..] New calculated humanity: 54
2026-03-09 22:25:09 [..] About to recalculate derived stats
2026-03-09 22:25:09 [..] Derived stats recalculated
2026-03-09 22:25:09 [..] CharacterSheet saved
2026-03-09 22:33:37 [..] Server disconnected from the portal.
2026-03-09 22:33:37 [..] Main loop terminated.
2026-03-09 22:33:37 [!!] Failed to unlink PID file:
	Traceback (most recent call last):
	  File "/opt/nightcity/venv/lib/python3.12/site-packages/twisted/scripts/_twistd_unix.py", line 282, in removePID
	    os.unlink(pidfile)
	builtins.FileNotFoundError: [Errno 2] No such file or directory: '/opt/nightcity/game/server/server.pid'
	
2026-03-09 22:33:37 [..] Server Shut Down.
2026-03-09 22:33:43 [..] Loaded.
2026-03-09 22:33:38 [..] Loading /opt/nightcity/venv/lib/python3.12/site-packages/evennia/server/server.py...
2026-03-09 22:33:43 [..] Loaded.
2026-03-09 22:33:43 [..] twistd 24.11.0 (/opt/nightcity/venv/bin/python3 3.12.3) starting up.
2026-03-09 22:33:43 [..] reactor class: twisted.internet.epollreactor.EPollReactor.
2026-03-09 22:33:43 [..] Webserver starting on 4002
2026-03-09 22:33:43 [..] Server successfully reloaded.
2026-03-09 22:34:31 [EE] Mission command error: no such table: mission_board_mission
2026-03-09 22:38:42 [EE] Mission command error: no such table: mission_board_mission
2026-03-09 22:40:42 [..] Server disconnected from the portal.
2026-03-09 22:40:42 [..] Main loop terminated.
2026-03-09 22:40:42 [!!] Failed to unlink PID file:
	Traceback (most recent call last):
	  File "/opt/nightcity/venv/lib/python3.12/site-packages/twisted/scripts/_twistd_unix.py", line 282, in removePID
	    os.unlink(pidfile)
	builtins.FileNotFoundError: [Errno 2] No such file or directory: '/opt/nightcity/game/server/server.pid'
	
2026-03-09 22:40:42 [..] Server Shut Down.
2026-03-09 22:40:46 [..] Loaded.
2026-03-09 22:40:43 [..] Loading /opt/nightcity/venv/lib/python3.12/site-packages/evennia/server/server.py...
2026-03-09 22:40:46 [..] Loaded.
2026-03-09 22:40:46 [..] twistd 24.11.0 (/opt/nightcity/venv/bin/python3 3.12.3) starting up.
2026-03-09 22:40:46 [..] reactor class: twisted.internet.epollreactor.EPollReactor.
2026-03-09 22:40:46 [..] Webserver starting on 4002
2026-03-09 22:40:47 [..] Server successfully reloaded.
2026-03-09 22:40:48 [EE] Mission command error: no such table: mission_board_mission
2026-03-09 22:44:11 [..] Server disconnected from the portal.
2026-03-09 22:44:11 [..] Main loop terminated.
2026-03-09 22:44:11 [!!] Failed to unlink PID file:
	Traceback (most recent call last):
	  File "/opt/nightcity/venv/lib/python3.12/site-packages/twisted/scripts/_twistd_unix.py", line 282, in removePID
	    os.unlink(pidfile)
	builtins.FileNotFoundError: [Errno 2] No such file or directory: '/opt/nightcity/game/server/server.pid'
	
2026-03-09 22:44:11 [..] Server Shut Down.
2026-03-09 22:44:17 [..] Loaded.
2026-03-09 22:44:12 [..] Loading /opt/nightcity/venv/lib/python3.12/site-packages/evennia/server/server.py...
2026-03-09 22:44:17 [..] Loaded.
2026-03-09 22:44:17 [..] twistd 24.11.0 (/opt/nightcity/venv/bin/python3 3.12.3) starting up.
2026-03-09 22:44:17 [..] reactor class: twisted.internet.epollreactor.EPollReactor.
2026-03-09 22:44:18 [..] Webserver starting on 4002
2026-03-09 22:44:18 [..] Server successfully reloaded.
2026-03-09 22:45:14 [..] Server disconnected from the portal.
2026-03-09 22:45:14 [..] Main loop terminated.
2026-03-09 22:45:14 [!!] Failed to unlink PID file:
	Traceback (most recent call last):
	  File "/opt/nightcity/venv/lib/python3.12/site-packages/twisted/scripts/_twistd_unix.py", line 282, in removePID
	    os.unlink(pidfile)
	builtins.FileNotFoundError: [Errno 2] No such file or directory: '/opt/nightcity/game/server/server.pid'
	
2026-03-09 22:45:14 [..] Server Shut Down.
2026-03-09 22:45:20 [..] Loaded.
2026-03-09 22:45:15 [..] Loading /opt/nightcity/venv/lib/python3.12/site-packages/evennia/server/server.py...
2026-03-09 22:45:20 [..] Loaded.
2026-03-09 22:45:20 [..] twistd 24.11.0 (/opt/nightcity/venv/bin/python3 3.12.3) starting up.
2026-03-09 22:45:20 [..] reactor class: twisted.internet.epollreactor.EPollReactor.
2026-03-09 22:45:20 [..] Webserver starting on 4002
2026-03-09 22:45:20 [..] Server successfully reloaded.
2026-03-09 22:54:20 [WW] Warning: Idmapper flush called more than once in 5.0 min interval. Check memory usage.
2026-03-10 00:11:15 [WW] ip_from_request: No valid IP address found in request. Using remote_addr.
2026-03-10 06:06:18 [..] Server disconnected from the portal.
2026-03-10 06:06:18 [..] Main loop terminated.
2026-03-10 06:06:18 [!!] Failed to unlink PID file:
	Traceback (most recent call last):
	  File "/opt/nightcity/venv/lib/python3.12/site-packages/twisted/scripts/_twistd_unix.py", line 282, in removePID
	    os.unlink(pidfile)
	builtins.FileNotFoundError: [Errno 2] No such file or directory: '/opt/nightcity/game/server/server.pid'
	
2026-03-10 06:06:18 [..] Server Shut Down.
2026-03-10 06:06:23 [..] Loaded.
2026-03-10 06:06:19 [..] Loading /opt/nightcity/venv/lib/python3.12/site-packages/evennia/server/server.py...
2026-03-10 06:06:23 [..] Loaded.
2026-03-10 06:06:23 [..] twistd 24.11.0 (/opt/nightcity/venv/bin/python3 3.12.3) starting up.
2026-03-10 06:06:23 [..] reactor class: twisted.internet.epollreactor.EPollReactor.
2026-03-10 06:06:23 [..] Webserver starting on 4002
2026-03-10 06:06:23 [..] Server successfully reloaded.
2026-03-10 06:15:23 [WW] Warning: Idmapper flush called more than once in 5.0 min interval. Check memory usage.
2026-03-10 06:18:21 [..] Server disconnected from the portal.
2026-03-10 06:18:21 [..] Main loop terminated.
2026-03-10 06:18:21 [!!] Failed to unlink PID file:
	Traceback (most recent call last):
	  File "/opt/nightcity/venv/lib/python3.12/site-packages/twisted/scripts/_twistd_unix.py", line 282, in removePID
	    os.unlink(pidfile)
	builtins.FileNotFoundError: [Errno 2] No such file or directory: '/opt/nightcity/game/server/server.pid'
	
2026-03-10 06:18:21 [..] Server Shut Down.
2026-03-10 06:18:25 [..] Loaded.
2026-03-10 06:18:22 [..] Loading /opt/nightcity/venv/lib/python3.12/site-packages/evennia/server/server.py...
2026-03-10 06:18:25 [..] Loaded.
2026-03-10 06:18:25 [..] twistd 24.11.0 (/opt/nightcity/venv/bin/python3 3.12.3) starting up.
2026-03-10 06:18:25 [..] reactor class: twisted.internet.epollreactor.EPollReactor.
2026-03-10 06:18:25 [..] Webserver starting on 4002
2026-03-10 06:18:25 [..] Server successfully reloaded.
2026-03-10 06:18:25 [!!] Traceback (most recent call last):
2026-03-10 06:18:25 [!!]   File "/opt/nightcity/venv/lib/python3.12/site-packages/evennia/commands/cmdsethandler.py", line 186, in import_cmdset
2026-03-10 06:18:25 [!!]     raise exc.with_traceback(tb)
2026-03-10 06:18:25 [!!]   File "/opt/nightcity/venv/lib/python3.12/site-packages/evennia/commands/cmdsethandler.py", line 181, in import_cmdset
2026-03-10 06:18:25 [!!]     module = import_module(modpath, package="evennia")
2026-03-10 06:18:25 [!!]              ^^^^^^^^^^^^^^^^^^^^^^^^^^^^^^^^^^^^^^^^^
2026-03-10 06:18:25 [!!]   File "/usr/lib/python3.12/importlib/__init__.py", line 90, in import_module
2026-03-10 06:18:25 [!!]     return _bootstrap._gcd_import(name[level:], package, level)
2026-03-10 06:18:25 [!!]            ^^^^^^^^^^^^^^^^^^^^^^^^^^^^^^^^^^^^^^^^^^^^^^^^^^^^
2026-03-10 06:18:25 [!!]   File "<frozen importlib._bootstrap>", line 1387, in _gcd_import
2026-03-10 06:18:25 [!!]   File "<frozen importlib._bootstrap>", line 1360, in _find_and_load
2026-03-10 06:18:25 [!!]   File "<frozen importlib._bootstrap>", line 1331, in _find_and_load_unlocked
2026-03-10 06:18:25 [!!]   File "<frozen importlib._bootstrap>", line 935, in _load_unlocked
2026-03-10 06:18:25 [!!]   File "<frozen importlib._bootstrap_external>", line 995, in exec_module
2026-03-10 06:18:25 [!!]   File "<frozen importlib._bootstrap>", line 488, in _call_with_frames_removed
2026-03-10 06:18:25 [!!]   File "/opt/nightcity/game/commands/default_cmdsets.py", line 26, in <module>
2026-03-10 06:18:25 [!!]     from .mystery_commands import (
2026-03-10 06:18:25 [!!]   File "/opt/nightcity/game/commands/mystery_commands.py", line 17, in <module>
2026-03-10 06:18:25 [!!]     from world.utils.character_utils import is_character_approved
2026-03-10 06:18:25 [!!] ImportError: cannot import name 'is_character_approved' from 'world.utils.character_utils' (/opt/nightcity/game/world/utils/character_utils.py)
2026-03-10 06:18:25 [EE] Traceback (most recent call last):
2026-03-10 06:18:25 [EE]   File "/opt/nightcity/venv/lib/python3.12/site-packages/evennia/commands/cmdsethandler.py", line 186, in import_cmdset
2026-03-10 06:18:25 [EE]     raise exc.with_traceback(tb)
2026-03-10 06:18:25 [EE]   File "/opt/nightcity/venv/lib/python3.12/site-packages/evennia/commands/cmdsethandler.py", line 181, in import_cmdset
2026-03-10 06:18:25 [EE]     module = import_module(modpath, package="evennia")
2026-03-10 06:18:25 [EE]              ^^^^^^^^^^^^^^^^^^^^^^^^^^^^^^^^^^^^^^^^^
2026-03-10 06:18:25 [EE]   File "/usr/lib/python3.12/importlib/__init__.py", line 90, in import_module
2026-03-10 06:18:25 [EE]     return _bootstrap._gcd_import(name[level:], package, level)
2026-03-10 06:18:25 [EE]            ^^^^^^^^^^^^^^^^^^^^^^^^^^^^^^^^^^^^^^^^^^^^^^^^^^^^
2026-03-10 06:18:25 [EE]   File "<frozen importlib._bootstrap>", line 1387, in _gcd_import
2026-03-10 06:18:25 [EE]   File "<frozen importlib._bootstrap>", line 1360, in _find_and_load
2026-03-10 06:18:25 [EE]   File "<frozen importlib._bootstrap>", line 1331, in _find_and_load_unlocked
2026-03-10 06:18:25 [EE]   File "<frozen importlib._bootstrap>", line 935, in _load_unlocked
2026-03-10 06:18:25 [EE]   File "<frozen importlib._bootstrap_external>", line 995, in exec_module
2026-03-10 06:18:25 [EE]   File "<frozen importlib._bootstrap>", line 488, in _call_with_frames_removed
2026-03-10 06:18:25 [EE]   File "/opt/nightcity/game/commands/default_cmdsets.py", line 26, in <module>
2026-03-10 06:18:25 [EE]     from .mystery_commands import (
2026-03-10 06:18:25 [EE]   File "/opt/nightcity/game/commands/mystery_commands.py", line 17, in <module>
2026-03-10 06:18:25 [EE]     from world.utils.character_utils import is_character_approved
2026-03-10 06:18:25 [EE] ImportError: cannot import name 'is_character_approved' from 'world.utils.character_utils' (/opt/nightcity/game/world/utils/character_utils.py)
None2026-03-10 06:18:25 [EE] Error loading cmdset 'commands.default_cmdsets.SessionCmdSet'
2026-03-10 06:18:25 [EE] (Traceback was logged 26-03-10 06:18:25)
None2026-03-10 06:18:25 [EE] Error encountered for cmdset at path 'commands.default_cmdsets.SessionCmdSet'.
2026-03-10 06:18:25 [EE] Replacing with fallback 'evennia.commands.default.cmdset_session.SessionCmdSet'.
2026-03-10 06:18:25 [!!] Traceback (most recent call last):
2026-03-10 06:18:25 [!!]   File "/opt/nightcity/venv/lib/python3.12/site-packages/evennia/commands/cmdsethandler.py", line 186, in import_cmdset
2026-03-10 06:18:25 [!!]     raise exc.with_traceback(tb)
2026-03-10 06:18:25 [!!]   File "/opt/nightcity/venv/lib/python3.12/site-packages/evennia/commands/cmdsethandler.py", line 181, in import_cmdset
2026-03-10 06:18:25 [!!]     module = import_module(modpath, package="evennia")
2026-03-10 06:18:25 [!!]              ^^^^^^^^^^^^^^^^^^^^^^^^^^^^^^^^^^^^^^^^^
2026-03-10 06:18:25 [!!]   File "/usr/lib/python3.12/importlib/__init__.py", line 90, in import_module
2026-03-10 06:18:25 [!!]     return _bootstrap._gcd_import(name[level:], package, level)
2026-03-10 06:18:25 [!!]            ^^^^^^^^^^^^^^^^^^^^^^^^^^^^^^^^^^^^^^^^^^^^^^^^^^^^
2026-03-10 06:18:25 [!!]   File "<frozen importlib._bootstrap>", line 1387, in _gcd_import
2026-03-10 06:18:25 [!!]   File "<frozen importlib._bootstrap>", line 1360, in _find_and_load
2026-03-10 06:18:25 [!!]   File "<frozen importlib._bootstrap>", line 1331, in _find_and_load_unlocked
2026-03-10 06:18:25 [!!]   File "<frozen importlib._bootstrap>", line 935, in _load_unlocked
2026-03-10 06:18:25 [!!]   File "<frozen importlib._bootstrap_external>", line 995, in exec_module
2026-03-10 06:18:25 [!!]   File "<frozen importlib._bootstrap>", line 488, in _call_with_frames_removed
2026-03-10 06:18:25 [!!]   File "/opt/nightcity/game/commands/default_cmdsets.py", line 26, in <module>
2026-03-10 06:18:25 [!!]     from .mystery_commands import (
2026-03-10 06:18:25 [!!]   File "/opt/nightcity/game/commands/mystery_commands.py", line 17, in <module>
2026-03-10 06:18:25 [!!]     from world.utils.character_utils import is_character_approved
2026-03-10 06:18:25 [!!] ImportError: cannot import name 'is_character_approved' from 'world.utils.character_utils' (/opt/nightcity/game/world/utils/character_utils.py)
2026-03-10 06:18:25 [EE] Traceback (most recent call last):
2026-03-10 06:18:25 [EE]   File "/opt/nightcity/venv/lib/python3.12/site-packages/evennia/commands/cmdsethandler.py", line 186, in import_cmdset
2026-03-10 06:18:25 [EE]     raise exc.with_traceback(tb)
2026-03-10 06:18:25 [EE]   File "/opt/nightcity/venv/lib/python3.12/site-packages/evennia/commands/cmdsethandler.py", line 181, in import_cmdset
2026-03-10 06:18:25 [EE]     module = import_module(modpath, package="evennia")
2026-03-10 06:18:25 [EE]              ^^^^^^^^^^^^^^^^^^^^^^^^^^^^^^^^^^^^^^^^^
2026-03-10 06:18:25 [EE]   File "/usr/lib/python3.12/importlib/__init__.py", line 90, in import_module
2026-03-10 06:18:25 [EE]     return _bootstrap._gcd_import(name[level:], package, level)
2026-03-10 06:18:25 [EE]            ^^^^^^^^^^^^^^^^^^^^^^^^^^^^^^^^^^^^^^^^^^^^^^^^^^^^
2026-03-10 06:18:25 [EE]   File "<frozen importlib._bootstrap>", line 1387, in _gcd_import
2026-03-10 06:18:25 [EE]   File "<frozen importlib._bootstrap>", line 1360, in _find_and_load
2026-03-10 06:18:25 [EE]   File "<frozen importlib._bootstrap>", line 1331, in _find_and_load_unlocked
2026-03-10 06:18:25 [EE]   File "<frozen importlib._bootstrap>", line 935, in _load_unlocked
2026-03-10 06:18:25 [EE]   File "<frozen importlib._bootstrap_external>", line 995, in exec_module
2026-03-10 06:18:25 [EE]   File "<frozen importlib._bootstrap>", line 488, in _call_with_frames_removed
2026-03-10 06:18:25 [EE]   File "/opt/nightcity/game/commands/default_cmdsets.py", line 26, in <module>
2026-03-10 06:18:25 [EE]     from .mystery_commands import (
2026-03-10 06:18:25 [EE]   File "/opt/nightcity/game/commands/mystery_commands.py", line 17, in <module>
2026-03-10 06:18:25 [EE]     from world.utils.character_utils import is_character_approved
2026-03-10 06:18:25 [EE] ImportError: cannot import name 'is_character_approved' from 'world.utils.character_utils' (/opt/nightcity/game/world/utils/character_utils.py)
None2026-03-10 06:18:25 [EE] Error loading cmdset 'commands.default_cmdsets.SessionCmdSet'
2026-03-10 06:18:25 [EE] (Traceback was logged 26-03-10 06:18:25)
None2026-03-10 06:18:25 [EE] Error encountered for cmdset at path 'commands.default_cmdsets.SessionCmdSet'.
2026-03-10 06:18:25 [EE] Replacing with fallback 'evennia.commands.default.cmdset_session.SessionCmdSet'.
2026-03-10 06:19:55 [..] Server disconnected from the portal.
2026-03-10 06:19:55 [..] Main loop terminated.
2026-03-10 06:19:55 [!!] Failed to unlink PID file:
	Traceback (most recent call last):
	  File "/opt/nightcity/venv/lib/python3.12/site-packages/twisted/scripts/_twistd_unix.py", line 282, in removePID
	    os.unlink(pidfile)
	builtins.FileNotFoundError: [Errno 2] No such file or directory: '/opt/nightcity/game/server/server.pid'
	
2026-03-10 06:19:55 [..] Server Shut Down.
2026-03-10 06:19:59 [..] Loaded.
2026-03-10 06:19:56 [..] Loading /opt/nightcity/venv/lib/python3.12/site-packages/evennia/server/server.py...
2026-03-10 06:19:59 [..] Loaded.
2026-03-10 06:19:59 [..] twistd 24.11.0 (/opt/nightcity/venv/bin/python3 3.12.3) starting up.
2026-03-10 06:19:59 [..] reactor class: twisted.internet.epollreactor.EPollReactor.
2026-03-10 06:19:59 [..] Webserver starting on 4002
2026-03-10 06:19:59 [..] Server successfully reloaded.
2026-03-10 06:20:02 [!!] Traceback (most recent call last):
2026-03-10 06:20:02 [!!]   File "/opt/nightcity/venv/lib/python3.12/site-packages/evennia/commands/cmdhandler.py", line 629, in _run_command
2026-03-10 06:20:02 [!!]     ret = cmd.func()
2026-03-10 06:20:02 [!!]           ^^^^^^^^^^
2026-03-10 06:20:02 [!!]   File "/opt/nightcity/game/commands/CmdWho.py", line 81, in func
2026-03-10 06:20:02 [!!]     is_staff = account.check_permstring("builders", "admin", "staff", "developer")  # Check if viewer is staff
2026-03-10 06:20:02 [!!]                ^^^^^^^^^^^^^^^^^^^^^^^^^^^^^^^^^^^^^^^^^^^^^^^^^^^^^^^^^^^^^^^^^^^
2026-03-10 06:20:02 [!!] TypeError: TypedObject.check_permstring() takes 2 positional arguments but 5 were given
2026-03-10 06:20:02 [EE] User input was: 'WHO
2026-03-10 06:20:02 [EE] '.
2026-03-10 06:21:37 [..] Server disconnected from the portal.
2026-03-10 06:21:37 [..] Main loop terminated.
2026-03-10 06:21:37 [!!] Failed to unlink PID file:
	Traceback (most recent call last):
	  File "/opt/nightcity/venv/lib/python3.12/site-packages/twisted/scripts/_twistd_unix.py", line 282, in removePID
	    os.unlink(pidfile)
	builtins.FileNotFoundError: [Errno 2] No such file or directory: '/opt/nightcity/game/server/server.pid'
	
2026-03-10 06:21:37 [..] Server Shut Down.
2026-03-10 06:21:40 [..] Loaded.
2026-03-10 06:21:38 [..] Loading /opt/nightcity/venv/lib/python3.12/site-packages/evennia/server/server.py...
2026-03-10 06:21:40 [..] Loaded.
2026-03-10 06:21:40 [..] twistd 24.11.0 (/opt/nightcity/venv/bin/python3 3.12.3) starting up.
2026-03-10 06:21:40 [..] reactor class: twisted.internet.epollreactor.EPollReactor.
2026-03-10 06:21:41 [..] Webserver starting on 4002
2026-03-10 06:21:41 [..] Server successfully reloaded.
2026-03-10 06:23:08 [WW] ip_from_request: No valid IP address found in request. Using remote_addr.
2026-03-10 06:26:28 [..] Server disconnected from the portal.
2026-03-10 06:26:28 [..] Main loop terminated.
2026-03-10 06:26:28 [!!] Failed to unlink PID file:
	Traceback (most recent call last):
	  File "/opt/nightcity/venv/lib/python3.12/site-packages/twisted/scripts/_twistd_unix.py", line 282, in removePID
	    os.unlink(pidfile)
	builtins.FileNotFoundError: [Errno 2] No such file or directory: '/opt/nightcity/game/server/server.pid'
	
2026-03-10 06:26:28 [..] Server Shut Down.
2026-03-10 06:26:32 [..] Loaded.
2026-03-10 06:26:29 [..] Loading /opt/nightcity/venv/lib/python3.12/site-packages/evennia/server/server.py...
2026-03-10 06:26:32 [..] Loaded.
2026-03-10 06:26:32 [..] twistd 24.11.0 (/opt/nightcity/venv/bin/python3 3.12.3) starting up.
2026-03-10 06:26:32 [..] reactor class: twisted.internet.epollreactor.EPollReactor.
2026-03-10 06:26:32 [..] Webserver starting on 4002
2026-03-10 06:26:32 [..] Server successfully reloaded.
2026-03-10 06:26:34 [!!] Traceback (most recent call last):
2026-03-10 06:26:34 [!!]   File "/opt/nightcity/venv/lib/python3.12/site-packages/evennia/commands/cmdsethandler.py", line 209, in import_cmdset
2026-03-10 06:26:34 [!!]     cmdsetclass = cmdsetclass(cmdsetobj)
2026-03-10 06:26:34 [!!]                   ^^^^^^^^^^^^^^^^^^^^^^
2026-03-10 06:26:34 [!!]   File "/opt/nightcity/venv/lib/python3.12/site-packages/evennia/commands/cmdset.py", line 225, in __init__
2026-03-10 06:26:34 [!!]     self.at_cmdset_creation()
2026-03-10 06:26:34 [!!]   File "/opt/nightcity/game/commands/default_cmdsets.py", line 246, in at_cmdset_creation
2026-03-10 06:26:34 [!!]     self.add(CmdRegenerateHustles())
2026-03-10 06:26:34 [!!]              ^^^^^^^^^^^^^^^^^^^^
2026-03-10 06:26:34 [!!] NameError: name 'CmdRegenerateHustles' is not defined. Did you mean: 'CmdResetHustles'?
2026-03-10 06:26:34 [EE] Traceback (most recent call last):
2026-03-10 06:26:34 [EE]   File "/opt/nightcity/venv/lib/python3.12/site-packages/evennia/commands/cmdsethandler.py", line 209, in import_cmdset
2026-03-10 06:26:34 [EE]     cmdsetclass = cmdsetclass(cmdsetobj)
2026-03-10 06:26:34 [EE]                   ^^^^^^^^^^^^^^^^^^^^^^
2026-03-10 06:26:34 [EE]   File "/opt/nightcity/venv/lib/python3.12/site-packages/evennia/commands/cmdset.py", line 225, in __init__
2026-03-10 06:26:34 [EE]     self.at_cmdset_creation()
2026-03-10 06:26:34 [EE]   File "/opt/nightcity/game/commands/default_cmdsets.py", line 246, in at_cmdset_creation
2026-03-10 06:26:34 [EE]     self.add(CmdRegenerateHustles())
2026-03-10 06:26:34 [EE]              ^^^^^^^^^^^^^^^^^^^^
2026-03-10 06:26:34 [EE] NameError: name 'CmdRegenerateHustles' is not defined. Did you mean: 'CmdResetHustles'?
None2026-03-10 06:26:34 [EE] Compile/Run error when loading cmdset 'commands.default_cmdsets.AccountCmdSet'.
2026-03-10 06:26:34 [EE] (Traceback was logged 26-03-10 06:26:34)
None2026-03-10 06:26:34 [EE] Error encountered for cmdset at path 'commands.default_cmdsets.AccountCmdSet'.
2026-03-10 06:26:34 [EE] Replacing with fallback 'evennia.commands.default.cmdset_account.AccountCmdSet'.
2026-03-10 06:27:58 [..] Server disconnected from the portal.
2026-03-10 06:27:58 [..] Main loop terminated.
2026-03-10 06:27:58 [!!] Failed to unlink PID file:
	Traceback (most recent call last):
	  File "/opt/nightcity/venv/lib/python3.12/site-packages/twisted/scripts/_twistd_unix.py", line 282, in removePID
	    os.unlink(pidfile)
	builtins.FileNotFoundError: [Errno 2] No such file or directory: '/opt/nightcity/game/server/server.pid'
	
2026-03-10 06:27:58 [..] Server Shut Down.
2026-03-10 06:28:05 [..] Loaded.
2026-03-10 06:27:59 [..] Loading /opt/nightcity/venv/lib/python3.12/site-packages/evennia/server/server.py...
2026-03-10 06:28:05 [..] Loaded.
2026-03-10 06:28:05 [..] twistd 24.11.0 (/opt/nightcity/venv/bin/python3 3.12.3) starting up.
2026-03-10 06:28:05 [..] reactor class: twisted.internet.epollreactor.EPollReactor.
2026-03-10 06:28:05 [..] Webserver starting on 4002
2026-03-10 06:28:05 [..] Server successfully reloaded.
2026-03-10 06:33:16 [..] Server disconnected from the portal.
2026-03-10 06:33:16 [..] Main loop terminated.
2026-03-10 06:33:16 [!!] Failed to unlink PID file:
	Traceback (most recent call last):
	  File "/opt/nightcity/venv/lib/python3.12/site-packages/twisted/scripts/_twistd_unix.py", line 282, in removePID
	    os.unlink(pidfile)
	builtins.FileNotFoundError: [Errno 2] No such file or directory: '/opt/nightcity/game/server/server.pid'
	
2026-03-10 06:33:16 [..] Server Shut Down.
2026-03-10 06:33:22 [..] Loaded.
2026-03-10 06:33:18 [..] Loading /opt/nightcity/venv/lib/python3.12/site-packages/evennia/server/server.py...
2026-03-10 06:33:22 [..] Loaded.
2026-03-10 06:33:22 [..] twistd 24.11.0 (/opt/nightcity/venv/bin/python3 3.12.3) starting up.
2026-03-10 06:33:22 [..] reactor class: twisted.internet.epollreactor.EPollReactor.
2026-03-10 06:33:23 [..] Webserver starting on 4002
2026-03-10 06:33:23 [..] Server successfully reloaded.
2026-03-10 06:35:00 [..] Server disconnected from the portal.
2026-03-10 06:35:00 [..] Main loop terminated.
2026-03-10 06:35:00 [!!] Failed to unlink PID file:
	Traceback (most recent call last):
	  File "/opt/nightcity/venv/lib/python3.12/site-packages/twisted/scripts/_twistd_unix.py", line 282, in removePID
	    os.unlink(pidfile)
	builtins.FileNotFoundError: [Errno 2] No such file or directory: '/opt/nightcity/game/server/server.pid'
	
2026-03-10 06:35:00 [..] Server Shut Down.
2026-03-10 06:35:07 [..] Loaded.
2026-03-10 06:35:02 [..] Loading /opt/nightcity/venv/lib/python3.12/site-packages/evennia/server/server.py...
2026-03-10 06:35:07 [..] Loaded.
2026-03-10 06:35:07 [..] twistd 24.11.0 (/opt/nightcity/venv/bin/python3 3.12.3) starting up.
2026-03-10 06:35:07 [..] reactor class: twisted.internet.epollreactor.EPollReactor.
2026-03-10 06:35:07 [..] Webserver starting on 4002
2026-03-10 06:35:08 [..] Server successfully reloaded.
2026-03-10 06:35:23 [..] Server disconnected from the portal.
2026-03-10 06:35:23 [..] Main loop terminated.
2026-03-10 06:35:23 [!!] Failed to unlink PID file:
	Traceback (most recent call last):
	  File "/opt/nightcity/venv/lib/python3.12/site-packages/twisted/scripts/_twistd_unix.py", line 282, in removePID
	    os.unlink(pidfile)
	builtins.FileNotFoundError: [Errno 2] No such file or directory: '/opt/nightcity/game/server/server.pid'
	
2026-03-10 06:35:23 [..] Server Shut Down.
2026-03-10 06:35:36 [..] Loaded.
2026-03-10 06:35:33 [..] Loading /opt/nightcity/venv/lib/python3.12/site-packages/evennia/server/server.py...
2026-03-10 06:35:36 [..] Loaded.
2026-03-10 06:35:36 [..] twistd 24.11.0 (/opt/nightcity/venv/bin/python3 3.12.3) starting up.
2026-03-10 06:35:36 [..] reactor class: twisted.internet.epollreactor.EPollReactor.
2026-03-10 06:35:37 [..] Webserver starting on 4002
2026-03-10 06:35:37 [..] Evennia Server successfully started.
2026-03-10 06:35:42 [SS] Authentication Success: Soma(account 4) (IP: 76.105.8.183).
2026-03-10 06:35:42 [..] Logged in: Soma(account 4) 76.105.8.183 (1 session(s) total)
2026-03-10 06:35:42 [..] at_post_puppet called for Soma
2026-03-10 06:35:42 [..] About to call display_login_notifications for Soma
2026-03-10 06:35:42 [..] About to display login notifications for Soma
2026-03-10 06:35:42 [..] Finished display_login_notifications for Soma
2026-03-10 06:35:45 [SS] Puppet Success: (Caller: Soma(account 4), Target: Soma, IP: 76.105.8.183).
2026-03-10 06:36:05 [..] Server disconnected from the portal.
2026-03-10 06:36:05 [..] Main loop terminated.
2026-03-10 06:36:05 [..] Server Shut Down.
2026-03-10 06:36:09 [..] Loaded.
2026-03-10 06:36:06 [..] Loading /opt/nightcity/venv/lib/python3.12/site-packages/evennia/server/server.py...
2026-03-10 06:36:09 [..] Loaded.
2026-03-10 06:36:09 [..] twistd 24.11.0 (/opt/nightcity/venv/bin/python3 3.12.3) starting up.
2026-03-10 06:36:09 [..] reactor class: twisted.internet.epollreactor.EPollReactor.
2026-03-10 06:36:09 [..] Webserver starting on 4002
2026-03-10 06:36:09 [..] Server successfully reloaded.
2026-03-10 06:36:41 [..] Starting calculate_humanity_loss in CharacterSheet
2026-03-10 06:36:41 [..] Total cyberware humanity loss: 16, trauma: 0
2026-03-10 06:36:41 [..] New calculated humanity: 54
2026-03-10 06:36:41 [..] About to recalculate derived stats
2026-03-10 06:36:41 [..] Derived stats recalculated
2026-03-10 06:36:41 [..] CharacterSheet saved
2026-03-10 06:36:49 [..] Received SIGTERM, shutting down.
2026-03-10 06:36:49 [..] Server disconnected from the portal.
2026-03-10 06:36:49 [..] Main loop terminated.
2026-03-10 06:36:49 [..] Server Shut Down.
2026-03-10 06:37:19 [..] Loaded.
2026-03-10 06:37:16 [..] Loading /opt/nightcity/venv/lib/python3.12/site-packages/evennia/server/server.py...
2026-03-10 06:37:19 [..] Loaded.
2026-03-10 06:37:19 [..] twistd 24.11.0 (/opt/nightcity/venv/bin/python3 3.12.3) starting up.
2026-03-10 06:37:19 [..] reactor class: twisted.internet.epollreactor.EPollReactor.
2026-03-10 06:37:19 [..] Webserver starting on 4002
2026-03-10 06:37:20 [..] Evennia Server successfully started.
2026-03-10 06:37:25 [SS] Authentication Success: Soma(account 4) (IP: 76.105.8.183).
2026-03-10 06:37:25 [..] Logged in: Soma(account 4) 76.105.8.183 (1 session(s) total)
2026-03-10 06:37:25 [..] at_post_puppet called for Soma
2026-03-10 06:37:25 [..] About to call display_login_notifications for Soma
2026-03-10 06:37:25 [..] About to display login notifications for Soma
2026-03-10 06:37:25 [..] Finished display_login_notifications for Soma
2026-03-10 06:38:10 [..] Starting calculate_humanity_loss in CharacterSheet
2026-03-10 06:38:10 [..] Total cyberware humanity loss: 16, trauma: 0
2026-03-10 06:38:10 [..] New calculated humanity: 54
2026-03-10 06:38:10 [..] About to recalculate derived stats
2026-03-10 06:38:10 [..] Derived stats recalculated
2026-03-10 06:38:10 [..] CharacterSheet saved
2026-03-10 06:46:20 [WW] Warning: Idmapper flush called more than once in 5.0 min interval. Check memory usage.
2026-03-10 13:08:46 [SS] Authentication Success: Mnemosyne(account 2) (IP: 23.240.246.195).
2026-03-10 13:08:46 [..] Logged in: Mnemosyne(account 2) 23.240.246.195 (1 session(s) total)
2026-03-10 13:08:46 [..] at_post_puppet called for Mnemosyne
2026-03-10 13:08:46 [..] About to call display_login_notifications for Mnemosyne
2026-03-10 13:08:46 [..] About to display login notifications for Mnemosyne
2026-03-10 13:08:46 [..] Finished display_login_notifications for Mnemosyne
2026-03-10 13:08:56 [SS] Puppet Success: (Caller: Mnemosyne(account 2), Target: Mnemosyne, IP: 23.240.246.195).
2026-03-10 13:09:08 [SS] Puppet Success: (Caller: Mnemosyne(account 2), Target: Mnemosyne, IP: 23.240.246.195).
2026-03-10 13:58:44 [SS] Authentication Success: Mnemosyne(account 2) (IP: 24.43.130.218).
2026-03-10 13:58:44 [..] Logged out: Mnemosyne(account 2) 23.240.246.195 (1 sessions(s) remaining) (Logged in from elsewhere. Disconnecting.)
2026-03-10 13:58:44 [..] Logged in: Mnemosyne(account 2) 24.43.130.218 (1 session(s) total)
2026-03-10 13:58:44 [..] at_post_puppet called for Mnemosyne
2026-03-10 13:58:44 [..] About to call display_login_notifications for Mnemosyne
2026-03-10 13:58:44 [..] About to display login notifications for Mnemosyne
2026-03-10 13:58:44 [..] Finished display_login_notifications for Mnemosyne
2026-03-10 16:22:40 [..] Server disconnected from the portal.
2026-03-10 16:22:40 [..] Main loop terminated.
2026-03-10 16:22:40 [!!] Failed to unlink PID file:
	Traceback (most recent call last):
	  File "/opt/nightcity/venv/lib/python3.12/site-packages/twisted/scripts/_twistd_unix.py", line 282, in removePID
	    os.unlink(pidfile)
	builtins.FileNotFoundError: [Errno 2] No such file or directory: '/opt/nightcity/game/server/server.pid'
	
2026-03-10 16:22:40 [..] Server Shut Down.
2026-03-10 16:22:46 [..] Loaded.
2026-03-10 16:22:42 [..] Loading /opt/nightcity/venv/lib/python3.12/site-packages/evennia/server/server.py...
2026-03-10 16:22:46 [..] Loaded.
2026-03-10 16:22:46 [..] twistd 24.11.0 (/opt/nightcity/venv/bin/python3 3.12.3) starting up.
2026-03-10 16:22:46 [..] reactor class: twisted.internet.epollreactor.EPollReactor.
2026-03-10 16:22:46 [..] Webserver starting on 4002
2026-03-10 16:22:47 [..] Server successfully reloaded.
2026-03-10 16:35:30 [..] Server disconnected from the portal.
2026-03-10 16:35:30 [..] Main loop terminated.
2026-03-10 16:35:30 [!!] Failed to unlink PID file:
	Traceback (most recent call last):
	  File "/opt/nightcity/venv/lib/python3.12/site-packages/twisted/scripts/_twistd_unix.py", line 282, in removePID
	    os.unlink(pidfile)
	builtins.FileNotFoundError: [Errno 2] No such file or directory: '/opt/nightcity/game/server/server.pid'
	
2026-03-10 16:35:30 [..] Server Shut Down.
2026-03-10 16:35:34 [..] Loaded.
2026-03-10 16:35:31 [..] Loading /opt/nightcity/venv/lib/python3.12/site-packages/evennia/server/server.py...
2026-03-10 16:35:34 [..] Loaded.
2026-03-10 16:35:35 [..] twistd 24.11.0 (/opt/nightcity/venv/bin/python3 3.12.3) starting up.
2026-03-10 16:35:35 [..] reactor class: twisted.internet.epollreactor.EPollReactor.
2026-03-10 16:35:35 [..] Webserver starting on 4002
2026-03-10 16:35:36 [..] Server successfully reloaded.
2026-03-10 16:44:36 [WW] Warning: Idmapper flush called more than once in 5.0 min interval. Check memory usage.
2026-03-10 18:34:16 [..] Server disconnected from the portal.
2026-03-10 18:34:16 [..] Main loop terminated.
2026-03-10 18:34:16 [!!] Failed to unlink PID file:
	Traceback (most recent call last):
	  File "/opt/nightcity/venv/lib/python3.12/site-packages/twisted/scripts/_twistd_unix.py", line 282, in removePID
	    os.unlink(pidfile)
	builtins.FileNotFoundError: [Errno 2] No such file or directory: '/opt/nightcity/game/server/server.pid'
	
2026-03-10 18:34:16 [..] Server Shut Down.
2026-03-10 18:34:23 [..] Loaded.
2026-03-10 18:34:17 [..] Loading /opt/nightcity/venv/lib/python3.12/site-packages/evennia/server/server.py...
2026-03-10 18:34:23 [..] Loaded.
2026-03-10 18:34:23 [..] twistd 24.11.0 (/opt/nightcity/venv/bin/python3 3.12.3) starting up.
2026-03-10 18:34:23 [..] reactor class: twisted.internet.epollreactor.EPollReactor.
2026-03-10 18:34:28 [..] Webserver starting on 4002
2026-03-10 18:34:28 [..] Attempting to reconnect to Portal ...
2026-03-10 18:34:30 [..] Attempting to reconnect to Portal ...
2026-03-10 18:34:32 [..] Attempting to reconnect to Portal ...
2026-03-10 18:34:35 [..] Attempting to reconnect to Portal ...
2026-03-10 18:34:40 [..] Attempting to reconnect to Portal ...
2026-03-10 18:34:47 [..] Attempting to reconnect to Portal ...
2026-03-10 18:34:56 [..] Attempting to reconnect to Portal ...
2026-03-10 18:35:05 [..] Attempting to reconnect to Portal ...
2026-03-10 18:35:16 [..] Attempting to reconnect to Portal ...
2026-03-10 18:35:28 [..] Attempting to reconnect to Portal ...
2026-03-10 18:35:39 [..] Attempting to reconnect to Portal ...
2026-03-10 18:35:51 [..] Attempting to reconnect to Portal ...
2026-03-10 18:36:03 [..] Server disconnected from the portal.
2026-03-10 18:36:04 [..] Attempting to reconnect to Portal ...
2026-03-10 18:36:06 [..] Attempting to reconnect to Portal ...
2026-03-10 18:36:09 [..] Attempting to reconnect to Portal ...
2026-03-10 18:36:13 [..] Attempting to reconnect to Portal ...
2026-03-10 18:36:19 [..] Attempting to reconnect to Portal ...
2026-03-10 18:36:28 [..] Attempting to reconnect to Portal ...
2026-03-10 18:36:37 [..] Attempting to reconnect to Portal ...
2026-03-10 18:36:48 [..] Evennia Server successfully started.
2026-03-10 18:37:48 [..] Ran unpuppet-hooks for 2 link-dead puppets.
2026-03-10 18:38:06 [..] Server disconnected from the portal.
2026-03-10 18:38:07 [..] Main loop terminated.
2026-03-10 18:38:07 [!!] Failed to unlink PID file:
	Traceback (most recent call last):
	  File "/opt/nightcity/venv/lib/python3.12/site-packages/twisted/scripts/_twistd_unix.py", line 282, in removePID
	    os.unlink(pidfile)
	builtins.FileNotFoundError: [Errno 2] No such file or directory: '/opt/nightcity/game/server/server.pid'
	
2026-03-10 18:38:07 [..] Server Shut Down.
most recent call last):
2026-03-10 18:36:48 [EE]   File "/opt/nightcity/venv/lib/python3.12/site-packages/twisted/internet/tcp.py", line 1358, in startListening
2026-03-10 18:36:48 [EE]     skt.bind(addr)
2026-03-10 18:36:48 [EE] OSError: [Errno 98] Address already in use
None2026-03-10 18:36:48 [EE] During handling of the above exception, another exception occurred:
None2026-03-10 18:36:48 [EE] Traceback (most recent call last):
2026-03-10 18:36:48 [EE]   File "/opt/nightcity/venv/bin/twistd", line 8, in <module>
2026-03-10 18:36:48 [EE]     sys.exit(run())
2026-03-10 18:36:48 [EE]              ^^^^^
2026-03-10 18:36:48 [EE]   File "/opt/nightcity/venv/lib/python3.12/site-packages/twisted/scripts/twistd.py", line 35, in run
2026-03-10 18:36:48 [EE]     app.run(runApp, ServerOptions)
2026-03-10 18:36:48 [EE]   File "/opt/nightcity/venv/lib/python3.12/site-packages/twisted/application/app.py", line 673, in run
2026-03-10 18:36:48 [EE]     runApp(config)
2026-03-10 18:36:48 [EE]   File "/opt/nightcity/venv/lib/python3.12/site-packages/twisted/scripts/twistd.py", line 29, in runApp
2026-03-10 18:36:48 [EE]     runner.run()
2026-03-10 18:36:48 [EE]   File "/opt/nightcity/venv/lib/python3.12/site-packages/twisted/application/app.py", line 374, in run
2026-03-10 18:36:48 [EE]     self.postApplication()
2026-03-10 18:36:48 [EE]   File "/opt/nightcity/venv/lib/python3.12/site-packages/twisted/scripts/_twistd_unix.py", line 254, in postApplication
2026-03-10 18:36:48 [EE]     self.startApplication(self.application)
2026-03-10 18:36:48 [EE]   File "/opt/nightcity/venv/lib/python3.12/site-packages/twisted/scripts/_twistd_unix.py", line 444, in startApplication
2026-03-10 18:36:48 [EE]     service.IService(application).privilegedStartService()
2026-03-10 18:36:48 [EE]   File "/opt/nightcity/venv/lib/python3.12/site-packages/twisted/application/service.py", line 271, in privilegedStartService
2026-03-10 18:36:48 [EE]     service.privilegedStartService()
2026-03-10 18:36:48 [EE]   File "/opt/nightcity/venv/lib/python3.12/site-packages/evennia/server/service.py", line 186, in privilegedStartService
2026-03-10 18:36:48 [EE]     super().privilegedStartService()
2026-03-10 18:36:48 [EE]   File "/opt/nightcity/venv/lib/python3.12/site-packages/twisted/application/service.py", line 271, in privilegedStartService
2026-03-10 18:36:48 [EE]     service.privilegedStartService()
2026-03-10 18:36:48 [EE]   File "/opt/nightcity/venv/lib/python3.12/site-packages/twisted/application/internet.py", line 92, in privilegedStartService
2026-03-10 18:36:48 [EE]     self._port = self._getPort()
2026-03-10 18:36:48 [EE]                  ^^^^^^^^^^^^^^^
2026-03-10 18:36:48 [EE]   File "/opt/nightcity/venv/lib/python3.12/site-packages/twisted/application/internet.py", line 116, in _getPort
2026-03-10 18:36:48 [EE]     return getattr(
2026-03-10 18:36:48 [EE]            ^^^^^^^^
2026-03-10 18:36:48 [EE]   File "/opt/nightcity/venv/lib/python3.12/site-packages/twisted/internet/posixbase.py", line 366, in listenTCP
2026-03-10 18:36:48 [EE]     p.startListening()
2026-03-10 18:36:48 [EE]   File "/opt/nightcity/venv/lib/python3.12/site-packages/twisted/internet/tcp.py", line 1360, in startListening
2026-03-10 18:36:48 [EE]     raise CannotListenError(self.interface, self.port, le)
2026-03-10 18:36:48 [EE] twisted.internet.error.CannotListenError: Couldn't listen on 127.0.0.1:4002: [Errno 98] Address already in use.
2026-03-10 18:38:29 [..] Loaded.
2026-03-10 18:38:25 [..] Loading /opt/nightcity/venv/lib/python3.12/site-packages/evennia/server/server.py...
2026-03-10 18:38:29 [..] Loaded.
2026-03-10 18:38:29 [..] twistd 24.11.0 (/opt/nightcity/venv/bin/python3 3.12.3) starting up.
2026-03-10 18:38:29 [..] reactor class: twisted.internet.epollreactor.EPollReactor.
2026-03-10 18:38:29 [..] Webserver starting on 4002
2026-03-10 18:38:30 [..] Evennia Server successfully started.
2026-03-10 18:39:23 [..] Server disconnected from the portal.
2026-03-10 18:39:23 [..] Main loop terminated.
2026-03-10 18:39:23 [..] Server Shut Down.
2026-03-10 18:39:32 [..] Loaded.
2026-03-10 18:39:25 [..] Loading /opt/nightcity/venv/lib/python3.12/site-packages/evennia/server/server.py...
2026-03-10 18:39:32 [..] Loaded.
2026-03-10 18:39:32 [..] twistd 24.11.0 (/opt/nightcity/venv/bin/python3 3.12.3) starting up.
2026-03-10 18:39:32 [..] reactor class: twisted.internet.epollreactor.EPollReactor.
2026-03-10 18:39:35 [..] Webserver starting on 4002
2026-03-10 18:39:35 [..] Attempting to reconnect to Portal ...
2026-03-10 18:39:36 [..] Received SIGTERM, shutting down.
2026-03-10 18:39:36 [..] Main loop terminated.
2026-03-10 18:39:36 [..] Server Shut Down.
2026-03-10 18:42:41 [..] Loaded.
2026-03-10 18:42:37 [..] Loading /opt/nightcity/venv/lib/python3.12/site-packages/evennia/server/server.py...
2026-03-10 18:42:41 [..] Loaded.
2026-03-10 18:42:41 [..] twistd 24.11.0 (/opt/nightcity/venv/bin/python3 3.12.3) starting up.
2026-03-10 18:42:41 [..] reactor class: twisted.internet.epollreactor.EPollReactor.
2026-03-10 18:42:41 [..] Webserver starting on 4002
2026-03-10 18:42:41 [..] Evennia Server successfully started.
2026-03-10 18:44:00 [SS] Authentication Success: Soma(account 4) (IP: 76.105.8.183).
2026-03-10 18:44:00 [..] Logged in: Soma(account 4) 76.105.8.183 (1 session(s) total)
2026-03-10 18:44:00 [..] at_post_puppet called for Soma
2026-03-10 18:44:00 [..] About to call display_login_notifications for Soma
2026-03-10 18:44:00 [..] About to display login notifications for Soma
2026-03-10 18:44:00 [..] Finished display_login_notifications for Soma
2026-03-10 18:44:03 [SS] Puppet Success: (Caller: Soma(account 4), Target: Soma, IP: 76.105.8.183).
2026-03-10 18:44:37 [..] Server disconnected from the portal.
2026-03-10 18:44:37 [..] Main loop terminated.
2026-03-10 18:44:37 [..] Server Shut Down.
2026-03-10 18:44:41 [..] Loaded.
2026-03-10 18:44:38 [..] Loading /opt/nightcity/venv/lib/python3.12/site-packages/evennia/server/server.py...
2026-03-10 18:44:41 [..] Loaded.
2026-03-10 18:44:41 [..] twistd 24.11.0 (/opt/nightcity/venv/bin/python3 3.12.3) starting up.
2026-03-10 18:44:41 [..] reactor class: twisted.internet.epollreactor.EPollReactor.
2026-03-10 18:44:41 [..] Webserver starting on 4002
2026-03-10 18:44:41 [..] Server successfully reloaded.
2026-03-10 18:53:41 [WW] Warning: Idmapper flush called more than once in 5.0 min interval. Check memory usage.
2026-03-10 20:23:00 [..] Server disconnected from the portal.
2026-03-10 20:23:00 [..] Main loop terminated.
2026-03-10 20:23:00 [..] Server Shut Down.
2026-03-10 20:23:04 [..] Loaded.
2026-03-10 20:23:01 [..] Loading /opt/nightcity/venv/lib/python3.12/site-packages/evennia/server/server.py...
2026-03-10 20:23:04 [..] Loaded.
2026-03-10 20:23:04 [..] twistd 24.11.0 (/opt/nightcity/venv/bin/python3 3.12.3) starting up.
2026-03-10 20:23:04 [..] reactor class: twisted.internet.epollreactor.EPollReactor.
2026-03-10 20:23:04 [..] Webserver starting on 4002
2026-03-10 20:23:04 [..] Server successfully reloaded.
2026-03-10 20:24:04 [..] Adding language: Hausa, level: 4
2026-03-10 20:24:04 [..] Added language Hausa at level 4
2026-03-10 20:28:40 [..] Server disconnected from the portal.
2026-03-10 20:28:40 [..] Main loop terminated.
2026-03-10 20:28:40 [..] Server Shut Down.
2026-03-10 20:28:44 [..] Loaded.
2026-03-10 20:28:41 [..] Loading /opt/nightcity/venv/lib/python3.12/site-packages/evennia/server/server.py...
2026-03-10 20:28:44 [..] Loaded.
2026-03-10 20:28:44 [..] twistd 24.11.0 (/opt/nightcity/venv/bin/python3 3.12.3) starting up.
2026-03-10 20:28:44 [..] reactor class: twisted.internet.epollreactor.EPollReactor.
2026-03-10 20:28:44 [..] Webserver starting on 4002
2026-03-10 20:28:44 [..] Server successfully reloaded.
2026-03-10 20:37:44 [WW] Warning: Idmapper flush called more than once in 5.0 min interval. Check memory usage.
2026-03-10 21:06:14 [SS] Authentication Success: Mnemosyne(account 2) (IP: 24.43.130.218).
2026-03-10 21:06:14 [..] Logged in: Mnemosyne(account 2) 24.43.130.218 (1 session(s) total)
2026-03-10 21:06:14 [..] at_post_puppet called for Mnemosyne
2026-03-10 21:06:14 [..] About to call display_login_notifications for Mnemosyne
2026-03-10 21:06:14 [..] About to display login notifications for Mnemosyne
2026-03-10 21:06:14 [..] Finished display_login_notifications for Mnemosyne
2026-03-10 21:46:55 [WW] ip_from_request: No valid IP address found in request. Using remote_addr.
2026-03-10 21:46:55 [EE] Not Found: /sources/1/edit
2026-03-10 23:45:08 [WW] ip_from_request: No valid IP address found in request. Using remote_addr.
2026-03-10 23:45:08 [EE] Forbidden (CSRF cookie not set.): /
2026-03-10 23:45:08 [WW] ip_from_request: No valid IP address found in request. Using remote_addr.
2026-03-10 23:45:08 [EE] Not Found: /_next
2026-03-10 23:45:09 [WW] ip_from_request: No valid IP address found in request. Using remote_addr.
2026-03-10 23:45:09 [EE] Not Found: /api
2026-03-10 23:45:09 [WW] ip_from_request: No valid IP address found in request. Using remote_addr.
2026-03-10 23:45:09 [EE] Not Found: /_next/server
2026-03-10 23:45:10 [WW] ip_from_request: No valid IP address found in request. Using remote_addr.
2026-03-10 23:45:10 [EE] Not Found: /app
2026-03-10 23:45:10 [WW] ip_from_request: No valid IP address found in request. Using remote_addr.
2026-03-10 23:45:10 [EE] Not Found: /api/route
2026-03-11 00:00:44 [SS] Authentication Success: Mnemosyne(account 2) (IP: 23.240.246.195).
2026-03-11 00:00:44 [..] Logged out: Mnemosyne(account 2) 24.43.130.218 (1 sessions(s) remaining) (Logged in from elsewhere. Disconnecting.)
2026-03-11 00:00:44 [..] Logged in: Mnemosyne(account 2) 23.240.246.195 (1 session(s) total)
2026-03-11 00:00:44 [..] at_post_puppet called for Mnemosyne
2026-03-11 00:00:44 [..] About to call display_login_notifications for Mnemosyne
2026-03-11 00:00:44 [..] About to display login notifications for Mnemosyne
2026-03-11 00:00:44 [..] Finished display_login_notifications for Mnemosyne
2026-03-11 00:51:53 [WW] ip_from_request: No valid IP address found in request. Using remote_addr.
2026-03-11 00:54:54 [WW] ip_from_request: No valid IP address found in request. Using remote_addr.
2026-03-11 00:55:02 [WW] ip_from_request: No valid IP address found in request. Using remote_addr.
2026-03-11 02:21:33 [WW] ip_from_request: No valid IP address found in request. Using remote_addr.
2026-03-11 02:21:33 [EE] Forbidden (CSRF cookie not set.): /
2026-03-11 05:44:10 [WW] ip_from_request: No valid IP address found in request. Using remote_addr.
2026-03-11 05:44:10 [EE] Forbidden (CSRF cookie not set.): /
2026-03-11 08:36:03 [..] Logged out: Soma(account 4) 76.105.8.183 (0 sessions(s) remaining)
2026-03-11 09:03:31 [WW] ip_from_request: No valid IP address found in request. Using remote_addr.
2026-03-11 09:03:31 [EE] Forbidden (CSRF cookie not set.): /
2026-03-11 13:13:26 [WW] ip_from_request: No valid IP address found in request. Using remote_addr.
2026-03-11 13:13:26 [EE] Forbidden (CSRF cookie not set.): /
2026-03-11 14:11:07 [SS] Authentication Success: Mnemosyne(account 2) (IP: 24.43.130.218).
2026-03-11 14:11:07 [..] Logged out: Mnemosyne(account 2) 23.240.246.195 (1 sessions(s) remaining) (Logged in from elsewhere. Disconnecting.)
2026-03-11 14:11:07 [..] Logged in: Mnemosyne(account 2) 24.43.130.218 (1 session(s) total)
2026-03-11 14:11:07 [..] at_post_puppet called for Mnemosyne
2026-03-11 14:11:07 [..] About to call display_login_notifications for Mnemosyne
2026-03-11 14:11:07 [..] About to display login notifications for Mnemosyne
2026-03-11 14:11:07 [..] Finished display_login_notifications for Mnemosyne
2026-03-11 19:06:55 [WW] ip_from_request: No valid IP address found in request. Using remote_addr.
2026-03-11 19:06:55 [EE] Forbidden (CSRF cookie not set.): /
2026-03-12 01:14:12 [SS] Authentication Success: Mnemosyne(account 2) (IP: 23.240.246.195).
2026-03-12 01:14:12 [..] Logged out: Mnemosyne(account 2) 24.43.130.218 (1 sessions(s) remaining) (Logged in from elsewhere. Disconnecting.)
2026-03-12 01:14:12 [..] Logged in: Mnemosyne(account 2) 23.240.246.195 (1 session(s) total)
2026-03-12 01:14:12 [..] at_post_puppet called for Mnemosyne
2026-03-12 01:14:12 [..] About to call display_login_notifications for Mnemosyne
2026-03-12 01:14:12 [..] About to display login notifications for Mnemosyne
2026-03-12 01:14:12 [..] Finished display_login_notifications for Mnemosyne
2026-03-12 01:14:15 [SS] Puppet Success: (Caller: Mnemosyne(account 2), Target: Mnemosyne, IP: 23.240.246.195).
2026-03-12 04:06:57 [WW] ip_from_request: No valid IP address found in request. Using remote_addr.
2026-03-12 05:41:02 [!!] Traceback (most recent call last):
2026-03-12 05:41:02 [!!]   File "/opt/nightcity/venv/lib/python3.12/site-packages/evennia/commands/cmdhandler.py", line 629, in _run_command
2026-03-12 05:41:02 [!!]     ret = cmd.func()
2026-03-12 05:41:02 [!!]           ^^^^^^^^^^
2026-03-12 05:41:02 [!!]   File "/opt/nightcity/game/commands/building.py", line 122, in func
2026-03-12 05:41:02 [!!]     room_code = f"{code}{room_num:02d}"
2026-03-12 05:41:02 [!!]                         ^^^^^^^^^^^^^^
2026-03-12 05:41:02 [!!] ValueError: Unknown format code 'd' for object of type 'str'
2026-03-12 05:41:02 [EE] User input was: '+area/rooms wa
2026-03-12 05:41:02 [EE] '.
2026-03-12 07:10:28 [WW] ip_from_request: No valid IP address found in request. Using remote_addr.
2026-03-12 12:08:26 [WW] ip_from_request: No valid IP address found in request. Using remote_addr.
2026-03-12 17:10:41 [WW] ip_from_request: No valid IP address found in request. Using remote_addr.
2026-03-12 17:10:49 [WW] ip_from_request: No valid IP address found in request. Using remote_addr.
2026-03-12 17:10:49 [WW] ip_from_request: No valid IP address found in request. Using remote_addr.
2026-03-12 17:10:49 [EE] Internal Server Error: /characters/detail/19/19/
2026-03-12 17:10:49 [EE] Traceback (most recent call last):
2026-03-12 17:10:49 [EE]   File "/opt/nightcity/venv/lib/python3.12/site-packages/django/core/handlers/exception.py", line 55, in inner
2026-03-12 17:10:49 [EE]     response = get_response(request)
2026-03-12 17:10:49 [EE]                ^^^^^^^^^^^^^^^^^^^^^
2026-03-12 17:10:49 [EE]   File "/opt/nightcity/venv/lib/python3.12/site-packages/django/core/handlers/base.py", line 198, in _get_response
2026-03-12 17:10:49 [EE]     response = wrapped_callback(request, *callback_args, **callback_kwargs)
2026-03-12 17:10:49 [EE]                ^^^^^^^^^^^^^^^^^^^^^^^^^^^^^^^^^^^^^^^^^^^^^^^^^^^^^^^^^^^^
2026-03-12 17:10:49 [EE]   File "/opt/nightcity/venv/lib/python3.12/site-packages/django/views/generic/base.py", line 106, in view
2026-03-12 17:10:49 [EE]     return self.dispatch(request, *args, **kwargs)
2026-03-12 17:10:49 [EE]            ^^^^^^^^^^^^^^^^^^^^^^^^^^^^^^^^^^^^^^^
2026-03-12 17:10:49 [EE]   File "/opt/nightcity/venv/lib/python3.12/site-packages/django/views/generic/base.py", line 145, in dispatch
2026-03-12 17:10:49 [EE]     return handler(request, *args, **kwargs)
2026-03-12 17:10:49 [EE]            ^^^^^^^^^^^^^^^^^^^^^^^^^^^^^^^^^
2026-03-12 17:10:49 [EE]   File "/opt/nightcity/venv/lib/python3.12/site-packages/django/views/generic/detail.py", line 112, in get
2026-03-12 17:10:49 [EE]     self.object = self.get_object()
2026-03-12 17:10:49 [EE]                   ^^^^^^^^^^^^^^^^^
2026-03-12 17:10:49 [EE]   File "/opt/nightcity/venv/lib/python3.12/site-packages/evennia/web/website/views/objects.py", line 123, in get_object
2026-03-12 17:10:49 [EE]     raise HttpResponseBadRequest(
2026-03-12 17:10:49 [EE] TypeError: exceptions must derive from BaseException
2026-03-12 17:10:49 [WW] ip_from_request: No valid IP address found in request. Using remote_addr.
2026-03-12 17:10:53 [WW] ip_from_request: No valid IP address found in request. Using remote_addr.
2026-03-12 17:10:53 [WW] ip_from_request: No valid IP address found in request. Using remote_addr.
2026-03-12 17:11:01 [WW] ip_from_request: No valid IP address found in request. Using remote_addr.
2026-03-12 17:11:01 [EE] Forbidden (CSRF cookie not set.): /auth/login/
2026-03-12 17:11:05 [WW] ip_from_request: No valid IP address found in request. Using remote_addr.
2026-03-12 17:11:07 [WW] ip_from_request: No valid IP address found in request. Using remote_addr.
2026-03-12 17:11:07 [WW] ip_from_request: No valid IP address found in request. Using remote_addr.
2026-03-12 17:11:13 [WW] ip_from_request: No valid IP address found in request. Using remote_addr.
2026-03-12 17:11:13 [EE] Forbidden (CSRF cookie not set.): /auth/login/
2026-03-12 17:11:16 [WW] ip_from_request: No valid IP address found in request. Using remote_addr.
e-packages/django/views/generic/detail.py", line 112, in get
    self.object = self.get_object()
                  ^^^^^^^^^^^^^^^^^
  File "/opt/nightcity/venv/lib/python3.12/site-packages/evennia/web/website/views/objects.py", line 123, in get_object
    raise HttpResponseBadRequest(
TypeError: exceptions must derive from BaseException
2026-03-12 17:11:01,388 WARNING django.security.csrf Forbidden (CSRF cookie not set.): /auth/login/
2026-03-12 17:11:13,182 WARNING django.security.csrf Forbidden (CSRF cookie not set.): /auth/login/
